image_path,Oil_leakage_score,Corrosion_score,Rust_score,Paint_fading_score,Bushing_cracks_score,Broken_connectors_score,Insulator_contamination_score,Burnt_marks_/_overheating_score,Deformed_tank_/_bent_fins_score,Loose_or_unsafe_wiring_score,Dust_accumulation_score,Gasket_leakage_score,Damaged_or_bent_pole_structure_score,Overall_Health_Index
E:\anas\uni\semester 7\fyp\fyp work\transformer_health_index\data\raw\images\2621.jpg,1,1,1,1,1,1,1,1,1,6,1,1,1,18
E:\anas\uni\semester 7\fyp\fyp work\transformer_health_index\data\raw\images\1070.jpg,3,2,5,1,2,5,0,4,3,3,5,3,2,18
E:\anas\uni\semester 7\fyp\fyp work\transformer_health_index\data\raw\images\1423.jpg,3,0,5,3,0,1,1,1,1,3,4,1,1,16
E:\anas\uni\semester 7\fyp\fyp work\transformer_health_index\data\raw\images\3656.jpg,1,1,1,1,1,1,3,1,1,6,1,1,1,20
E:\anas\uni\semester 7\fyp\fyp work\transformer_health_index\data\raw\images\3237.jpg,3,1,1,1,1,1,6,1,1,6,1,1,1,25
E:\anas\uni\semester 7\fyp\fyp work\transformer_health_index\data\raw\images\267.jpg,1,1,3,3,3,5,3,1,3,1,1,1,6,28
E:\anas\uni\semester 7\fyp\fyp work\transformer_health_index\data\raw\images\4509.jpg,5,4,3,1,5,0,3,1,2,4,3,3,3,16
E:\anas\uni\semester 7\fyp\fyp work\transformer_health_index\data\raw\images\4382.jpg,0,1,0,2,1,2,1,5,0,1,2,4,2,21
E:\anas\uni\semester 7\fyp\fyp work\transformer_health_index\data\raw\images\115.jpg,6,3,3,3,3,3,3,3,3,4,2,6,6,48
E:\anas\uni\semester 7\fyp\fyp work\transformer_health_index\data\raw\images\994.jpg,2,3,3,2,4,3,0,3,0,2,1,4,2,13
E:\anas\uni\semester 7\fyp\fyp work\transformer_health_index\data\raw\images\64.jpg,4,1,1,1,3,3,3,1,1,4,2,4,1,29
E:\anas\uni\semester 7\fyp\fyp work\transformer_health_index\data\raw\images\4778.jpg,0,3,3,3,2,0,0,2,2,1,5,2,1,42
E:\anas\uni\semester 7\fyp\fyp work\transformer_health_index\data\raw\images\2805.jpg,3,1,1,6,6,1,6,1,1,6,1,1,1,35
E:\anas\uni\semester 7\fyp\fyp work\transformer_health_index\data\raw\images\4759.jpg,0,4,0,0,0,3,2,3,3,0,4,0,3,48
E:\anas\uni\semester 7\fyp\fyp work\transformer_health_index\data\raw\images\4832.jpg,3,3,2,4,5,2,0,3,4,5,5,4,5,16
E:\anas\uni\semester 7\fyp\fyp work\transformer_health_index\data\raw\images\3066.jpg,3,1,1,1,1,1,6,1,1,6,1,1,1,25
E:\anas\uni\semester 7\fyp\fyp work\transformer_health_index\data\raw\images\5014.jpg,2,3,4,5,3,3,5,5,3,5,3,0,1,29
E:\anas\uni\semester 7\fyp\fyp work\transformer_health_index\data\raw\images\1052.jpg,3,2,5,1,2,5,0,4,3,3,5,3,2,18
E:\anas\uni\semester 7\fyp\fyp work\transformer_health_index\data\raw\images\2799.jpg,3,1,1,6,6,1,6,1,1,6,1,1,1,35
E:\anas\uni\semester 7\fyp\fyp work\transformer_health_index\data\raw\images\2210.jpg,3,1,1,3,1,1,3,1,1,6,1,1,1,24
E:\anas\uni\semester 7\fyp\fyp work\transformer_health_index\data\raw\images\3108.jpg,3,1,1,1,1,1,6,1,1,6,1,1,1,25
E:\anas\uni\semester 7\fyp\fyp work\transformer_health_index\data\raw\images\4622.jpg,3,5,5,5,2,3,5,2,2,5,3,5,5,52
E:\anas\uni\semester 7\fyp\fyp work\transformer_health_index\data\raw\images\4260.jpg,4,4,3,0,3,5,5,3,3,3,1,2,3,17
E:\anas\uni\semester 7\fyp\fyp work\transformer_health_index\data\raw\images\3280.jpg,3,1,1,1,1,1,3,1,1,6,1,1,1,22
E:\anas\uni\semester 7\fyp\fyp work\transformer_health_index\data\raw\images\3711.jpg,1,3,3,3,3,5,3,1,3,1,1,1,6,30
E:\anas\uni\semester 7\fyp\fyp work\transformer_health_index\data\raw\images\4391.jpg,4,2,2,5,2,4,0,0,5,0,4,5,5,10
E:\anas\uni\semester 7\fyp\fyp work\transformer_health_index\data\raw\images\5092.jpg,2,5,1,5,5,5,0,4,3,1,1,1,1,36
E:\anas\uni\semester 7\fyp\fyp work\transformer_health_index\data\raw\images\5017.jpg,2,3,4,5,3,3,5,5,3,5,3,0,1,29
E:\anas\uni\semester 7\fyp\fyp work\transformer_health_index\data\raw\images\4829.jpg,0,4,2,0,2,3,4,5,4,3,5,0,4,14
E:\anas\uni\semester 7\fyp\fyp work\transformer_health_index\data\raw\images\4754.jpg,0,4,0,0,0,3,2,3,3,0,4,0,3,48
E:\anas\uni\semester 7\fyp\fyp work\transformer_health_index\data\raw\images\2873.jpg,3,1,1,6,6,1,6,1,1,6,1,1,1,35
E:\anas\uni\semester 7\fyp\fyp work\transformer_health_index\data\raw\images\1922.jpg,3,1,1,6,6,1,3,1,1,6,1,1,1,32
E:\anas\uni\semester 7\fyp\fyp work\transformer_health_index\data\raw\images\1007.jpg,2,3,3,2,4,3,0,3,0,2,1,4,2,13
E:\anas\uni\semester 7\fyp\fyp work\transformer_health_index\data\raw\images\1355.jpg,5,0,5,1,0,1,4,1,0,0,2,2,3,34
E:\anas\uni\semester 7\fyp\fyp work\transformer_health_index\data\raw\images\3045.jpg,3,1,1,3,1,1,6,1,1,6,1,1,1,27
E:\anas\uni\semester 7\fyp\fyp work\transformer_health_index\data\raw\images\906.jpg,1,1,1,4,2,3,2,2,4,0,4,1,5,29
E:\anas\uni\semester 7\fyp\fyp work\transformer_health_index\data\raw\images\4460.jpg,0,4,5,2,0,3,2,2,2,2,2,1,5,25
E:\anas\uni\semester 7\fyp\fyp work\transformer_health_index\data\raw\images\4322.jpg,4,4,0,3,1,3,4,1,0,2,4,2,0,45
E:\anas\uni\semester 7\fyp\fyp work\transformer_health_index\data\raw\images\4264.jpg,3,3,1,4,3,2,2,2,5,2,4,5,5,28
E:\anas\uni\semester 7\fyp\fyp work\transformer_health_index\data\raw\images\2532.jpg,3,1,1,1,1,1,3,1,1,6,1,1,1,22
E:\anas\uni\semester 7\fyp\fyp work\transformer_health_index\data\raw\images\17.jpg,1,1,3,3,3,5,3,1,3,3,2,6,6,28
E:\anas\uni\semester 7\fyp\fyp work\transformer_health_index\data\raw\images\4824.jpg,0,4,2,0,2,3,4,5,4,3,5,0,4,14
E:\anas\uni\semester 7\fyp\fyp work\transformer_health_index\data\raw\images\3959.jpg,4,1,2,1,2,5,3,3,4,5,1,4,0,48
E:\anas\uni\semester 7\fyp\fyp work\transformer_health_index\data\raw\images\3561.jpg,3,1,1,1,6,1,3,1,1,6,1,1,1,27
E:\anas\uni\semester 7\fyp\fyp work\transformer_health_index\data\raw\images\416.jpg,1,1,1,1,3,5,3,1,1,1,1,1,6,26
E:\anas\uni\semester 7\fyp\fyp work\transformer_health_index\data\raw\images\2798.jpg,3,1,1,6,6,1,6,1,1,6,1,1,1,35
E:\anas\uni\semester 7\fyp\fyp work\transformer_health_index\data\raw\images\2623.jpg,1,1,1,1,1,1,1,1,1,6,1,1,1,18
E:\anas\uni\semester 7\fyp\fyp work\transformer_health_index\data\raw\images\2408.jpg,1,1,1,1,1,1,1,1,1,1,1,1,1,13
E:\anas\uni\semester 7\fyp\fyp work\transformer_health_index\data\raw\images\4575.jpg,1,5,5,0,1,4,0,4,1,5,1,1,4,26
E:\anas\uni\semester 7\fyp\fyp work\transformer_health_index\data\raw\images\2113.jpg,3,1,1,6,1,1,3,1,1,6,1,1,1,27
E:\anas\uni\semester 7\fyp\fyp work\transformer_health_index\data\raw\images\4351.jpg,3,0,1,3,5,0,5,0,3,2,2,4,5,10
E:\anas\uni\semester 7\fyp\fyp work\transformer_health_index\data\raw\images\2220.jpg,3,1,1,3,1,1,3,1,1,6,1,1,1,24
E:\anas\uni\semester 7\fyp\fyp work\transformer_health_index\data\raw\images\4679.jpg,2,4,2,5,0,2,0,3,4,5,4,2,4,30
E:\anas\uni\semester 7\fyp\fyp work\transformer_health_index\data\raw\images\3662.jpg,1,1,1,1,1,1,3,1,1,6,1,1,1,20
E:\anas\uni\semester 7\fyp\fyp work\transformer_health_index\data\raw\images\1231.jpg,3,1,2,3,3,0,2,0,0,3,3,5,4,20
E:\anas\uni\semester 7\fyp\fyp work\transformer_health_index\data\raw\images\887.jpg,2,1,0,4,0,5,1,1,2,1,2,5,4,30
E:\anas\uni\semester 7\fyp\fyp work\transformer_health_index\data\raw\images\423.jpg,1,1,1,1,3,5,3,1,1,1,1,1,6,26
E:\anas\uni\semester 7\fyp\fyp work\transformer_health_index\data\raw\images\2630.jpg,3,1,1,6,6,1,3,1,1,6,1,1,1,32
E:\anas\uni\semester 7\fyp\fyp work\transformer_health_index\data\raw\images\3255.jpg,3,1,1,1,1,1,6,1,1,6,1,1,1,25
E:\anas\uni\semester 7\fyp\fyp work\transformer_health_index\data\raw\images\2639.jpg,3,1,1,6,6,1,3,1,1,6,1,1,1,32
E:\anas\uni\semester 7\fyp\fyp work\transformer_health_index\data\raw\images\177.jpg,4,1,1,1,3,3,3,1,1,4,2,4,6,35
E:\anas\uni\semester 7\fyp\fyp work\transformer_health_index\data\raw\images\1904.jpg,3,1,1,6,6,1,3,1,1,6,1,1,1,32
E:\anas\uni\semester 7\fyp\fyp work\transformer_health_index\data\raw\images\1745.jpg,1,1,1,1,1,1,1,1,1,1,1,1,1,13
E:\anas\uni\semester 7\fyp\fyp work\transformer_health_index\data\raw\images\1580.jpg,2,0,5,3,2,1,5,5,5,2,3,4,2,38
E:\anas\uni\semester 7\fyp\fyp work\transformer_health_index\data\raw\images\1684.jpg,3,3,3,6,1,1,3,1,1,6,1,1,1,31
E:\anas\uni\semester 7\fyp\fyp work\transformer_health_index\data\raw\images\4973.jpg,4,0,1,2,3,3,0,5,3,0,3,1,5,54
E:\anas\uni\semester 7\fyp\fyp work\transformer_health_index\data\raw\images\3041.jpg,3,1,1,3,1,1,6,1,1,6,1,1,1,27
E:\anas\uni\semester 7\fyp\fyp work\transformer_health_index\data\raw\images\4860.jpg,3,3,1,0,1,4,2,3,2,5,3,3,3,12
E:\anas\uni\semester 7\fyp\fyp work\transformer_health_index\data\raw\images\4887.jpg,5,3,5,1,5,3,1,3,0,1,1,0,1,46
E:\anas\uni\semester 7\fyp\fyp work\transformer_health_index\data\raw\images\350.jpg,1,1,3,3,3,5,3,1,3,1,1,1,6,28
E:\anas\uni\semester 7\fyp\fyp work\transformer_health_index\data\raw\images\2233.jpg,3,1,1,6,1,1,3,1,1,6,1,1,1,27
E:\anas\uni\semester 7\fyp\fyp work\transformer_health_index\data\raw\images\3623.jpg,3,1,1,1,1,1,3,1,1,6,1,1,1,22
E:\anas\uni\semester 7\fyp\fyp work\transformer_health_index\data\raw\images\804.jpg,4,0,5,4,2,5,0,0,5,3,3,3,5,53
E:\anas\uni\semester 7\fyp\fyp work\transformer_health_index\data\raw\images\3203.jpg,3,1,1,6,6,1,6,1,1,6,1,1,1,35
E:\anas\uni\semester 7\fyp\fyp work\transformer_health_index\data\raw\images\918.jpg,1,1,1,4,2,3,2,2,4,0,4,1,5,29
E:\anas\uni\semester 7\fyp\fyp work\transformer_health_index\data\raw\images\4871.jpg,3,3,1,0,1,4,2,3,2,5,3,3,3,12
E:\anas\uni\semester 7\fyp\fyp work\transformer_health_index\data\raw\images\4009.jpg,1,2,3,3,4,2,0,0,1,2,2,4,1,32
E:\anas\uni\semester 7\fyp\fyp work\transformer_health_index\data\raw\images\910.jpg,1,1,1,4,2,3,2,2,4,0,4,1,5,29
E:\anas\uni\semester 7\fyp\fyp work\transformer_health_index\data\raw\images\4579.jpg,4,4,5,0,1,1,1,0,5,0,5,2,1,22
E:\anas\uni\semester 7\fyp\fyp work\transformer_health_index\data\raw\images\1851.jpg,3,1,1,6,6,1,3,1,1,6,1,1,1,32
E:\anas\uni\semester 7\fyp\fyp work\transformer_health_index\data\raw\images\2556.jpg,3,1,1,6,6,1,3,1,1,6,1,1,1,32
E:\anas\uni\semester 7\fyp\fyp work\transformer_health_index\data\raw\images\1160.jpg,3,0,4,0,3,5,4,4,4,0,4,4,3,23
E:\anas\uni\semester 7\fyp\fyp work\transformer_health_index\data\raw\images\761.jpg,2,1,1,4,4,4,0,5,3,0,5,2,3,15
E:\anas\uni\semester 7\fyp\fyp work\transformer_health_index\data\raw\images\3158.jpg,3,1,1,1,1,1,6,1,1,6,1,1,1,25
E:\anas\uni\semester 7\fyp\fyp work\transformer_health_index\data\raw\images\1134.jpg,5,4,1,2,3,2,5,5,1,4,2,0,5,56
E:\anas\uni\semester 7\fyp\fyp work\transformer_health_index\data\raw\images\2320.jpg,3,3,3,1,6,1,1,1,1,6,1,1,1,29
E:\anas\uni\semester 7\fyp\fyp work\transformer_health_index\data\raw\images\2640.jpg,3,1,1,6,6,1,3,1,1,6,1,1,1,32
E:\anas\uni\semester 7\fyp\fyp work\transformer_health_index\data\raw\images\3006.jpg,3,1,1,3,1,1,6,1,1,6,1,1,1,27
E:\anas\uni\semester 7\fyp\fyp work\transformer_health_index\data\raw\images\3605.jpg,3,1,1,1,1,1,3,1,1,6,1,1,1,22
E:\anas\uni\semester 7\fyp\fyp work\transformer_health_index\data\raw\images\3404.jpg,3,1,1,1,1,1,6,1,1,6,1,1,1,25
E:\anas\uni\semester 7\fyp\fyp work\transformer_health_index\data\raw\images\1705.jpg,1,1,1,1,1,1,1,1,1,1,1,1,1,13
E:\anas\uni\semester 7\fyp\fyp work\transformer_health_index\data\raw\images\1577.jpg,2,0,5,3,2,1,5,5,5,2,3,4,2,38
E:\anas\uni\semester 7\fyp\fyp work\transformer_health_index\data\raw\images\2610.jpg,1,1,1,1,1,1,1,1,1,6,1,1,1,18
E:\anas\uni\semester 7\fyp\fyp work\transformer_health_index\data\raw\images\3733.jpg,1,3,3,3,3,5,3,1,3,1,1,1,6,30
E:\anas\uni\semester 7\fyp\fyp work\transformer_health_index\data\raw\images\3964.jpg,4,1,2,1,2,5,3,3,4,5,1,4,0,48
E:\anas\uni\semester 7\fyp\fyp work\transformer_health_index\data\raw\images\1028.jpg,3,4,3,2,3,4,3,2,2,2,0,4,2,29
E:\anas\uni\semester 7\fyp\fyp work\transformer_health_index\data\raw\images\3424.jpg,3,1,1,1,1,1,6,1,1,6,1,1,1,25
E:\anas\uni\semester 7\fyp\fyp work\transformer_health_index\data\raw\images\1291.jpg,0,4,0,2,3,3,0,3,5,2,5,3,1,32
E:\anas\uni\semester 7\fyp\fyp work\transformer_health_index\data\raw\images\2852.jpg,3,3,1,1,6,6,3,1,1,6,1,1,1,34
E:\anas\uni\semester 7\fyp\fyp work\transformer_health_index\data\raw\images\38.jpg,1,1,3,3,3,5,3,1,3,3,2,6,6,28
E:\anas\uni\semester 7\fyp\fyp work\transformer_health_index\data\raw\images\1562.jpg,0,3,4,2,5,2,0,3,4,3,0,4,2,38
E:\anas\uni\semester 7\fyp\fyp work\transformer_health_index\data\raw\images\3004.jpg,3,1,1,3,1,1,6,1,1,6,1,1,1,27
E:\anas\uni\semester 7\fyp\fyp work\transformer_health_index\data\raw\images\287.jpg,4,3,3,3,3,3,3,3,3,4,2,4,6,44
E:\anas\uni\semester 7\fyp\fyp work\transformer_health_index\data\raw\images\4466.jpg,0,4,5,2,0,3,2,2,2,2,2,1,5,25
E:\anas\uni\semester 7\fyp\fyp work\transformer_health_index\data\raw\images\802.jpg,4,0,5,4,2,5,0,0,5,3,3,3,5,53
E:\anas\uni\semester 7\fyp\fyp work\transformer_health_index\data\raw\images\3682.jpg,1,1,1,1,1,1,3,1,1,6,1,1,1,20
E:\anas\uni\semester 7\fyp\fyp work\transformer_health_index\data\raw\images\3675.jpg,1,1,1,1,1,1,3,1,1,6,1,1,1,20
E:\anas\uni\semester 7\fyp\fyp work\transformer_health_index\data\raw\images\4678.jpg,2,4,2,5,0,2,0,3,4,5,4,2,4,30
E:\anas\uni\semester 7\fyp\fyp work\transformer_health_index\data\raw\images\195.jpg,4,3,3,3,3,3,3,3,3,4,2,4,6,40
E:\anas\uni\semester 7\fyp\fyp work\transformer_health_index\data\raw\images\4067.jpg,5,5,2,2,2,4,2,5,3,1,4,4,2,35
E:\anas\uni\semester 7\fyp\fyp work\transformer_health_index\data\raw\images\3704.jpg,1,3,3,3,3,5,3,1,3,1,1,1,6,30
E:\anas\uni\semester 7\fyp\fyp work\transformer_health_index\data\raw\images\3366.jpg,3,1,1,1,1,1,6,1,1,6,1,1,1,25
E:\anas\uni\semester 7\fyp\fyp work\transformer_health_index\data\raw\images\3532.jpg,3,1,1,1,1,1,3,1,1,6,1,1,1,22
E:\anas\uni\semester 7\fyp\fyp work\transformer_health_index\data\raw\images\2981.jpg,1,1,1,1,1,1,1,1,1,6,1,1,1,18
E:\anas\uni\semester 7\fyp\fyp work\transformer_health_index\data\raw\images\4115.jpg,2,4,3,2,3,3,3,3,5,5,3,4,1,40
E:\anas\uni\semester 7\fyp\fyp work\transformer_health_index\data\raw\images\3239.jpg,3,1,1,1,1,1,6,1,1,6,1,1,1,25
E:\anas\uni\semester 7\fyp\fyp work\transformer_health_index\data\raw\images\4855.jpg,3,3,1,0,1,4,2,3,2,5,3,3,3,12
E:\anas\uni\semester 7\fyp\fyp work\transformer_health_index\data\raw\images\4628.jpg,3,5,5,5,2,3,5,2,2,5,3,5,5,52
E:\anas\uni\semester 7\fyp\fyp work\transformer_health_index\data\raw\images\3151.jpg,3,1,1,1,1,1,6,1,1,6,1,1,1,25
E:\anas\uni\semester 7\fyp\fyp work\transformer_health_index\data\raw\images\4502.jpg,5,4,3,1,5,0,3,1,2,4,3,3,3,16
E:\anas\uni\semester 7\fyp\fyp work\transformer_health_index\data\raw\images\4255.jpg,4,4,3,0,3,5,5,3,3,3,1,2,3,17
E:\anas\uni\semester 7\fyp\fyp work\transformer_health_index\data\raw\images\3335.jpg,3,1,1,1,1,1,6,1,1,6,1,1,1,25
E:\anas\uni\semester 7\fyp\fyp work\transformer_health_index\data\raw\images\2922.jpg,3,3,3,1,6,1,3,1,1,6,1,1,1,31
E:\anas\uni\semester 7\fyp\fyp work\transformer_health_index\data\raw\images\1840.jpg,3,1,1,1,1,1,5,1,1,1,1,1,1,19
E:\anas\uni\semester 7\fyp\fyp work\transformer_health_index\data\raw\images\3980.jpg,5,4,4,4,5,5,1,2,2,2,5,1,2,55
E:\anas\uni\semester 7\fyp\fyp work\transformer_health_index\data\raw\images\2116.jpg,3,1,1,6,1,1,3,1,1,6,1,1,1,27
E:\anas\uni\semester 7\fyp\fyp work\transformer_health_index\data\raw\images\1156.jpg,3,0,4,0,3,5,4,4,4,0,4,4,3,23
E:\anas\uni\semester 7\fyp\fyp work\transformer_health_index\data\raw\images\3325.jpg,3,1,1,1,1,1,6,1,1,6,1,1,1,25
E:\anas\uni\semester 7\fyp\fyp work\transformer_health_index\data\raw\images\377.jpg,1,1,3,3,3,5,3,1,3,1,1,1,6,33
E:\anas\uni\semester 7\fyp\fyp work\transformer_health_index\data\raw\images\293.jpg,4,3,3,3,3,3,3,3,3,4,2,4,6,44
E:\anas\uni\semester 7\fyp\fyp work\transformer_health_index\data\raw\images\2030.jpg,3,1,1,6,1,1,6,1,1,6,1,1,1,30
E:\anas\uni\semester 7\fyp\fyp work\transformer_health_index\data\raw\images\3315.jpg,3,1,1,1,1,1,6,1,1,6,1,1,1,25
E:\anas\uni\semester 7\fyp\fyp work\transformer_health_index\data\raw\images\3092.jpg,3,1,1,1,1,1,6,1,1,6,1,1,1,25
E:\anas\uni\semester 7\fyp\fyp work\transformer_health_index\data\raw\images\150.jpg,4,1,1,1,3,3,3,1,1,4,2,4,6,35
E:\anas\uni\semester 7\fyp\fyp work\transformer_health_index\data\raw\images\1606.jpg,1,1,1,1,1,1,1,1,1,1,1,1,1,13
E:\anas\uni\semester 7\fyp\fyp work\transformer_health_index\data\raw\images\3520.jpg,3,1,1,1,1,1,3,1,1,6,1,1,1,22
E:\anas\uni\semester 7\fyp\fyp work\transformer_health_index\data\raw\images\1884.jpg,3,1,1,6,6,1,3,1,1,6,1,1,1,32
E:\anas\uni\semester 7\fyp\fyp work\transformer_health_index\data\raw\images\920.jpg,1,1,1,4,2,3,2,2,4,0,4,1,5,29
E:\anas\uni\semester 7\fyp\fyp work\transformer_health_index\data\raw\images\3540.jpg,3,1,1,1,1,1,3,1,1,6,1,1,1,22
E:\anas\uni\semester 7\fyp\fyp work\transformer_health_index\data\raw\images\2743.jpg,3,1,1,6,6,1,6,1,1,6,1,1,1,35
E:\anas\uni\semester 7\fyp\fyp work\transformer_health_index\data\raw\images\3200.jpg,3,1,1,6,6,1,6,1,1,6,1,1,1,35
E:\anas\uni\semester 7\fyp\fyp work\transformer_health_index\data\raw\images\2604.jpg,3,1,1,6,1,1,3,1,1,6,1,1,1,27
E:\anas\uni\semester 7\fyp\fyp work\transformer_health_index\data\raw\images\888.jpg,2,1,0,4,0,5,1,1,2,1,2,5,4,30
E:\anas\uni\semester 7\fyp\fyp work\transformer_health_index\data\raw\images\3681.jpg,1,1,1,1,1,1,3,1,1,6,1,1,1,20
E:\anas\uni\semester 7\fyp\fyp work\transformer_health_index\data\raw\images\4704.jpg,2,2,3,1,4,0,4,0,1,0,1,3,3,43
E:\anas\uni\semester 7\fyp\fyp work\transformer_health_index\data\raw\images\1096.jpg,3,3,5,0,4,2,0,4,0,1,4,1,1,15
E:\anas\uni\semester 7\fyp\fyp work\transformer_health_index\data\raw\images\3934.jpg,1,2,3,5,1,5,1,2,1,0,1,3,1,58
E:\anas\uni\semester 7\fyp\fyp work\transformer_health_index\data\raw\images\2582.jpg,1,1,1,1,1,1,1,1,1,6,1,1,1,18
E:\anas\uni\semester 7\fyp\fyp work\transformer_health_index\data\raw\images\929.jpg,3,2,5,2,0,4,1,5,0,3,1,0,3,14
E:\anas\uni\semester 7\fyp\fyp work\transformer_health_index\data\raw\images\2003.jpg,3,1,1,6,1,1,3,1,1,6,1,1,1,27
E:\anas\uni\semester 7\fyp\fyp work\transformer_health_index\data\raw\images\11.jpg,1,1,3,3,3,5,3,1,3,3,2,6,6,28
E:\anas\uni\semester 7\fyp\fyp work\transformer_health_index\data\raw\images\4442.jpg,1,0,4,1,1,1,4,1,2,0,2,2,0,21
E:\anas\uni\semester 7\fyp\fyp work\transformer_health_index\data\raw\images\1629.jpg,3,3,3,6,1,1,3,1,1,6,1,1,1,31
E:\anas\uni\semester 7\fyp\fyp work\transformer_health_index\data\raw\images\4534.jpg,0,4,1,1,0,4,4,4,5,2,3,4,4,34
E:\anas\uni\semester 7\fyp\fyp work\transformer_health_index\data\raw\images\2449.jpg,3,3,3,1,6,1,3,1,1,6,1,1,1,31
E:\anas\uni\semester 7\fyp\fyp work\transformer_health_index\data\raw\images\5029.jpg,5,3,2,5,3,4,0,2,2,3,3,2,1,17
E:\anas\uni\semester 7\fyp\fyp work\transformer_health_index\data\raw\images\3182.jpg,3,1,1,1,1,1,6,1,1,6,1,1,1,25
E:\anas\uni\semester 7\fyp\fyp work\transformer_health_index\data\raw\images\4239.jpg,5,3,2,2,3,1,4,1,5,0,3,5,5,33
E:\anas\uni\semester 7\fyp\fyp work\transformer_health_index\data\raw\images\3821.jpg,1,3,3,3,3,5,3,1,3,1,1,1,6,30
E:\anas\uni\semester 7\fyp\fyp work\transformer_health_index\data\raw\images\209.jpg,4,3,3,3,3,3,3,3,3,4,2,4,6,40
E:\anas\uni\semester 7\fyp\fyp work\transformer_health_index\data\raw\images\1662.jpg,3,3,3,6,1,1,3,1,1,6,1,1,1,31
E:\anas\uni\semester 7\fyp\fyp work\transformer_health_index\data\raw\images\1301.jpg,0,4,0,2,3,3,0,3,5,2,5,3,1,32
E:\anas\uni\semester 7\fyp\fyp work\transformer_health_index\data\raw\images\4522.jpg,0,4,1,1,0,4,4,4,5,2,3,4,4,34
E:\anas\uni\semester 7\fyp\fyp work\transformer_health_index\data\raw\images\4403.jpg,4,2,2,5,2,4,0,0,5,0,4,5,5,10
E:\anas\uni\semester 7\fyp\fyp work\transformer_health_index\data\raw\images\870.jpg,5,5,5,3,5,2,5,5,4,2,2,1,5,16
E:\anas\uni\semester 7\fyp\fyp work\transformer_health_index\data\raw\images\2838.jpg,3,3,1,1,6,6,3,1,1,6,1,1,1,34
E:\anas\uni\semester 7\fyp\fyp work\transformer_health_index\data\raw\images\4285.jpg,5,4,2,2,2,5,3,3,0,3,5,4,5,16
E:\anas\uni\semester 7\fyp\fyp work\transformer_health_index\data\raw\images\4257.jpg,4,4,3,0,3,5,5,3,3,3,1,2,3,17
E:\anas\uni\semester 7\fyp\fyp work\transformer_health_index\data\raw\images\36.jpg,1,1,3,3,3,5,3,1,3,3,2,6,6,28
E:\anas\uni\semester 7\fyp\fyp work\transformer_health_index\data\raw\images\4570.jpg,1,5,5,0,1,4,0,4,1,5,1,1,4,26
E:\anas\uni\semester 7\fyp\fyp work\transformer_health_index\data\raw\images\520.jpg,1,2,3,3,3,3,3,1,3,1,1,1,6,32
E:\anas\uni\semester 7\fyp\fyp work\transformer_health_index\data\raw\images\3055.jpg,3,1,1,1,1,1,6,1,1,6,1,1,1,25
E:\anas\uni\semester 7\fyp\fyp work\transformer_health_index\data\raw\images\2626.jpg,3,1,1,6,6,1,3,1,1,6,1,1,1,32
E:\anas\uni\semester 7\fyp\fyp work\transformer_health_index\data\raw\images\3130.jpg,3,1,1,1,1,1,6,1,1,6,1,1,1,25
E:\anas\uni\semester 7\fyp\fyp work\transformer_health_index\data\raw\images\3853.jpg,1,3,3,3,3,5,3,1,3,1,1,1,6,30
E:\anas\uni\semester 7\fyp\fyp work\transformer_health_index\data\raw\images\182.jpg,4,1,1,1,3,3,3,1,1,4,2,4,6,35
E:\anas\uni\semester 7\fyp\fyp work\transformer_health_index\data\raw\images\3864.jpg,1,3,3,3,3,5,3,1,3,1,1,1,6,30
E:\anas\uni\semester 7\fyp\fyp work\transformer_health_index\data\raw\images\4182.jpg,3,1,0,0,3,2,3,0,4,4,3,2,3,24
E:\anas\uni\semester 7\fyp\fyp work\transformer_health_index\data\raw\images\3290.jpg,3,1,1,1,1,1,3,1,1,6,1,1,1,22
E:\anas\uni\semester 7\fyp\fyp work\transformer_health_index\data\raw\images\3827.jpg,1,3,3,3,3,5,3,1,3,1,1,1,6,30
E:\anas\uni\semester 7\fyp\fyp work\transformer_health_index\data\raw\images\3426.jpg,3,1,1,1,1,1,6,1,1,6,1,1,1,25
E:\anas\uni\semester 7\fyp\fyp work\transformer_health_index\data\raw\images\2345.jpg,3,3,3,1,6,1,1,1,1,6,1,1,1,29
E:\anas\uni\semester 7\fyp\fyp work\transformer_health_index\data\raw\images\3355.jpg,3,1,1,1,1,1,6,1,1,6,1,1,1,25
E:\anas\uni\semester 7\fyp\fyp work\transformer_health_index\data\raw\images\2894.jpg,3,1,1,6,6,1,6,1,1,6,1,1,1,35
E:\anas\uni\semester 7\fyp\fyp work\transformer_health_index\data\raw\images\238.jpg,6,3,3,3,3,5,3,3,3,4,2,6,6,46
E:\anas\uni\semester 7\fyp\fyp work\transformer_health_index\data\raw\images\1469.jpg,1,0,3,3,2,4,5,1,0,0,1,5,0,49
E:\anas\uni\semester 7\fyp\fyp work\transformer_health_index\data\raw\images\113.jpg,6,3,3,3,3,3,3,3,3,4,2,6,6,48
E:\anas\uni\semester 7\fyp\fyp work\transformer_health_index\data\raw\images\2013.jpg,3,1,1,6,1,1,3,1,1,6,1,1,1,27
E:\anas\uni\semester 7\fyp\fyp work\transformer_health_index\data\raw\images\3582.jpg,3,1,1,1,1,1,3,1,1,6,1,1,1,22
E:\anas\uni\semester 7\fyp\fyp work\transformer_health_index\data\raw\images\3369.jpg,3,1,1,1,1,1,6,1,1,6,1,1,1,25
E:\anas\uni\semester 7\fyp\fyp work\transformer_health_index\data\raw\images\465.jpg,1,3,3,3,3,5,3,1,3,1,1,1,6,35
E:\anas\uni\semester 7\fyp\fyp work\transformer_health_index\data\raw\images\988.jpg,2,3,3,2,4,3,0,3,0,2,1,4,2,13
E:\anas\uni\semester 7\fyp\fyp work\transformer_health_index\data\raw\images\1653.jpg,3,3,3,6,1,1,3,1,1,6,1,1,1,31
E:\anas\uni\semester 7\fyp\fyp work\transformer_health_index\data\raw\images\4686.jpg,2,2,3,1,4,0,4,0,1,0,1,3,3,43
E:\anas\uni\semester 7\fyp\fyp work\transformer_health_index\data\raw\images\2919.jpg,3,3,1,6,6,1,3,1,1,6,1,1,1,34
E:\anas\uni\semester 7\fyp\fyp work\transformer_health_index\data\raw\images\834.jpg,0,5,1,3,0,0,5,1,1,0,0,1,2,28
E:\anas\uni\semester 7\fyp\fyp work\transformer_health_index\data\raw\images\1698.jpg,3,3,3,6,1,1,3,1,1,6,1,1,1,31
E:\anas\uni\semester 7\fyp\fyp work\transformer_health_index\data\raw\images\3784.jpg,1,2,1,1,3,3,3,1,1,1,1,1,3,22
E:\anas\uni\semester 7\fyp\fyp work\transformer_health_index\data\raw\images\2391.jpg,3,3,3,6,6,1,6,1,1,6,1,1,1,39
E:\anas\uni\semester 7\fyp\fyp work\transformer_health_index\data\raw\images\3229.jpg,3,1,1,1,1,1,6,1,1,6,1,1,1,25
E:\anas\uni\semester 7\fyp\fyp work\transformer_health_index\data\raw\images\394.jpg,1,1,1,1,3,5,3,1,1,1,1,1,6,26
E:\anas\uni\semester 7\fyp\fyp work\transformer_health_index\data\raw\images\2875.jpg,3,1,1,6,6,1,6,1,1,6,1,1,1,35
E:\anas\uni\semester 7\fyp\fyp work\transformer_health_index\data\raw\images\790.jpg,2,0,5,1,1,3,5,0,4,4,3,2,1,47
E:\anas\uni\semester 7\fyp\fyp work\transformer_health_index\data\raw\images\826.jpg,0,5,1,3,0,0,5,1,1,0,0,1,2,28
E:\anas\uni\semester 7\fyp\fyp work\transformer_health_index\data\raw\images\639.jpg,1,2,1,1,3,3,3,1,1,1,1,1,3,22
E:\anas\uni\semester 7\fyp\fyp work\transformer_health_index\data\raw\images\3809.jpg,1,3,3,3,3,5,3,1,3,1,1,1,6,30
E:\anas\uni\semester 7\fyp\fyp work\transformer_health_index\data\raw\images\3327.jpg,3,1,1,1,1,1,6,1,1,6,1,1,1,25
E:\anas\uni\semester 7\fyp\fyp work\transformer_health_index\data\raw\images\2402.jpg,1,1,1,1,1,1,1,1,1,1,1,1,1,13
E:\anas\uni\semester 7\fyp\fyp work\transformer_health_index\data\raw\images\4702.jpg,2,2,3,1,4,0,4,0,1,0,1,3,3,43
E:\anas\uni\semester 7\fyp\fyp work\transformer_health_index\data\raw\images\1130.jpg,5,4,1,2,3,2,5,5,1,4,2,0,5,56
E:\anas\uni\semester 7\fyp\fyp work\transformer_health_index\data\raw\images\1411.jpg,3,0,5,3,0,1,1,1,1,3,4,1,1,16
E:\anas\uni\semester 7\fyp\fyp work\transformer_health_index\data\raw\images\1206.jpg,0,2,0,5,0,1,4,3,0,3,0,5,5,60
E:\anas\uni\semester 7\fyp\fyp work\transformer_health_index\data\raw\images\4408.jpg,4,2,2,5,2,4,0,0,5,0,4,5,5,10
E:\anas\uni\semester 7\fyp\fyp work\transformer_health_index\data\raw\images\2212.jpg,3,1,1,3,1,1,3,1,1,6,1,1,1,24
E:\anas\uni\semester 7\fyp\fyp work\transformer_health_index\data\raw\images\2153.jpg,3,1,1,6,1,1,3,1,1,6,1,1,1,27
E:\anas\uni\semester 7\fyp\fyp work\transformer_health_index\data\raw\images\652.jpg,1,2,1,1,3,5,3,1,1,1,1,1,6,27
E:\anas\uni\semester 7\fyp\fyp work\transformer_health_index\data\raw\images\902.jpg,2,1,0,4,0,5,1,1,2,1,2,5,4,30
E:\anas\uni\semester 7\fyp\fyp work\transformer_health_index\data\raw\images\1216.jpg,0,2,0,5,0,1,4,3,0,3,0,5,5,60
E:\anas\uni\semester 7\fyp\fyp work\transformer_health_index\data\raw\images\923.jpg,1,1,1,4,2,3,2,2,4,0,4,1,5,29
E:\anas\uni\semester 7\fyp\fyp work\transformer_health_index\data\raw\images\3949.jpg,4,1,2,1,2,5,3,3,4,5,1,4,0,48
E:\anas\uni\semester 7\fyp\fyp work\transformer_health_index\data\raw\images\5118.jpg,3,1,1,0,5,1,4,3,2,5,0,0,0,46
E:\anas\uni\semester 7\fyp\fyp work\transformer_health_index\data\raw\images\1494.jpg,3,0,3,2,4,1,0,4,5,5,1,1,3,55
E:\anas\uni\semester 7\fyp\fyp work\transformer_health_index\data\raw\images\5136.jpg,4,0,4,3,3,2,3,5,0,3,3,4,4,57
E:\anas\uni\semester 7\fyp\fyp work\transformer_health_index\data\raw\images\964.jpg,0,2,3,0,2,0,5,4,2,0,3,3,1,52
E:\anas\uni\semester 7\fyp\fyp work\transformer_health_index\data\raw\images\2757.jpg,3,1,1,6,6,1,6,1,1,6,1,1,1,35
E:\anas\uni\semester 7\fyp\fyp work\transformer_health_index\data\raw\images\118.jpg,6,3,3,3,3,3,3,3,3,4,2,6,6,48
E:\anas\uni\semester 7\fyp\fyp work\transformer_health_index\data\raw\images\3126.jpg,3,1,1,1,1,1,6,1,1,6,1,1,1,25
E:\anas\uni\semester 7\fyp\fyp work\transformer_health_index\data\raw\images\4028.jpg,3,3,2,2,2,3,1,2,3,4,2,0,4,57
E:\anas\uni\semester 7\fyp\fyp work\transformer_health_index\data\raw\images\4531.jpg,0,4,1,1,0,4,4,4,5,2,3,4,4,34
E:\anas\uni\semester 7\fyp\fyp work\transformer_health_index\data\raw\images\1465.jpg,1,0,3,3,2,4,5,1,0,0,1,5,0,49
E:\anas\uni\semester 7\fyp\fyp work\transformer_health_index\data\raw\images\3405.jpg,3,1,1,1,1,1,6,1,1,6,1,1,1,25
E:\anas\uni\semester 7\fyp\fyp work\transformer_health_index\data\raw\images\4084.jpg,2,0,1,5,4,1,5,2,0,5,4,4,5,54
E:\anas\uni\semester 7\fyp\fyp work\transformer_health_index\data\raw\images\3365.jpg,3,1,1,1,1,1,6,1,1,6,1,1,1,25
E:\anas\uni\semester 7\fyp\fyp work\transformer_health_index\data\raw\images\2613.jpg,1,1,1,1,1,1,1,1,1,6,1,1,1,18
E:\anas\uni\semester 7\fyp\fyp work\transformer_health_index\data\raw\images\1116.jpg,5,4,1,2,3,2,5,5,1,4,2,0,5,56
E:\anas\uni\semester 7\fyp\fyp work\transformer_health_index\data\raw\images\2548.jpg,3,1,1,6,6,1,3,1,1,6,1,1,1,32
E:\anas\uni\semester 7\fyp\fyp work\transformer_health_index\data\raw\images\617.jpg,1,2,1,1,3,3,3,1,1,1,1,1,3,22
E:\anas\uni\semester 7\fyp\fyp work\transformer_health_index\data\raw\images\1026.jpg,3,4,3,2,3,4,3,2,2,2,0,4,2,29
E:\anas\uni\semester 7\fyp\fyp work\transformer_health_index\data\raw\images\1850.jpg,3,1,1,6,6,1,3,1,1,6,1,1,1,32
E:\anas\uni\semester 7\fyp\fyp work\transformer_health_index\data\raw\images\2044.jpg,3,1,1,6,1,1,3,1,1,6,1,1,1,27
E:\anas\uni\semester 7\fyp\fyp work\transformer_health_index\data\raw\images\2729.jpg,3,1,1,6,6,1,6,1,1,6,1,1,1,35
E:\anas\uni\semester 7\fyp\fyp work\transformer_health_index\data\raw\images\4112.jpg,2,4,3,2,3,3,3,3,5,5,3,4,1,40
E:\anas\uni\semester 7\fyp\fyp work\transformer_health_index\data\raw\images\1992.jpg,3,1,1,6,1,1,6,1,1,6,1,1,1,30
E:\anas\uni\semester 7\fyp\fyp work\transformer_health_index\data\raw\images\4219.jpg,0,4,5,3,2,3,4,1,0,4,5,3,0,53
E:\anas\uni\semester 7\fyp\fyp work\transformer_health_index\data\raw\images\2352.jpg,3,3,3,1,6,1,1,1,1,6,1,1,1,29
E:\anas\uni\semester 7\fyp\fyp work\transformer_health_index\data\raw\images\5033.jpg,5,3,2,5,3,4,0,2,2,3,3,2,1,17
E:\anas\uni\semester 7\fyp\fyp work\transformer_health_index\data\raw\images\2439.jpg,3,3,3,1,6,1,3,1,1,6,1,1,1,31
E:\anas\uni\semester 7\fyp\fyp work\transformer_health_index\data\raw\images\1825.jpg,1,1,1,1,1,1,1,1,1,1,1,1,1,13
E:\anas\uni\semester 7\fyp\fyp work\transformer_health_index\data\raw\images\420.jpg,1,1,1,1,3,5,3,1,1,1,1,1,6,26
E:\anas\uni\semester 7\fyp\fyp work\transformer_health_index\data\raw\images\3523.jpg,3,1,1,1,1,1,3,1,1,6,1,1,1,22
E:\anas\uni\semester 7\fyp\fyp work\transformer_health_index\data\raw\images\2353.jpg,3,3,3,6,6,1,6,1,1,6,1,1,1,39
E:\anas\uni\semester 7\fyp\fyp work\transformer_health_index\data\raw\images\244.jpg,6,3,3,3,3,5,3,3,3,4,2,6,6,46
E:\anas\uni\semester 7\fyp\fyp work\transformer_health_index\data\raw\images\353.jpg,1,1,3,3,3,5,3,1,3,1,1,1,6,28
E:\anas\uni\semester 7\fyp\fyp work\transformer_health_index\data\raw\images\2169.jpg,3,3,1,3,6,1,3,1,1,6,1,1,1,31
E:\anas\uni\semester 7\fyp\fyp work\transformer_health_index\data\raw\images\37.jpg,1,1,3,3,3,5,3,1,3,3,2,6,6,28
E:\anas\uni\semester 7\fyp\fyp work\transformer_health_index\data\raw\images\2137.jpg,3,1,1,6,1,1,3,1,1,6,1,1,1,27
E:\anas\uni\semester 7\fyp\fyp work\transformer_health_index\data\raw\images\1792.jpg,1,1,1,1,1,1,1,1,1,1,1,1,1,13
E:\anas\uni\semester 7\fyp\fyp work\transformer_health_index\data\raw\images\4164.jpg,3,0,0,5,2,0,4,1,2,4,5,2,1,34
E:\anas\uni\semester 7\fyp\fyp work\transformer_health_index\data\raw\images\1596.jpg,2,0,5,3,2,1,5,5,5,2,3,4,2,38
E:\anas\uni\semester 7\fyp\fyp work\transformer_health_index\data\raw\images\889.jpg,2,1,0,4,0,5,1,1,2,1,2,5,4,30
E:\anas\uni\semester 7\fyp\fyp work\transformer_health_index\data\raw\images\5183.jpg,3,0,3,2,0,5,2,3,0,0,2,2,1,42
E:\anas\uni\semester 7\fyp\fyp work\transformer_health_index\data\raw\images\342.jpg,1,1,3,3,3,5,3,1,3,1,1,1,6,28
E:\anas\uni\semester 7\fyp\fyp work\transformer_health_index\data\raw\images\1416.jpg,3,0,5,3,0,1,1,1,1,3,4,1,1,16
E:\anas\uni\semester 7\fyp\fyp work\transformer_health_index\data\raw\images\1281.jpg,4,0,5,2,3,3,0,4,4,3,4,2,3,45
E:\anas\uni\semester 7\fyp\fyp work\transformer_health_index\data\raw\images\3808.jpg,1,3,3,3,3,5,3,1,3,1,1,1,6,30
E:\anas\uni\semester 7\fyp\fyp work\transformer_health_index\data\raw\images\2324.jpg,3,3,3,1,6,1,1,1,1,6,1,1,1,29
E:\anas\uni\semester 7\fyp\fyp work\transformer_health_index\data\raw\images\1428.jpg,3,0,5,3,0,1,1,1,1,3,4,1,1,16
E:\anas\uni\semester 7\fyp\fyp work\transformer_health_index\data\raw\images\3332.jpg,3,1,1,1,1,1,6,1,1,6,1,1,1,25
E:\anas\uni\semester 7\fyp\fyp work\transformer_health_index\data\raw\images\4507.jpg,5,4,3,1,5,0,3,1,2,4,3,3,3,16
E:\anas\uni\semester 7\fyp\fyp work\transformer_health_index\data\raw\images\2422.jpg,3,1,1,6,1,1,3,1,1,6,1,1,1,27
E:\anas\uni\semester 7\fyp\fyp work\transformer_health_index\data\raw\images\1737.jpg,1,1,1,1,1,1,1,1,1,1,1,1,1,13
E:\anas\uni\semester 7\fyp\fyp work\transformer_health_index\data\raw\images\1841.jpg,3,1,1,1,1,1,5,1,1,1,1,1,1,19
E:\anas\uni\semester 7\fyp\fyp work\transformer_health_index\data\raw\images\2272.jpg,3,3,3,1,6,1,1,1,1,6,1,1,1,29
E:\anas\uni\semester 7\fyp\fyp work\transformer_health_index\data\raw\images\1247.jpg,5,3,4,2,3,2,5,1,0,2,4,2,2,46
E:\anas\uni\semester 7\fyp\fyp work\transformer_health_index\data\raw\images\4026.jpg,3,3,2,2,2,3,1,2,3,4,2,0,4,57
E:\anas\uni\semester 7\fyp\fyp work\transformer_health_index\data\raw\images\311.jpg,4,3,3,3,3,3,3,3,3,4,2,4,6,44
E:\anas\uni\semester 7\fyp\fyp work\transformer_health_index\data\raw\images\1454.jpg,1,0,3,3,2,4,5,1,0,0,1,5,0,49
E:\anas\uni\semester 7\fyp\fyp work\transformer_health_index\data\raw\images\1088.jpg,0,3,0,2,1,0,3,5,4,5,1,2,1,24
E:\anas\uni\semester 7\fyp\fyp work\transformer_health_index\data\raw\images\1628.jpg,3,3,3,6,1,1,3,1,1,6,1,1,1,31
E:\anas\uni\semester 7\fyp\fyp work\transformer_health_index\data\raw\images\4175.jpg,3,0,0,5,2,0,4,1,2,4,5,2,1,34
E:\anas\uni\semester 7\fyp\fyp work\transformer_health_index\data\raw\images\77.jpg,4,1,1,1,3,3,3,1,1,4,2,4,1,29
E:\anas\uni\semester 7\fyp\fyp work\transformer_health_index\data\raw\images\556.jpg,1,1,1,1,3,5,3,1,1,1,1,1,6,26
E:\anas\uni\semester 7\fyp\fyp work\transformer_health_index\data\raw\images\2569.jpg,1,1,1,1,1,1,1,1,1,6,1,1,1,18
E:\anas\uni\semester 7\fyp\fyp work\transformer_health_index\data\raw\images\698.jpg,1,2,3,3,3,5,3,1,3,1,1,1,6,33
E:\anas\uni\semester 7\fyp\fyp work\transformer_health_index\data\raw\images\1634.jpg,3,3,3,6,1,1,3,1,1,6,1,1,1,31
E:\anas\uni\semester 7\fyp\fyp work\transformer_health_index\data\raw\images\3256.jpg,3,1,1,6,1,1,6,1,1,6,1,1,1,30
E:\anas\uni\semester 7\fyp\fyp work\transformer_health_index\data\raw\images\3696.jpg,1,1,1,1,1,1,3,1,1,6,1,1,1,20
E:\anas\uni\semester 7\fyp\fyp work\transformer_health_index\data\raw\images\3021.jpg,3,1,1,3,1,1,6,1,1,6,1,1,1,27
E:\anas\uni\semester 7\fyp\fyp work\transformer_health_index\data\raw\images\2065.jpg,3,1,1,6,1,1,6,1,1,6,1,1,1,30
E:\anas\uni\semester 7\fyp\fyp work\transformer_health_index\data\raw\images\4840.jpg,3,3,2,4,5,2,0,3,4,5,5,4,5,16
E:\anas\uni\semester 7\fyp\fyp work\transformer_health_index\data\raw\images\3377.jpg,3,1,1,1,1,1,6,1,1,6,1,1,1,25
E:\anas\uni\semester 7\fyp\fyp work\transformer_health_index\data\raw\images\1893.jpg,3,1,1,6,6,1,3,1,1,6,1,1,1,32
E:\anas\uni\semester 7\fyp\fyp work\transformer_health_index\data\raw\images\4995.jpg,4,3,1,4,5,3,2,5,0,5,1,5,5,33
E:\anas\uni\semester 7\fyp\fyp work\transformer_health_index\data\raw\images\410.jpg,1,1,1,1,3,5,3,1,1,1,1,1,6,26
E:\anas\uni\semester 7\fyp\fyp work\transformer_health_index\data\raw\images\2754.jpg,3,1,1,6,6,1,6,1,1,6,1,1,1,35
E:\anas\uni\semester 7\fyp\fyp work\transformer_health_index\data\raw\images\1728.jpg,1,1,1,1,1,1,1,1,1,1,1,1,1,13
E:\anas\uni\semester 7\fyp\fyp work\transformer_health_index\data\raw\images\2566.jpg,1,1,1,1,1,1,1,1,1,6,1,1,1,18
E:\anas\uni\semester 7\fyp\fyp work\transformer_health_index\data\raw\images\2952.jpg,3,3,3,1,6,1,3,1,1,6,1,1,1,31
E:\anas\uni\semester 7\fyp\fyp work\transformer_health_index\data\raw\images\2159.jpg,3,1,1,6,1,1,3,1,1,6,1,1,1,27
E:\anas\uni\semester 7\fyp\fyp work\transformer_health_index\data\raw\images\2380.jpg,3,3,3,6,6,1,6,1,1,6,1,1,1,39
E:\anas\uni\semester 7\fyp\fyp work\transformer_health_index\data\raw\images\4019.jpg,3,3,2,2,2,3,1,2,3,4,2,0,4,57
E:\anas\uni\semester 7\fyp\fyp work\transformer_health_index\data\raw\images\2538.jpg,3,1,1,1,1,1,3,1,1,6,1,1,1,22
E:\anas\uni\semester 7\fyp\fyp work\transformer_health_index\data\raw\images\3858.jpg,1,3,3,3,3,5,3,1,3,1,1,1,6,30
E:\anas\uni\semester 7\fyp\fyp work\transformer_health_index\data\raw\images\4224.jpg,5,3,2,2,3,1,4,1,5,0,3,5,5,33
E:\anas\uni\semester 7\fyp\fyp work\transformer_health_index\data\raw\images\3657.jpg,1,1,1,1,1,1,3,1,1,6,1,1,1,20
E:\anas\uni\semester 7\fyp\fyp work\transformer_health_index\data\raw\images\4059.jpg,5,5,2,2,2,4,2,5,3,1,4,4,2,35
E:\anas\uni\semester 7\fyp\fyp work\transformer_health_index\data\raw\images\3070.jpg,3,1,1,6,6,1,6,1,1,6,1,1,1,35
E:\anas\uni\semester 7\fyp\fyp work\transformer_health_index\data\raw\images\266.jpg,1,1,3,3,3,5,3,1,3,1,1,1,6,28
E:\anas\uni\semester 7\fyp\fyp work\transformer_health_index\data\raw\images\1017.jpg,3,4,3,2,3,4,3,2,2,2,0,4,2,29
E:\anas\uni\semester 7\fyp\fyp work\transformer_health_index\data\raw\images\3085.jpg,3,1,1,6,6,1,6,1,1,6,1,1,1,35
E:\anas\uni\semester 7\fyp\fyp work\transformer_health_index\data\raw\images\1294.jpg,0,4,0,2,3,3,0,3,5,2,5,3,1,32
E:\anas\uni\semester 7\fyp\fyp work\transformer_health_index\data\raw\images\3165.jpg,3,1,1,1,1,1,6,1,1,6,1,1,1,25
E:\anas\uni\semester 7\fyp\fyp work\transformer_health_index\data\raw\images\897.jpg,2,1,0,4,0,5,1,1,2,1,2,5,4,30
E:\anas\uni\semester 7\fyp\fyp work\transformer_health_index\data\raw\images\3779.jpg,1,2,1,1,3,3,3,1,1,1,1,1,3,22
E:\anas\uni\semester 7\fyp\fyp work\transformer_health_index\data\raw\images\1635.jpg,3,3,3,6,1,1,3,1,1,6,1,1,1,31
E:\anas\uni\semester 7\fyp\fyp work\transformer_health_index\data\raw\images\1006.jpg,2,3,3,2,4,3,0,3,0,2,1,4,2,13
E:\anas\uni\semester 7\fyp\fyp work\transformer_health_index\data\raw\images\1045.jpg,4,0,3,4,3,4,5,0,0,0,3,5,5,43
E:\anas\uni\semester 7\fyp\fyp work\transformer_health_index\data\raw\images\3049.jpg,3,1,1,1,1,1,6,1,1,6,1,1,1,25
E:\anas\uni\semester 7\fyp\fyp work\transformer_health_index\data\raw\images\464.jpg,1,3,3,3,3,5,3,1,3,1,1,1,6,35
E:\anas\uni\semester 7\fyp\fyp work\transformer_health_index\data\raw\images\3890.jpg,4,1,4,4,5,0,0,2,3,1,1,2,2,45
E:\anas\uni\semester 7\fyp\fyp work\transformer_health_index\data\raw\images\4644.jpg,3,0,5,0,2,1,3,2,3,2,5,3,2,60
E:\anas\uni\semester 7\fyp\fyp work\transformer_health_index\data\raw\images\43.jpg,4,1,1,1,3,3,3,1,1,4,2,4,1,29
E:\anas\uni\semester 7\fyp\fyp work\transformer_health_index\data\raw\images\3115.jpg,3,1,1,1,1,1,6,1,1,6,1,1,1,25
E:\anas\uni\semester 7\fyp\fyp work\transformer_health_index\data\raw\images\2911.jpg,3,3,1,6,6,1,3,1,1,6,1,1,1,34
E:\anas\uni\semester 7\fyp\fyp work\transformer_health_index\data\raw\images\3820.jpg,1,3,3,3,3,5,3,1,3,1,1,1,6,30
E:\anas\uni\semester 7\fyp\fyp work\transformer_health_index\data\raw\images\3197.jpg,3,1,1,6,6,1,6,1,1,6,1,1,1,35
E:\anas\uni\semester 7\fyp\fyp work\transformer_health_index\data\raw\images\2269.jpg,3,3,3,1,6,1,1,1,1,6,1,1,1,29
E:\anas\uni\semester 7\fyp\fyp work\transformer_health_index\data\raw\images\3199.jpg,3,1,1,6,6,1,6,1,1,6,1,1,1,35
E:\anas\uni\semester 7\fyp\fyp work\transformer_health_index\data\raw\images\4256.jpg,4,4,3,0,3,5,5,3,3,3,1,2,3,17
E:\anas\uni\semester 7\fyp\fyp work\transformer_health_index\data\raw\images\4899.jpg,4,2,4,2,3,5,4,4,0,3,0,3,5,55
E:\anas\uni\semester 7\fyp\fyp work\transformer_health_index\data\raw\images\74.jpg,4,1,1,1,3,3,3,1,1,4,2,4,1,29
E:\anas\uni\semester 7\fyp\fyp work\transformer_health_index\data\raw\images\4431.jpg,5,3,4,0,2,1,3,4,0,4,3,4,2,45
E:\anas\uni\semester 7\fyp\fyp work\transformer_health_index\data\raw\images\3620.jpg,3,1,1,1,1,1,3,1,1,6,1,1,1,22
E:\anas\uni\semester 7\fyp\fyp work\transformer_health_index\data\raw\images\1287.jpg,0,4,0,2,3,3,0,3,5,2,5,3,1,32
E:\anas\uni\semester 7\fyp\fyp work\transformer_health_index\data\raw\images\1399.jpg,4,4,1,5,1,2,2,5,1,3,0,1,1,59
E:\anas\uni\semester 7\fyp\fyp work\transformer_health_index\data\raw\images\1209.jpg,0,2,0,5,0,1,4,3,0,3,0,5,5,60
E:\anas\uni\semester 7\fyp\fyp work\transformer_health_index\data\raw\images\995.jpg,2,3,3,2,4,3,0,3,0,2,1,4,2,13
E:\anas\uni\semester 7\fyp\fyp work\transformer_health_index\data\raw\images\5067.jpg,2,2,2,4,0,1,5,5,3,0,1,4,4,40
E:\anas\uni\semester 7\fyp\fyp work\transformer_health_index\data\raw\images\658.jpg,1,2,1,1,3,5,3,1,1,1,1,1,6,27
E:\anas\uni\semester 7\fyp\fyp work\transformer_health_index\data\raw\images\2774.jpg,3,1,1,6,6,1,6,1,1,6,1,1,1,35
E:\anas\uni\semester 7\fyp\fyp work\transformer_health_index\data\raw\images\1372.jpg,1,1,3,2,3,5,2,2,5,2,4,1,1,37
E:\anas\uni\semester 7\fyp\fyp work\transformer_health_index\data\raw\images\3024.jpg,3,1,1,3,1,1,6,1,1,6,1,1,1,27
E:\anas\uni\semester 7\fyp\fyp work\transformer_health_index\data\raw\images\5147.jpg,5,4,0,2,0,5,3,1,4,1,0,4,1,43
E:\anas\uni\semester 7\fyp\fyp work\transformer_health_index\data\raw\images\500.jpg,1,2,1,1,3,3,3,1,1,1,1,1,3,22
E:\anas\uni\semester 7\fyp\fyp work\transformer_health_index\data\raw\images\4287.jpg,5,4,2,2,2,5,3,3,0,3,5,4,5,16
E:\anas\uni\semester 7\fyp\fyp work\transformer_health_index\data\raw\images\3591.jpg,3,1,1,1,1,1,3,1,1,6,1,1,1,22
E:\anas\uni\semester 7\fyp\fyp work\transformer_health_index\data\raw\images\3660.jpg,1,1,1,1,1,1,3,1,1,6,1,1,1,20
E:\anas\uni\semester 7\fyp\fyp work\transformer_health_index\data\raw\images\4319.jpg,4,4,0,3,1,3,4,1,0,2,4,2,0,45
E:\anas\uni\semester 7\fyp\fyp work\transformer_health_index\data\raw\images\2489.jpg,3,3,3,1,6,1,3,1,1,6,1,1,1,31
E:\anas\uni\semester 7\fyp\fyp work\transformer_health_index\data\raw\images\863.jpg,5,5,5,3,5,2,5,5,4,2,2,1,5,16
E:\anas\uni\semester 7\fyp\fyp work\transformer_health_index\data\raw\images\4086.jpg,2,0,1,5,4,1,5,2,0,5,4,4,5,54
E:\anas\uni\semester 7\fyp\fyp work\transformer_health_index\data\raw\images\2362.jpg,3,3,3,6,6,1,6,1,1,6,1,1,1,39
E:\anas\uni\semester 7\fyp\fyp work\transformer_health_index\data\raw\images\2632.jpg,3,1,1,6,6,1,3,1,1,6,1,1,1,32
E:\anas\uni\semester 7\fyp\fyp work\transformer_health_index\data\raw\images\2715.jpg,3,1,1,6,6,1,6,1,1,6,1,1,1,35
E:\anas\uni\semester 7\fyp\fyp work\transformer_health_index\data\raw\images\1512.jpg,3,0,3,2,4,1,0,4,5,5,1,1,3,55
E:\anas\uni\semester 7\fyp\fyp work\transformer_health_index\data\raw\images\2340.jpg,3,3,3,1,6,1,1,1,1,6,1,1,1,29
E:\anas\uni\semester 7\fyp\fyp work\transformer_health_index\data\raw\images\3171.jpg,3,1,1,1,1,1,6,1,1,6,1,1,1,25
E:\anas\uni\semester 7\fyp\fyp work\transformer_health_index\data\raw\images\1041.jpg,4,0,3,4,3,4,5,0,0,0,3,5,5,43
E:\anas\uni\semester 7\fyp\fyp work\transformer_health_index\data\raw\images\352.jpg,1,1,3,3,3,5,3,1,3,1,1,1,6,28
E:\anas\uni\semester 7\fyp\fyp work\transformer_health_index\data\raw\images\5078.jpg,2,2,2,4,0,1,5,5,3,0,1,4,4,40
E:\anas\uni\semester 7\fyp\fyp work\transformer_health_index\data\raw\images\787.jpg,2,0,5,1,1,3,5,0,4,4,3,2,1,47
E:\anas\uni\semester 7\fyp\fyp work\transformer_health_index\data\raw\images\1933.jpg,3,1,1,6,1,1,3,1,1,6,1,1,1,27
E:\anas\uni\semester 7\fyp\fyp work\transformer_health_index\data\raw\images\4520.jpg,0,4,1,1,0,4,4,4,5,2,3,4,4,34
E:\anas\uni\semester 7\fyp\fyp work\transformer_health_index\data\raw\images\278.jpg,4,3,3,3,3,3,3,3,3,4,2,4,6,44
E:\anas\uni\semester 7\fyp\fyp work\transformer_health_index\data\raw\images\499.jpg,1,2,1,1,3,3,3,1,1,1,1,1,3,22
E:\anas\uni\semester 7\fyp\fyp work\transformer_health_index\data\raw\images\4877.jpg,5,3,5,1,5,3,1,3,0,1,1,0,1,46
E:\anas\uni\semester 7\fyp\fyp work\transformer_health_index\data\raw\images\539.jpg,1,2,3,3,3,3,3,1,3,1,1,1,6,32
E:\anas\uni\semester 7\fyp\fyp work\transformer_health_index\data\raw\images\415.jpg,1,1,1,1,3,5,3,1,1,1,1,1,6,26
E:\anas\uni\semester 7\fyp\fyp work\transformer_health_index\data\raw\images\2933.jpg,3,3,3,1,6,1,3,1,1,6,1,1,1,31
E:\anas\uni\semester 7\fyp\fyp work\transformer_health_index\data\raw\images\3189.jpg,3,1,1,1,1,1,6,1,1,6,1,1,1,25
E:\anas\uni\semester 7\fyp\fyp work\transformer_health_index\data\raw\images\701.jpg,1,2,3,3,3,5,3,1,3,1,1,1,6,33
E:\anas\uni\semester 7\fyp\fyp work\transformer_health_index\data\raw\images\4308.jpg,4,4,0,3,1,3,4,1,0,2,4,2,0,45
E:\anas\uni\semester 7\fyp\fyp work\transformer_health_index\data\raw\images\2470.jpg,3,3,3,1,6,1,3,1,1,6,1,1,1,31
E:\anas\uni\semester 7\fyp\fyp work\transformer_health_index\data\raw\images\2769.jpg,3,1,1,6,6,1,6,1,1,6,1,1,1,35
E:\anas\uni\semester 7\fyp\fyp work\transformer_health_index\data\raw\images\302.jpg,4,3,3,3,3,3,3,3,3,4,2,4,6,44
E:\anas\uni\semester 7\fyp\fyp work\transformer_health_index\data\raw\images\3874.jpg,1,3,3,3,3,3,3,1,3,1,1,1,6,27
E:\anas\uni\semester 7\fyp\fyp work\transformer_health_index\data\raw\images\4668.jpg,2,4,2,5,0,2,0,3,4,5,4,2,4,30
E:\anas\uni\semester 7\fyp\fyp work\transformer_health_index\data\raw\images\4475.jpg,0,5,1,5,0,0,0,0,0,5,1,4,1,16
E:\anas\uni\semester 7\fyp\fyp work\transformer_health_index\data\raw\images\893.jpg,2,1,0,4,0,5,1,1,2,1,2,5,4,30
E:\anas\uni\semester 7\fyp\fyp work\transformer_health_index\data\raw\images\4203.jpg,0,4,5,3,2,3,4,1,0,4,5,3,0,53
E:\anas\uni\semester 7\fyp\fyp work\transformer_health_index\data\raw\images\1723.jpg,1,1,1,1,1,1,1,1,1,1,1,1,1,13
E:\anas\uni\semester 7\fyp\fyp work\transformer_health_index\data\raw\images\3530.jpg,3,1,1,1,1,1,3,1,1,6,1,1,1,22
E:\anas\uni\semester 7\fyp\fyp work\transformer_health_index\data\raw\images\4582.jpg,4,4,5,0,1,1,1,0,5,0,5,2,1,22
E:\anas\uni\semester 7\fyp\fyp work\transformer_health_index\data\raw\images\1212.jpg,0,2,0,5,0,1,4,3,0,3,0,5,5,60
E:\anas\uni\semester 7\fyp\fyp work\transformer_health_index\data\raw\images\2653.jpg,3,1,1,6,6,1,6,1,1,6,1,1,1,35
E:\anas\uni\semester 7\fyp\fyp work\transformer_health_index\data\raw\images\5181.jpg,3,0,3,2,0,5,2,3,0,0,2,2,1,42
E:\anas\uni\semester 7\fyp\fyp work\transformer_health_index\data\raw\images\3067.jpg,3,1,1,6,6,1,6,1,1,6,1,1,1,35
E:\anas\uni\semester 7\fyp\fyp work\transformer_health_index\data\raw\images\5112.jpg,3,1,1,0,5,1,4,3,2,5,0,0,0,46
E:\anas\uni\semester 7\fyp\fyp work\transformer_health_index\data\raw\images\3498.jpg,3,1,1,1,1,1,3,1,1,6,1,1,1,22
E:\anas\uni\semester 7\fyp\fyp work\transformer_health_index\data\raw\images\1488.jpg,1,2,0,3,0,5,5,1,4,1,0,4,3,51
E:\anas\uni\semester 7\fyp\fyp work\transformer_health_index\data\raw\images\1925.jpg,3,1,1,6,6,1,3,1,1,6,1,1,1,32
E:\anas\uni\semester 7\fyp\fyp work\transformer_health_index\data\raw\images\1545.jpg,2,4,2,3,1,0,3,5,1,0,0,0,5,50
E:\anas\uni\semester 7\fyp\fyp work\transformer_health_index\data\raw\images\697.jpg,1,2,3,3,3,5,3,1,3,1,1,1,6,33
E:\anas\uni\semester 7\fyp\fyp work\transformer_health_index\data\raw\images\3396.jpg,3,1,1,1,1,1,3,1,1,6,1,1,1,22
E:\anas\uni\semester 7\fyp\fyp work\transformer_health_index\data\raw\images\5054.jpg,2,5,5,5,0,4,2,2,0,5,3,0,1,21
E:\anas\uni\semester 7\fyp\fyp work\transformer_health_index\data\raw\images\4207.jpg,0,4,5,3,2,3,4,1,0,4,5,3,0,53
E:\anas\uni\semester 7\fyp\fyp work\transformer_health_index\data\raw\images\4433.jpg,1,0,4,1,1,1,4,1,2,0,2,2,0,21
E:\anas\uni\semester 7\fyp\fyp work\transformer_health_index\data\raw\images\644.jpg,1,2,1,1,3,3,3,1,1,1,1,1,3,22
E:\anas\uni\semester 7\fyp\fyp work\transformer_health_index\data\raw\images\2108.jpg,3,1,1,6,1,1,3,1,1,6,1,1,1,27
E:\anas\uni\semester 7\fyp\fyp work\transformer_health_index\data\raw\images\2557.jpg,3,1,1,6,6,1,3,1,1,6,1,1,1,32
E:\anas\uni\semester 7\fyp\fyp work\transformer_health_index\data\raw\images\4926.jpg,3,2,3,3,2,2,1,4,0,1,2,3,2,13
E:\anas\uni\semester 7\fyp\fyp work\transformer_health_index\data\raw\images\481.jpg,1,3,3,3,3,5,3,1,3,1,1,1,6,35
E:\anas\uni\semester 7\fyp\fyp work\transformer_health_index\data\raw\images\4159.jpg,3,0,0,5,2,0,4,1,2,4,5,2,1,34
E:\anas\uni\semester 7\fyp\fyp work\transformer_health_index\data\raw\images\1023.jpg,3,4,3,2,3,4,3,2,2,2,0,4,2,29
E:\anas\uni\semester 7\fyp\fyp work\transformer_health_index\data\raw\images\31.jpg,1,1,3,3,3,5,3,1,3,3,2,6,6,28
E:\anas\uni\semester 7\fyp\fyp work\transformer_health_index\data\raw\images\395.jpg,1,1,1,1,3,5,3,1,1,1,1,1,6,26
E:\anas\uni\semester 7\fyp\fyp work\transformer_health_index\data\raw\images\1906.jpg,3,1,1,6,6,1,3,1,1,6,1,1,1,32
E:\anas\uni\semester 7\fyp\fyp work\transformer_health_index\data\raw\images\351.jpg,1,1,3,3,3,5,3,1,3,1,1,1,6,28
E:\anas\uni\semester 7\fyp\fyp work\transformer_health_index\data\raw\images\461.jpg,1,1,1,1,3,5,3,1,1,1,1,1,6,26
E:\anas\uni\semester 7\fyp\fyp work\transformer_health_index\data\raw\images\827.jpg,0,5,1,3,0,0,5,1,1,0,0,1,2,28
E:\anas\uni\semester 7\fyp\fyp work\transformer_health_index\data\raw\images\4121.jpg,0,4,3,1,2,4,1,5,0,1,2,0,1,14
E:\anas\uni\semester 7\fyp\fyp work\transformer_health_index\data\raw\images\4948.jpg,4,1,2,3,1,4,1,0,5,2,2,2,5,34
E:\anas\uni\semester 7\fyp\fyp work\transformer_health_index\data\raw\images\5031.jpg,5,3,2,5,3,4,0,2,2,3,3,2,1,17
E:\anas\uni\semester 7\fyp\fyp work\transformer_health_index\data\raw\images\2487.jpg,3,3,3,1,6,1,3,1,1,6,1,1,1,31
E:\anas\uni\semester 7\fyp\fyp work\transformer_health_index\data\raw\images\833.jpg,0,5,1,3,0,0,5,1,1,0,0,1,2,28
E:\anas\uni\semester 7\fyp\fyp work\transformer_health_index\data\raw\images\3647.jpg,3,1,1,1,1,1,3,1,1,6,1,1,1,22
E:\anas\uni\semester 7\fyp\fyp work\transformer_health_index\data\raw\images\4435.jpg,1,0,4,1,1,1,4,1,2,0,2,2,0,21
E:\anas\uni\semester 7\fyp\fyp work\transformer_health_index\data\raw\images\232.jpg,6,3,3,3,3,5,3,3,3,4,2,6,6,46
E:\anas\uni\semester 7\fyp\fyp work\transformer_health_index\data\raw\images\3551.jpg,3,1,1,1,6,1,3,1,1,6,1,1,1,27
E:\anas\uni\semester 7\fyp\fyp work\transformer_health_index\data\raw\images\3649.jpg,3,1,1,1,1,1,3,1,1,6,1,1,1,22
E:\anas\uni\semester 7\fyp\fyp work\transformer_health_index\data\raw\images\4380.jpg,0,1,0,2,1,2,1,5,0,1,2,4,2,21
E:\anas\uni\semester 7\fyp\fyp work\transformer_health_index\data\raw\images\3052.jpg,3,1,1,1,1,1,6,1,1,6,1,1,1,25
E:\anas\uni\semester 7\fyp\fyp work\transformer_health_index\data\raw\images\3198.jpg,3,1,1,6,6,1,6,1,1,6,1,1,1,35
E:\anas\uni\semester 7\fyp\fyp work\transformer_health_index\data\raw\images\3986.jpg,5,4,4,4,5,5,1,2,2,2,5,1,2,55
E:\anas\uni\semester 7\fyp\fyp work\transformer_health_index\data\raw\images\4014.jpg,3,3,2,2,2,3,1,2,3,4,2,0,4,57
E:\anas\uni\semester 7\fyp\fyp work\transformer_health_index\data\raw\images\4015.jpg,3,3,2,2,2,3,1,2,3,4,2,0,4,57
E:\anas\uni\semester 7\fyp\fyp work\transformer_health_index\data\raw\images\681.jpg,1,2,1,1,3,5,3,1,1,1,1,1,6,27
E:\anas\uni\semester 7\fyp\fyp work\transformer_health_index\data\raw\images\2651.jpg,3,1,1,6,6,1,6,1,1,6,1,1,1,35
E:\anas\uni\semester 7\fyp\fyp work\transformer_health_index\data\raw\images\555.jpg,1,1,1,1,3,5,3,1,1,1,1,1,6,26
E:\anas\uni\semester 7\fyp\fyp work\transformer_health_index\data\raw\images\3803.jpg,1,3,3,3,3,5,3,1,3,1,1,1,6,30
E:\anas\uni\semester 7\fyp\fyp work\transformer_health_index\data\raw\images\655.jpg,1,2,1,1,3,5,3,1,1,1,1,1,6,27
E:\anas\uni\semester 7\fyp\fyp work\transformer_health_index\data\raw\images\926.jpg,3,2,5,2,0,4,1,5,0,3,1,0,3,14
E:\anas\uni\semester 7\fyp\fyp work\transformer_health_index\data\raw\images\5070.jpg,2,2,2,4,0,1,5,5,3,0,1,4,4,40
E:\anas\uni\semester 7\fyp\fyp work\transformer_health_index\data\raw\images\858.jpg,4,4,3,2,4,0,4,5,1,5,5,2,5,42
E:\anas\uni\semester 7\fyp\fyp work\transformer_health_index\data\raw\images\3272.jpg,3,1,1,6,1,1,6,1,1,6,1,1,1,30
E:\anas\uni\semester 7\fyp\fyp work\transformer_health_index\data\raw\images\4605.jpg,3,4,5,4,1,3,3,3,2,4,3,3,1,27
E:\anas\uni\semester 7\fyp\fyp work\transformer_health_index\data\raw\images\1871.jpg,3,1,1,6,6,1,3,1,1,6,1,1,1,32
E:\anas\uni\semester 7\fyp\fyp work\transformer_health_index\data\raw\images\3574.jpg,3,1,1,1,1,1,3,1,1,6,1,1,1,22
E:\anas\uni\semester 7\fyp\fyp work\transformer_health_index\data\raw\images\4386.jpg,0,1,0,2,1,2,1,5,0,1,2,4,2,21
E:\anas\uni\semester 7\fyp\fyp work\transformer_health_index\data\raw\images\726.jpg,1,2,3,3,3,5,3,1,3,1,1,1,6,33
E:\anas\uni\semester 7\fyp\fyp work\transformer_health_index\data\raw\images\1089.jpg,0,3,0,2,1,0,3,5,4,5,1,2,1,24
E:\anas\uni\semester 7\fyp\fyp work\transformer_health_index\data\raw\images\665.jpg,1,2,1,1,3,5,3,1,1,1,1,1,6,27
E:\anas\uni\semester 7\fyp\fyp work\transformer_health_index\data\raw\images\3337.jpg,3,1,1,1,1,1,6,1,1,6,1,1,1,25
E:\anas\uni\semester 7\fyp\fyp work\transformer_health_index\data\raw\images\1359.jpg,5,0,5,1,0,1,4,1,0,0,2,2,3,34
E:\anas\uni\semester 7\fyp\fyp work\transformer_health_index\data\raw\images\2828.jpg,3,1,1,6,6,1,6,1,1,6,1,1,1,35
E:\anas\uni\semester 7\fyp\fyp work\transformer_health_index\data\raw\images\4143.jpg,1,2,2,2,4,4,2,3,3,5,2,1,5,39
E:\anas\uni\semester 7\fyp\fyp work\transformer_health_index\data\raw\images\2211.jpg,3,1,1,3,1,1,3,1,1,6,1,1,1,24
E:\anas\uni\semester 7\fyp\fyp work\transformer_health_index\data\raw\images\4951.jpg,4,1,2,3,1,4,1,0,5,2,2,2,5,34
E:\anas\uni\semester 7\fyp\fyp work\transformer_health_index\data\raw\images\3703.jpg,1,3,3,3,3,5,3,1,3,1,1,1,6,30
E:\anas\uni\semester 7\fyp\fyp work\transformer_health_index\data\raw\images\1286.jpg,0,4,0,2,3,3,0,3,5,2,5,3,1,32
E:\anas\uni\semester 7\fyp\fyp work\transformer_health_index\data\raw\images\3168.jpg,3,1,1,1,1,1,6,1,1,6,1,1,1,25
E:\anas\uni\semester 7\fyp\fyp work\transformer_health_index\data\raw\images\3562.jpg,3,1,1,1,6,1,3,1,1,6,1,1,1,27
E:\anas\uni\semester 7\fyp\fyp work\transformer_health_index\data\raw\images\1049.jpg,4,0,3,4,3,4,5,0,0,0,3,5,5,43
E:\anas\uni\semester 7\fyp\fyp work\transformer_health_index\data\raw\images\2835.jpg,3,1,1,6,6,1,6,1,1,6,1,1,1,35
E:\anas\uni\semester 7\fyp\fyp work\transformer_health_index\data\raw\images\4809.jpg,1,3,3,5,5,0,3,4,5,1,4,2,0,42
E:\anas\uni\semester 7\fyp\fyp work\transformer_health_index\data\raw\images\5042.jpg,2,5,5,5,0,4,2,2,0,5,3,0,1,21
E:\anas\uni\semester 7\fyp\fyp work\transformer_health_index\data\raw\images\2525.jpg,3,1,1,1,1,1,3,1,1,6,1,1,1,22
E:\anas\uni\semester 7\fyp\fyp work\transformer_health_index\data\raw\images\110.jpg,6,3,3,3,3,3,3,3,3,4,2,6,6,48
E:\anas\uni\semester 7\fyp\fyp work\transformer_health_index\data\raw\images\5169.jpg,3,0,3,2,0,5,2,3,0,0,2,2,1,42
E:\anas\uni\semester 7\fyp\fyp work\transformer_health_index\data\raw\images\2090.jpg,3,1,1,1,6,1,3,1,1,6,1,1,1,27
E:\anas\uni\semester 7\fyp\fyp work\transformer_health_index\data\raw\images\5137.jpg,4,0,4,3,3,2,3,5,0,3,3,4,4,57
E:\anas\uni\semester 7\fyp\fyp work\transformer_health_index\data\raw\images\3917.jpg,2,3,1,3,1,2,2,0,5,5,1,1,1,13
E:\anas\uni\semester 7\fyp\fyp work\transformer_health_index\data\raw\images\240.jpg,6,3,3,3,3,5,3,3,3,4,2,6,6,46
E:\anas\uni\semester 7\fyp\fyp work\transformer_health_index\data\raw\images\5012.jpg,2,3,4,5,3,3,5,5,3,5,3,0,1,29
E:\anas\uni\semester 7\fyp\fyp work\transformer_health_index\data\raw\images\1501.jpg,3,0,3,2,4,1,0,4,5,5,1,1,3,55
E:\anas\uni\semester 7\fyp\fyp work\transformer_health_index\data\raw\images\4198.jpg,3,1,0,0,3,2,3,0,4,4,3,2,3,24
E:\anas\uni\semester 7\fyp\fyp work\transformer_health_index\data\raw\images\3386.jpg,3,1,1,1,1,1,3,1,1,6,1,1,1,22
E:\anas\uni\semester 7\fyp\fyp work\transformer_health_index\data\raw\images\759.jpg,2,1,1,4,4,4,0,5,3,0,5,2,3,15
E:\anas\uni\semester 7\fyp\fyp work\transformer_health_index\data\raw\images\732.jpg,1,2,3,3,3,5,3,1,3,1,1,1,6,33
E:\anas\uni\semester 7\fyp\fyp work\transformer_health_index\data\raw\images\3728.jpg,1,3,3,3,3,5,3,1,3,1,1,1,6,30
E:\anas\uni\semester 7\fyp\fyp work\transformer_health_index\data\raw\images\1986.jpg,3,1,1,6,1,1,6,1,1,6,1,1,1,30
E:\anas\uni\semester 7\fyp\fyp work\transformer_health_index\data\raw\images\412.jpg,1,1,1,1,3,5,3,1,1,1,1,1,6,26
E:\anas\uni\semester 7\fyp\fyp work\transformer_health_index\data\raw\images\2476.jpg,3,3,3,1,6,1,3,1,1,6,1,1,1,31
E:\anas\uni\semester 7\fyp\fyp work\transformer_health_index\data\raw\images\2085.jpg,3,1,1,1,6,1,3,1,1,6,1,1,1,27
E:\anas\uni\semester 7\fyp\fyp work\transformer_health_index\data\raw\images\825.jpg,0,5,1,3,0,0,5,1,1,0,0,1,2,28
E:\anas\uni\semester 7\fyp\fyp work\transformer_health_index\data\raw\images\2396.jpg,1,1,1,1,1,1,1,1,1,1,1,1,1,13
E:\anas\uni\semester 7\fyp\fyp work\transformer_health_index\data\raw\images\3299.jpg,3,1,1,1,1,1,6,1,1,6,1,1,1,25
E:\anas\uni\semester 7\fyp\fyp work\transformer_health_index\data\raw\images\2914.jpg,3,3,1,6,6,1,3,1,1,6,1,1,1,34
E:\anas\uni\semester 7\fyp\fyp work\transformer_health_index\data\raw\images\4912.jpg,4,2,4,2,3,5,4,4,0,3,0,3,5,55
E:\anas\uni\semester 7\fyp\fyp work\transformer_health_index\data\raw\images\2454.jpg,3,3,3,1,6,1,3,1,1,6,1,1,1,31
E:\anas\uni\semester 7\fyp\fyp work\transformer_health_index\data\raw\images\2959.jpg,3,3,3,1,6,1,3,1,1,6,1,1,1,31
E:\anas\uni\semester 7\fyp\fyp work\transformer_health_index\data\raw\images\1334.jpg,1,4,3,3,2,5,4,4,4,2,3,0,5,26
E:\anas\uni\semester 7\fyp\fyp work\transformer_health_index\data\raw\images\3865.jpg,1,3,3,3,3,3,3,1,3,1,1,1,6,27
E:\anas\uni\semester 7\fyp\fyp work\transformer_health_index\data\raw\images\3008.jpg,3,1,1,3,1,1,6,1,1,6,1,1,1,27
E:\anas\uni\semester 7\fyp\fyp work\transformer_health_index\data\raw\images\1511.jpg,3,0,3,2,4,1,0,4,5,5,1,1,3,55
E:\anas\uni\semester 7\fyp\fyp work\transformer_health_index\data\raw\images\1357.jpg,5,0,5,1,0,1,4,1,0,0,2,2,3,34
E:\anas\uni\semester 7\fyp\fyp work\transformer_health_index\data\raw\images\1890.jpg,3,1,1,6,6,1,3,1,1,6,1,1,1,32
E:\anas\uni\semester 7\fyp\fyp work\transformer_health_index\data\raw\images\4105.jpg,2,4,3,2,3,3,3,3,5,5,3,4,1,40
E:\anas\uni\semester 7\fyp\fyp work\transformer_health_index\data\raw\images\2910.jpg,3,3,1,6,6,1,3,1,1,6,1,1,1,34
E:\anas\uni\semester 7\fyp\fyp work\transformer_health_index\data\raw\images\3310.jpg,3,1,1,1,1,1,6,1,1,6,1,1,1,25
E:\anas\uni\semester 7\fyp\fyp work\transformer_health_index\data\raw\images\3201.jpg,3,1,1,6,6,1,6,1,1,6,1,1,1,35
E:\anas\uni\semester 7\fyp\fyp work\transformer_health_index\data\raw\images\1927.jpg,3,1,1,6,6,1,3,1,1,6,1,1,1,32
E:\anas\uni\semester 7\fyp\fyp work\transformer_health_index\data\raw\images\1036.jpg,4,0,3,4,3,4,5,0,0,0,3,5,5,43
E:\anas\uni\semester 7\fyp\fyp work\transformer_health_index\data\raw\images\2134.jpg,3,1,1,6,1,1,3,1,1,6,1,1,1,27
E:\anas\uni\semester 7\fyp\fyp work\transformer_health_index\data\raw\images\3090.jpg,3,1,1,1,1,1,6,1,1,6,1,1,1,25
E:\anas\uni\semester 7\fyp\fyp work\transformer_health_index\data\raw\images\2958.jpg,3,3,3,1,6,1,3,1,1,6,1,1,1,31
E:\anas\uni\semester 7\fyp\fyp work\transformer_health_index\data\raw\images\4776.jpg,0,3,3,3,2,0,0,2,2,1,5,2,1,42
E:\anas\uni\semester 7\fyp\fyp work\transformer_health_index\data\raw\images\4044.jpg,5,0,4,2,2,2,3,2,2,3,2,4,3,23
E:\anas\uni\semester 7\fyp\fyp work\transformer_health_index\data\raw\images\62.jpg,4,1,1,1,3,3,3,1,1,4,2,4,1,29
E:\anas\uni\semester 7\fyp\fyp work\transformer_health_index\data\raw\images\4286.jpg,5,4,2,2,2,5,3,3,0,3,5,4,5,16
E:\anas\uni\semester 7\fyp\fyp work\transformer_health_index\data\raw\images\4055.jpg,5,5,2,2,2,4,2,5,3,1,4,4,2,35
E:\anas\uni\semester 7\fyp\fyp work\transformer_health_index\data\raw\images\4088.jpg,2,0,1,5,4,1,5,2,0,5,4,4,5,54
E:\anas\uni\semester 7\fyp\fyp work\transformer_health_index\data\raw\images\1418.jpg,3,0,5,3,0,1,1,1,1,3,4,1,1,16
E:\anas\uni\semester 7\fyp\fyp work\transformer_health_index\data\raw\images\958.jpg,0,2,3,0,2,0,5,4,2,0,3,3,1,52
E:\anas\uni\semester 7\fyp\fyp work\transformer_health_index\data\raw\images\3903.jpg,4,1,4,4,5,0,0,2,3,1,1,2,2,45
E:\anas\uni\semester 7\fyp\fyp work\transformer_health_index\data\raw\images\1633.jpg,3,3,3,6,1,1,3,1,1,6,1,1,1,31
E:\anas\uni\semester 7\fyp\fyp work\transformer_health_index\data\raw\images\517.jpg,1,2,3,3,3,3,3,1,3,1,1,1,6,32
E:\anas\uni\semester 7\fyp\fyp work\transformer_health_index\data\raw\images\2944.jpg,3,3,3,1,6,1,3,1,1,6,1,1,1,31
E:\anas\uni\semester 7\fyp\fyp work\transformer_health_index\data\raw\images\3138.jpg,3,1,1,1,1,1,6,1,1,6,1,1,1,25
E:\anas\uni\semester 7\fyp\fyp work\transformer_health_index\data\raw\images\191.jpg,4,3,3,3,3,3,3,3,3,4,2,4,6,40
E:\anas\uni\semester 7\fyp\fyp work\transformer_health_index\data\raw\images\3195.jpg,3,1,1,6,6,1,6,1,1,6,1,1,1,35
E:\anas\uni\semester 7\fyp\fyp work\transformer_health_index\data\raw\images\1320.jpg,5,1,5,5,5,5,5,3,3,5,5,2,3,27
E:\anas\uni\semester 7\fyp\fyp work\transformer_health_index\data\raw\images\2094.jpg,3,1,1,1,6,1,3,1,1,6,1,1,1,27
E:\anas\uni\semester 7\fyp\fyp work\transformer_health_index\data\raw\images\1309.jpg,5,1,5,5,5,5,5,3,3,5,5,2,3,27
E:\anas\uni\semester 7\fyp\fyp work\transformer_health_index\data\raw\images\2773.jpg,3,1,1,6,6,1,6,1,1,6,1,1,1,35
E:\anas\uni\semester 7\fyp\fyp work\transformer_health_index\data\raw\images\1691.jpg,3,3,3,6,1,1,3,1,1,6,1,1,1,31
E:\anas\uni\semester 7\fyp\fyp work\transformer_health_index\data\raw\images\548.jpg,1,1,1,1,3,5,3,1,1,1,1,1,6,26
E:\anas\uni\semester 7\fyp\fyp work\transformer_health_index\data\raw\images\5050.jpg,2,5,5,5,0,4,2,2,0,5,3,0,1,21
E:\anas\uni\semester 7\fyp\fyp work\transformer_health_index\data\raw\images\3960.jpg,4,1,2,1,2,5,3,3,4,5,1,4,0,48
E:\anas\uni\semester 7\fyp\fyp work\transformer_health_index\data\raw\images\3445.jpg,3,1,1,1,1,1,6,1,1,6,1,1,1,25
E:\anas\uni\semester 7\fyp\fyp work\transformer_health_index\data\raw\images\3289.jpg,3,1,1,1,1,1,3,1,1,6,1,1,1,22
E:\anas\uni\semester 7\fyp\fyp work\transformer_health_index\data\raw\images\3481.jpg,3,1,1,1,1,1,6,1,1,6,1,1,1,25
E:\anas\uni\semester 7\fyp\fyp work\transformer_health_index\data\raw\images\196.jpg,4,3,3,3,3,3,3,3,3,4,2,4,6,40
E:\anas\uni\semester 7\fyp\fyp work\transformer_health_index\data\raw\images\4662.jpg,3,0,5,0,2,1,3,2,3,2,5,3,2,60
E:\anas\uni\semester 7\fyp\fyp work\transformer_health_index\data\raw\images\1926.jpg,3,1,1,6,6,1,3,1,1,6,1,1,1,32
E:\anas\uni\semester 7\fyp\fyp work\transformer_health_index\data\raw\images\1419.jpg,3,0,5,3,0,1,1,1,1,3,4,1,1,16
E:\anas\uni\semester 7\fyp\fyp work\transformer_health_index\data\raw\images\2917.jpg,3,3,1,6,6,1,3,1,1,6,1,1,1,34
E:\anas\uni\semester 7\fyp\fyp work\transformer_health_index\data\raw\images\843.jpg,4,4,3,2,4,0,4,5,1,5,5,2,5,42
E:\anas\uni\semester 7\fyp\fyp work\transformer_health_index\data\raw\images\3536.jpg,3,1,1,1,1,1,3,1,1,6,1,1,1,22
E:\anas\uni\semester 7\fyp\fyp work\transformer_health_index\data\raw\images\1593.jpg,2,0,5,3,2,1,5,5,5,2,3,4,2,38
E:\anas\uni\semester 7\fyp\fyp work\transformer_health_index\data\raw\images\836.jpg,0,5,1,3,0,0,5,1,1,0,0,1,2,28
E:\anas\uni\semester 7\fyp\fyp work\transformer_health_index\data\raw\images\4158.jpg,1,2,2,2,4,4,2,3,3,5,2,1,5,39
E:\anas\uni\semester 7\fyp\fyp work\transformer_health_index\data\raw\images\4057.jpg,5,5,2,2,2,4,2,5,3,1,4,4,2,35
E:\anas\uni\semester 7\fyp\fyp work\transformer_health_index\data\raw\images\405.jpg,1,1,1,1,3,5,3,1,1,1,1,1,6,26
E:\anas\uni\semester 7\fyp\fyp work\transformer_health_index\data\raw\images\469.jpg,1,3,3,3,3,5,3,1,3,1,1,1,6,35
E:\anas\uni\semester 7\fyp\fyp work\transformer_health_index\data\raw\images\4352.jpg,3,0,1,3,5,0,5,0,3,2,2,4,5,10
E:\anas\uni\semester 7\fyp\fyp work\transformer_health_index\data\raw\images\3314.jpg,3,1,1,1,1,1,6,1,1,6,1,1,1,25
E:\anas\uni\semester 7\fyp\fyp work\transformer_health_index\data\raw\images\3922.jpg,2,3,1,3,1,2,2,0,5,5,1,1,1,13
E:\anas\uni\semester 7\fyp\fyp work\transformer_health_index\data\raw\images\4453.jpg,0,4,5,2,0,3,2,2,2,2,2,1,5,25
E:\anas\uni\semester 7\fyp\fyp work\transformer_health_index\data\raw\images\1409.jpg,3,0,5,3,0,1,1,1,1,3,4,1,1,16
E:\anas\uni\semester 7\fyp\fyp work\transformer_health_index\data\raw\images\3343.jpg,3,1,1,1,1,1,6,1,1,6,1,1,1,25
E:\anas\uni\semester 7\fyp\fyp work\transformer_health_index\data\raw\images\399.jpg,1,1,1,1,3,5,3,1,1,1,1,1,6,26
E:\anas\uni\semester 7\fyp\fyp work\transformer_health_index\data\raw\images\1119.jpg,5,4,1,2,3,2,5,5,1,4,2,0,5,56
E:\anas\uni\semester 7\fyp\fyp work\transformer_health_index\data\raw\images\4459.jpg,0,4,5,2,0,3,2,2,2,2,2,1,5,25
E:\anas\uni\semester 7\fyp\fyp work\transformer_health_index\data\raw\images\3064.jpg,3,1,1,1,1,1,6,1,1,6,1,1,1,25
E:\anas\uni\semester 7\fyp\fyp work\transformer_health_index\data\raw\images\1956.jpg,3,1,1,6,1,1,3,1,1,6,1,1,1,27
E:\anas\uni\semester 7\fyp\fyp work\transformer_health_index\data\raw\images\3018.jpg,3,1,1,3,1,1,6,1,1,6,1,1,1,27
E:\anas\uni\semester 7\fyp\fyp work\transformer_health_index\data\raw\images\5030.jpg,5,3,2,5,3,4,0,2,2,3,3,2,1,17
E:\anas\uni\semester 7\fyp\fyp work\transformer_health_index\data\raw\images\688.jpg,1,2,1,1,3,5,3,1,1,1,1,1,6,27
E:\anas\uni\semester 7\fyp\fyp work\transformer_health_index\data\raw\images\4812.jpg,0,4,2,0,2,3,4,5,4,3,5,0,4,14
E:\anas\uni\semester 7\fyp\fyp work\transformer_health_index\data\raw\images\357.jpg,1,1,3,3,3,5,3,1,3,1,1,1,6,28
E:\anas\uni\semester 7\fyp\fyp work\transformer_health_index\data\raw\images\1077.jpg,0,3,0,2,1,0,3,5,4,5,1,2,1,24
E:\anas\uni\semester 7\fyp\fyp work\transformer_health_index\data\raw\images\261.jpg,1,1,3,3,3,5,3,1,3,1,1,1,6,28
E:\anas\uni\semester 7\fyp\fyp work\transformer_health_index\data\raw\images\3849.jpg,1,3,3,3,3,5,3,1,3,1,1,1,6,30
E:\anas\uni\semester 7\fyp\fyp work\transformer_health_index\data\raw\images\3778.jpg,1,2,1,1,3,3,3,1,1,1,1,1,3,22
E:\anas\uni\semester 7\fyp\fyp work\transformer_health_index\data\raw\images\4815.jpg,0,4,2,0,2,3,4,5,4,3,5,0,4,14
E:\anas\uni\semester 7\fyp\fyp work\transformer_health_index\data\raw\images\1742.jpg,1,1,1,1,1,1,1,1,1,1,1,1,1,13
E:\anas\uni\semester 7\fyp\fyp work\transformer_health_index\data\raw\images\1000.jpg,2,3,3,2,4,3,0,3,0,2,1,4,2,13
E:\anas\uni\semester 7\fyp\fyp work\transformer_health_index\data\raw\images\3316.jpg,3,1,1,1,1,1,6,1,1,6,1,1,1,25
E:\anas\uni\semester 7\fyp\fyp work\transformer_health_index\data\raw\images\4173.jpg,3,0,0,5,2,0,4,1,2,4,5,2,1,34
E:\anas\uni\semester 7\fyp\fyp work\transformer_health_index\data\raw\images\1769.jpg,1,1,1,1,1,1,1,1,1,1,1,1,1,13
E:\anas\uni\semester 7\fyp\fyp work\transformer_health_index\data\raw\images\3771.jpg,1,2,1,1,3,3,3,1,1,1,1,1,3,22
E:\anas\uni\semester 7\fyp\fyp work\transformer_health_index\data\raw\images\5006.jpg,2,3,4,5,3,3,5,5,3,5,3,0,1,29
E:\anas\uni\semester 7\fyp\fyp work\transformer_health_index\data\raw\images\1549.jpg,2,4,2,3,1,0,3,5,1,0,0,0,5,50
E:\anas\uni\semester 7\fyp\fyp work\transformer_health_index\data\raw\images\3484.jpg,3,1,1,1,1,1,6,1,1,6,1,1,1,25
E:\anas\uni\semester 7\fyp\fyp work\transformer_health_index\data\raw\images\1964.jpg,3,1,1,6,1,1,3,1,1,6,1,1,1,27
E:\anas\uni\semester 7\fyp\fyp work\transformer_health_index\data\raw\images\715.jpg,1,2,3,3,3,5,3,1,3,1,1,1,6,33
E:\anas\uni\semester 7\fyp\fyp work\transformer_health_index\data\raw\images\2068.jpg,3,1,1,6,1,1,6,1,1,6,1,1,1,30
E:\anas\uni\semester 7\fyp\fyp work\transformer_health_index\data\raw\images\878.jpg,5,5,5,3,5,2,5,5,4,2,2,1,5,16
E:\anas\uni\semester 7\fyp\fyp work\transformer_health_index\data\raw\images\2218.jpg,3,1,1,3,1,1,3,1,1,6,1,1,1,24
E:\anas\uni\semester 7\fyp\fyp work\transformer_health_index\data\raw\images\1113.jpg,3,3,5,0,4,2,0,4,0,1,4,1,1,15
E:\anas\uni\semester 7\fyp\fyp work\transformer_health_index\data\raw\images\3098.jpg,3,1,1,1,1,1,6,1,1,6,1,1,1,25
E:\anas\uni\semester 7\fyp\fyp work\transformer_health_index\data\raw\images\526.jpg,1,2,3,3,3,3,3,1,3,1,1,1,6,32
E:\anas\uni\semester 7\fyp\fyp work\transformer_health_index\data\raw\images\3449.jpg,3,1,1,1,1,1,6,1,1,6,1,1,1,25
E:\anas\uni\semester 7\fyp\fyp work\transformer_health_index\data\raw\images\1492.jpg,3,0,3,2,4,1,0,4,5,5,1,1,3,55
E:\anas\uni\semester 7\fyp\fyp work\transformer_health_index\data\raw\images\161.jpg,4,1,1,1,3,3,3,1,1,4,2,4,6,35
E:\anas\uni\semester 7\fyp\fyp work\transformer_health_index\data\raw\images\1400.jpg,4,4,1,5,1,2,2,5,1,3,0,1,1,59
E:\anas\uni\semester 7\fyp\fyp work\transformer_health_index\data\raw\images\3430.jpg,3,1,1,1,1,1,6,1,1,6,1,1,1,25
E:\anas\uni\semester 7\fyp\fyp work\transformer_health_index\data\raw\images\3251.jpg,3,1,1,1,1,1,6,1,1,6,1,1,1,25
E:\anas\uni\semester 7\fyp\fyp work\transformer_health_index\data\raw\images\3319.jpg,3,1,1,1,1,1,6,1,1,6,1,1,1,25
E:\anas\uni\semester 7\fyp\fyp work\transformer_health_index\data\raw\images\1352.jpg,5,0,5,1,0,1,4,1,0,0,2,2,3,34
E:\anas\uni\semester 7\fyp\fyp work\transformer_health_index\data\raw\images\2980.jpg,1,1,1,1,1,1,1,1,1,6,1,1,1,18
E:\anas\uni\semester 7\fyp\fyp work\transformer_health_index\data\raw\images\1921.jpg,3,1,1,6,6,1,3,1,1,6,1,1,1,32
E:\anas\uni\semester 7\fyp\fyp work\transformer_health_index\data\raw\images\4713.jpg,1,1,1,3,5,5,3,0,4,1,2,5,1,13
E:\anas\uni\semester 7\fyp\fyp work\transformer_health_index\data\raw\images\3534.jpg,3,1,1,1,1,1,3,1,1,6,1,1,1,22
E:\anas\uni\semester 7\fyp\fyp work\transformer_health_index\data\raw\images\2008.jpg,3,1,1,6,1,1,3,1,1,6,1,1,1,27
E:\anas\uni\semester 7\fyp\fyp work\transformer_health_index\data\raw\images\3965.jpg,4,1,2,1,2,5,3,3,4,5,1,4,0,48
E:\anas\uni\semester 7\fyp\fyp work\transformer_health_index\data\raw\images\1961.jpg,3,1,1,6,1,1,3,1,1,6,1,1,1,27
E:\anas\uni\semester 7\fyp\fyp work\transformer_health_index\data\raw\images\3304.jpg,3,1,1,1,1,1,6,1,1,6,1,1,1,25
E:\anas\uni\semester 7\fyp\fyp work\transformer_health_index\data\raw\images\2528.jpg,3,1,1,1,1,1,3,1,1,6,1,1,1,22
E:\anas\uni\semester 7\fyp\fyp work\transformer_health_index\data\raw\images\356.jpg,1,1,3,3,3,5,3,1,3,1,1,1,6,28
E:\anas\uni\semester 7\fyp\fyp work\transformer_health_index\data\raw\images\1317.jpg,5,1,5,5,5,5,5,3,3,5,5,2,3,27
E:\anas\uni\semester 7\fyp\fyp work\transformer_health_index\data\raw\images\549.jpg,1,1,1,1,3,5,3,1,1,1,1,1,6,26
E:\anas\uni\semester 7\fyp\fyp work\transformer_health_index\data\raw\images\2313.jpg,3,3,3,1,6,1,1,1,1,6,1,1,1,29
E:\anas\uni\semester 7\fyp\fyp work\transformer_health_index\data\raw\images\2167.jpg,3,3,1,3,6,1,3,1,1,6,1,1,1,31
E:\anas\uni\semester 7\fyp\fyp work\transformer_health_index\data\raw\images\1111.jpg,3,3,5,0,4,2,0,4,0,1,4,1,1,15
E:\anas\uni\semester 7\fyp\fyp work\transformer_health_index\data\raw\images\3374.jpg,3,1,1,1,1,1,6,1,1,6,1,1,1,25
E:\anas\uni\semester 7\fyp\fyp work\transformer_health_index\data\raw\images\2771.jpg,3,1,1,6,6,1,6,1,1,6,1,1,1,35
E:\anas\uni\semester 7\fyp\fyp work\transformer_health_index\data\raw\images\4808.jpg,1,3,3,5,5,0,3,4,5,1,4,2,0,42
E:\anas\uni\semester 7\fyp\fyp work\transformer_health_index\data\raw\images\528.jpg,1,2,3,3,3,3,3,1,3,1,1,1,6,32
E:\anas\uni\semester 7\fyp\fyp work\transformer_health_index\data\raw\images\3750.jpg,1,1,3,3,4,5,3,1,3,1,1,1,6,28
E:\anas\uni\semester 7\fyp\fyp work\transformer_health_index\data\raw\images\3468.jpg,3,1,1,1,1,1,6,1,1,6,1,1,1,25
E:\anas\uni\semester 7\fyp\fyp work\transformer_health_index\data\raw\images\3908.jpg,2,3,1,3,1,2,2,0,5,5,1,1,1,13
E:\anas\uni\semester 7\fyp\fyp work\transformer_health_index\data\raw\images\1018.jpg,3,4,3,2,3,4,3,2,2,2,0,4,2,29
E:\anas\uni\semester 7\fyp\fyp work\transformer_health_index\data\raw\images\4537.jpg,5,4,4,1,1,1,0,2,4,5,5,5,4,11
E:\anas\uni\semester 7\fyp\fyp work\transformer_health_index\data\raw\images\2786.jpg,3,1,1,6,6,1,6,1,1,6,1,1,1,35
E:\anas\uni\semester 7\fyp\fyp work\transformer_health_index\data\raw\images\2698.jpg,3,1,1,6,6,1,6,1,1,6,1,1,1,35
E:\anas\uni\semester 7\fyp\fyp work\transformer_health_index\data\raw\images\3238.jpg,3,1,1,1,1,1,6,1,1,6,1,1,1,25
E:\anas\uni\semester 7\fyp\fyp work\transformer_health_index\data\raw\images\2230.jpg,3,1,1,6,1,1,3,1,1,6,1,1,1,27
E:\anas\uni\semester 7\fyp\fyp work\transformer_health_index\data\raw\images\908.jpg,1,1,1,4,2,3,2,2,4,0,4,1,5,29
E:\anas\uni\semester 7\fyp\fyp work\transformer_health_index\data\raw\images\2787.jpg,3,1,1,6,6,1,6,1,1,6,1,1,1,35
E:\anas\uni\semester 7\fyp\fyp work\transformer_health_index\data\raw\images\2053.jpg,3,1,1,6,1,1,3,1,1,6,1,1,1,27
E:\anas\uni\semester 7\fyp\fyp work\transformer_health_index\data\raw\images\4774.jpg,0,3,3,3,2,0,0,2,2,1,5,2,1,42
E:\anas\uni\semester 7\fyp\fyp work\transformer_health_index\data\raw\images\1339.jpg,1,4,3,3,2,5,4,4,4,2,3,0,5,26
E:\anas\uni\semester 7\fyp\fyp work\transformer_health_index\data\raw\images\2174.jpg,3,3,1,3,6,1,3,1,1,6,1,1,1,31
E:\anas\uni\semester 7\fyp\fyp work\transformer_health_index\data\raw\images\3184.jpg,3,1,1,1,1,1,6,1,1,6,1,1,1,25
E:\anas\uni\semester 7\fyp\fyp work\transformer_health_index\data\raw\images\192.jpg,4,3,3,3,3,3,3,3,3,4,2,4,6,40
E:\anas\uni\semester 7\fyp\fyp work\transformer_health_index\data\raw\images\4886.jpg,5,3,5,1,5,3,1,3,0,1,1,0,1,46
E:\anas\uni\semester 7\fyp\fyp work\transformer_health_index\data\raw\images\2962.jpg,1,1,1,1,1,1,1,1,1,6,1,1,1,18
E:\anas\uni\semester 7\fyp\fyp work\transformer_health_index\data\raw\images\139.jpg,6,3,3,3,3,3,3,3,3,4,2,6,6,48
E:\anas\uni\semester 7\fyp\fyp work\transformer_health_index\data\raw\images\4192.jpg,3,1,0,0,3,2,3,0,4,4,3,2,3,24
E:\anas\uni\semester 7\fyp\fyp work\transformer_health_index\data\raw\images\4348.jpg,3,0,1,3,5,0,5,0,3,2,2,4,5,10
E:\anas\uni\semester 7\fyp\fyp work\transformer_health_index\data\raw\images\2616.jpg,1,1,1,1,1,1,1,1,1,6,1,1,1,18
E:\anas\uni\semester 7\fyp\fyp work\transformer_health_index\data\raw\images\1361.jpg,5,0,5,1,0,1,4,1,0,0,2,2,3,34
E:\anas\uni\semester 7\fyp\fyp work\transformer_health_index\data\raw\images\544.jpg,1,2,3,3,3,3,3,1,3,1,1,1,6,32
E:\anas\uni\semester 7\fyp\fyp work\transformer_health_index\data\raw\images\4835.jpg,3,3,2,4,5,2,0,3,4,5,5,4,5,16
E:\anas\uni\semester 7\fyp\fyp work\transformer_health_index\data\raw\images\772.jpg,2,1,1,4,4,4,0,5,3,0,5,2,3,15
E:\anas\uni\semester 7\fyp\fyp work\transformer_health_index\data\raw\images\952.jpg,0,2,3,0,2,0,5,4,2,0,3,3,1,52
E:\anas\uni\semester 7\fyp\fyp work\transformer_health_index\data\raw\images\4340.jpg,5,1,0,5,5,5,2,1,2,0,3,5,4,15
E:\anas\uni\semester 7\fyp\fyp work\transformer_health_index\data\raw\images\1340.jpg,1,4,3,3,2,5,4,4,4,2,3,0,5,26
E:\anas\uni\semester 7\fyp\fyp work\transformer_health_index\data\raw\images\4636.jpg,3,5,5,5,2,3,5,2,2,5,3,5,5,52
E:\anas\uni\semester 7\fyp\fyp work\transformer_health_index\data\raw\images\4629.jpg,3,5,5,5,2,3,5,2,2,5,3,5,5,52
E:\anas\uni\semester 7\fyp\fyp work\transformer_health_index\data\raw\images\4616.jpg,3,4,5,4,1,3,3,3,2,4,3,3,1,27
E:\anas\uni\semester 7\fyp\fyp work\transformer_health_index\data\raw\images\2150.jpg,3,1,1,6,1,1,3,1,1,6,1,1,1,27
E:\anas\uni\semester 7\fyp\fyp work\transformer_health_index\data\raw\images\1278.jpg,4,0,5,2,3,3,0,4,4,3,4,2,3,45
E:\anas\uni\semester 7\fyp\fyp work\transformer_health_index\data\raw\images\3241.jpg,3,1,1,1,1,1,6,1,1,6,1,1,1,25
E:\anas\uni\semester 7\fyp\fyp work\transformer_health_index\data\raw\images\1498.jpg,3,0,3,2,4,1,0,4,5,5,1,1,3,55
E:\anas\uni\semester 7\fyp\fyp work\transformer_health_index\data\raw\images\2677.jpg,3,1,1,6,6,1,6,1,1,6,1,1,1,35
E:\anas\uni\semester 7\fyp\fyp work\transformer_health_index\data\raw\images\4141.jpg,1,2,2,2,4,4,2,3,3,5,2,1,5,39
E:\anas\uni\semester 7\fyp\fyp work\transformer_health_index\data\raw\images\1718.jpg,1,1,1,1,1,1,1,1,1,1,1,1,1,13
E:\anas\uni\semester 7\fyp\fyp work\transformer_health_index\data\raw\images\2456.jpg,3,3,3,1,6,1,3,1,1,6,1,1,1,31
E:\anas\uni\semester 7\fyp\fyp work\transformer_health_index\data\raw\images\2214.jpg,3,1,1,3,1,1,3,1,1,6,1,1,1,24
E:\anas\uni\semester 7\fyp\fyp work\transformer_health_index\data\raw\images\1295.jpg,0,4,0,2,3,3,0,3,5,2,5,3,1,32
E:\anas\uni\semester 7\fyp\fyp work\transformer_health_index\data\raw\images\3973.jpg,5,4,4,4,5,5,1,2,2,2,5,1,2,55
E:\anas\uni\semester 7\fyp\fyp work\transformer_health_index\data\raw\images\309.jpg,4,3,3,3,3,3,3,3,3,4,2,4,6,44
E:\anas\uni\semester 7\fyp\fyp work\transformer_health_index\data\raw\images\1264.jpg,4,0,5,2,3,3,0,4,4,3,4,2,3,45
E:\anas\uni\semester 7\fyp\fyp work\transformer_health_index\data\raw\images\2317.jpg,3,3,3,1,6,1,1,1,1,6,1,1,1,29
E:\anas\uni\semester 7\fyp\fyp work\transformer_health_index\data\raw\images\976.jpg,2,2,0,3,3,1,2,0,0,4,0,2,4,55
E:\anas\uni\semester 7\fyp\fyp work\transformer_health_index\data\raw\images\2885.jpg,3,1,1,6,6,1,6,1,1,6,1,1,1,35
E:\anas\uni\semester 7\fyp\fyp work\transformer_health_index\data\raw\images\3782.jpg,1,2,1,1,3,3,3,1,1,1,1,1,3,22
E:\anas\uni\semester 7\fyp\fyp work\transformer_health_index\data\raw\images\4681.jpg,2,4,2,5,0,2,0,3,4,5,4,2,4,30
E:\anas\uni\semester 7\fyp\fyp work\transformer_health_index\data\raw\images\1384.jpg,1,1,3,2,3,5,2,2,5,2,4,1,1,37
E:\anas\uni\semester 7\fyp\fyp work\transformer_health_index\data\raw\images\2092.jpg,3,1,1,1,6,1,3,1,1,6,1,1,1,27
E:\anas\uni\semester 7\fyp\fyp work\transformer_health_index\data\raw\images\1046.jpg,4,0,3,4,3,4,5,0,0,0,3,5,5,43
E:\anas\uni\semester 7\fyp\fyp work\transformer_health_index\data\raw\images\467.jpg,1,3,3,3,3,5,3,1,3,1,1,1,6,35
E:\anas\uni\semester 7\fyp\fyp work\transformer_health_index\data\raw\images\1170.jpg,3,0,4,0,3,5,4,4,4,0,4,4,3,23
E:\anas\uni\semester 7\fyp\fyp work\transformer_health_index\data\raw\images\1157.jpg,3,0,4,0,3,5,4,4,4,0,4,4,3,23
E:\anas\uni\semester 7\fyp\fyp work\transformer_health_index\data\raw\images\295.jpg,4,3,3,3,3,3,3,3,3,4,2,4,6,44
E:\anas\uni\semester 7\fyp\fyp work\transformer_health_index\data\raw\images\462.jpg,1,1,1,1,3,5,3,1,1,1,1,1,6,26
E:\anas\uni\semester 7\fyp\fyp work\transformer_health_index\data\raw\images\3321.jpg,3,1,1,1,1,1,6,1,1,6,1,1,1,25
E:\anas\uni\semester 7\fyp\fyp work\transformer_health_index\data\raw\images\488.jpg,1,2,1,1,3,3,3,1,1,1,1,1,3,22
E:\anas\uni\semester 7\fyp\fyp work\transformer_health_index\data\raw\images\965.jpg,0,2,3,0,2,0,5,4,2,0,3,3,1,52
E:\anas\uni\semester 7\fyp\fyp work\transformer_health_index\data\raw\images\1104.jpg,3,3,5,0,4,2,0,4,0,1,4,1,1,15
E:\anas\uni\semester 7\fyp\fyp work\transformer_health_index\data\raw\images\1408.jpg,3,0,5,3,0,1,1,1,1,3,4,1,1,16
E:\anas\uni\semester 7\fyp\fyp work\transformer_health_index\data\raw\images\2629.jpg,3,1,1,6,6,1,3,1,1,6,1,1,1,32
E:\anas\uni\semester 7\fyp\fyp work\transformer_health_index\data\raw\images\4188.jpg,3,1,0,0,3,2,3,0,4,4,3,2,3,24
E:\anas\uni\semester 7\fyp\fyp work\transformer_health_index\data\raw\images\418.jpg,1,1,1,1,3,5,3,1,1,1,1,1,6,26
E:\anas\uni\semester 7\fyp\fyp work\transformer_health_index\data\raw\images\1611.jpg,1,1,1,1,1,1,1,1,1,1,1,1,1,13
E:\anas\uni\semester 7\fyp\fyp work\transformer_health_index\data\raw\images\2223.jpg,3,1,1,3,1,1,3,1,1,6,1,1,1,24
E:\anas\uni\semester 7\fyp\fyp work\transformer_health_index\data\raw\images\2202.jpg,3,1,1,6,1,1,6,1,1,6,1,1,1,30
E:\anas\uni\semester 7\fyp\fyp work\transformer_health_index\data\raw\images\1565.jpg,0,3,4,2,5,2,0,3,4,3,0,4,2,38
E:\anas\uni\semester 7\fyp\fyp work\transformer_health_index\data\raw\images\4116.jpg,2,4,3,2,3,3,3,3,5,5,3,4,1,40
E:\anas\uni\semester 7\fyp\fyp work\transformer_health_index\data\raw\images\3650.jpg,3,1,1,1,1,1,3,1,1,6,1,1,1,22
E:\anas\uni\semester 7\fyp\fyp work\transformer_health_index\data\raw\images\1530.jpg,2,4,0,3,4,2,0,0,5,3,0,0,3,11
E:\anas\uni\semester 7\fyp\fyp work\transformer_health_index\data\raw\images\4903.jpg,4,2,4,2,3,5,4,4,0,3,0,3,5,55
E:\anas\uni\semester 7\fyp\fyp work\transformer_health_index\data\raw\images\1894.jpg,3,1,1,6,6,1,3,1,1,6,1,1,1,32
E:\anas\uni\semester 7\fyp\fyp work\transformer_health_index\data\raw\images\1082.jpg,0,3,0,2,1,0,3,5,4,5,1,2,1,24
E:\anas\uni\semester 7\fyp\fyp work\transformer_health_index\data\raw\images\3724.jpg,1,3,3,3,3,5,3,1,3,1,1,1,6,30
E:\anas\uni\semester 7\fyp\fyp work\transformer_health_index\data\raw\images\2903.jpg,3,3,1,6,6,1,3,1,1,6,1,1,1,34
E:\anas\uni\semester 7\fyp\fyp work\transformer_health_index\data\raw\images\4494.jpg,0,5,1,5,0,0,0,0,0,5,1,4,1,16
E:\anas\uni\semester 7\fyp\fyp work\transformer_health_index\data\raw\images\2646.jpg,3,1,1,6,6,1,3,1,1,6,1,1,1,32
E:\anas\uni\semester 7\fyp\fyp work\transformer_health_index\data\raw\images\2784.jpg,3,1,1,6,6,1,6,1,1,6,1,1,1,35
E:\anas\uni\semester 7\fyp\fyp work\transformer_health_index\data\raw\images\4102.jpg,2,4,3,2,3,3,3,3,5,5,3,4,1,40
E:\anas\uni\semester 7\fyp\fyp work\transformer_health_index\data\raw\images\3787.jpg,1,2,1,1,3,3,3,1,1,1,1,1,3,22
E:\anas\uni\semester 7\fyp\fyp work\transformer_health_index\data\raw\images\107.jpg,6,3,3,3,3,3,3,3,3,4,2,6,6,48
E:\anas\uni\semester 7\fyp\fyp work\transformer_health_index\data\raw\images\876.jpg,5,5,5,3,5,2,5,5,4,2,2,1,5,16
E:\anas\uni\semester 7\fyp\fyp work\transformer_health_index\data\raw\images\4979.jpg,4,3,1,4,5,3,2,5,0,5,1,5,5,33
E:\anas\uni\semester 7\fyp\fyp work\transformer_health_index\data\raw\images\1296.jpg,0,4,0,2,3,3,0,3,5,2,5,3,1,32
E:\anas\uni\semester 7\fyp\fyp work\transformer_health_index\data\raw\images\3017.jpg,3,1,1,3,1,1,6,1,1,6,1,1,1,27
E:\anas\uni\semester 7\fyp\fyp work\transformer_health_index\data\raw\images\3313.jpg,3,1,1,1,1,1,6,1,1,6,1,1,1,25
E:\anas\uni\semester 7\fyp\fyp work\transformer_health_index\data\raw\images\3616.jpg,3,1,1,1,1,1,3,1,1,6,1,1,1,22
E:\anas\uni\semester 7\fyp\fyp work\transformer_health_index\data\raw\images\3510.jpg,3,1,1,1,1,1,3,1,1,6,1,1,1,22
E:\anas\uni\semester 7\fyp\fyp work\transformer_health_index\data\raw\images\164.jpg,4,1,1,1,3,3,3,1,1,4,2,4,6,35
E:\anas\uni\semester 7\fyp\fyp work\transformer_health_index\data\raw\images\2098.jpg,3,1,1,1,6,1,3,1,1,6,1,1,1,27
E:\anas\uni\semester 7\fyp\fyp work\transformer_health_index\data\raw\images\2979.jpg,1,1,1,1,1,1,1,1,1,6,1,1,1,18
E:\anas\uni\semester 7\fyp\fyp work\transformer_health_index\data\raw\images\2727.jpg,3,1,1,6,6,1,6,1,1,6,1,1,1,35
E:\anas\uni\semester 7\fyp\fyp work\transformer_health_index\data\raw\images\2975.jpg,1,1,1,1,1,1,1,1,1,6,1,1,1,18
E:\anas\uni\semester 7\fyp\fyp work\transformer_health_index\data\raw\images\2788.jpg,3,1,1,6,6,1,6,1,1,6,1,1,1,35
E:\anas\uni\semester 7\fyp\fyp work\transformer_health_index\data\raw\images\4847.jpg,3,3,2,4,5,2,0,3,4,5,5,4,5,16
E:\anas\uni\semester 7\fyp\fyp work\transformer_health_index\data\raw\images\1373.jpg,1,1,3,2,3,5,2,2,5,2,4,1,1,37
E:\anas\uni\semester 7\fyp\fyp work\transformer_health_index\data\raw\images\1767.jpg,1,1,1,1,1,1,1,1,1,1,1,1,1,13
E:\anas\uni\semester 7\fyp\fyp work\transformer_health_index\data\raw\images\4022.jpg,3,3,2,2,2,3,1,2,3,4,2,0,4,57
E:\anas\uni\semester 7\fyp\fyp work\transformer_health_index\data\raw\images\1115.jpg,5,4,1,2,3,2,5,5,1,4,2,0,5,56
E:\anas\uni\semester 7\fyp\fyp work\transformer_health_index\data\raw\images\1106.jpg,3,3,5,0,4,2,0,4,0,1,4,1,1,15
E:\anas\uni\semester 7\fyp\fyp work\transformer_health_index\data\raw\images\392.jpg,1,1,1,1,3,5,3,1,1,1,1,1,6,26
E:\anas\uni\semester 7\fyp\fyp work\transformer_health_index\data\raw\images\1932.jpg,3,1,1,6,6,1,3,1,1,6,1,1,1,32
E:\anas\uni\semester 7\fyp\fyp work\transformer_health_index\data\raw\images\4317.jpg,4,4,0,3,1,3,4,1,0,2,4,2,0,45
E:\anas\uni\semester 7\fyp\fyp work\transformer_health_index\data\raw\images\4227.jpg,5,3,2,2,3,1,4,1,5,0,3,5,5,33
E:\anas\uni\semester 7\fyp\fyp work\transformer_health_index\data\raw\images\3841.jpg,1,3,3,3,3,5,3,1,3,1,1,1,6,30
E:\anas\uni\semester 7\fyp\fyp work\transformer_health_index\data\raw\images\3688.jpg,1,1,1,1,1,1,3,1,1,6,1,1,1,20
E:\anas\uni\semester 7\fyp\fyp work\transformer_health_index\data\raw\images\2571.jpg,1,1,1,1,1,1,1,1,1,6,1,1,1,18
E:\anas\uni\semester 7\fyp\fyp work\transformer_health_index\data\raw\images\1759.jpg,1,1,1,1,1,1,1,1,1,1,1,1,1,13
E:\anas\uni\semester 7\fyp\fyp work\transformer_health_index\data\raw\images\4229.jpg,5,3,2,2,3,1,4,1,5,0,3,5,5,33
E:\anas\uni\semester 7\fyp\fyp work\transformer_health_index\data\raw\images\4517.jpg,0,4,1,1,0,4,4,4,5,2,3,4,4,34
E:\anas\uni\semester 7\fyp\fyp work\transformer_health_index\data\raw\images\3281.jpg,3,1,1,1,1,1,3,1,1,6,1,1,1,22
E:\anas\uni\semester 7\fyp\fyp work\transformer_health_index\data\raw\images\2356.jpg,3,3,3,6,6,1,6,1,1,6,1,1,1,39
E:\anas\uni\semester 7\fyp\fyp work\transformer_health_index\data\raw\images\2901.jpg,3,3,1,6,6,1,3,1,1,6,1,1,1,34
E:\anas\uni\semester 7\fyp\fyp work\transformer_health_index\data\raw\images\1522.jpg,2,4,0,3,4,2,0,0,5,3,0,0,3,11
E:\anas\uni\semester 7\fyp\fyp work\transformer_health_index\data\raw\images\966.jpg,0,2,3,0,2,0,5,4,2,0,3,3,1,52
E:\anas\uni\semester 7\fyp\fyp work\transformer_health_index\data\raw\images\2523.jpg,3,1,1,1,1,1,3,1,1,6,1,1,1,22
E:\anas\uni\semester 7\fyp\fyp work\transformer_health_index\data\raw\images\489.jpg,1,2,1,1,3,3,3,1,1,1,1,1,3,22
E:\anas\uni\semester 7\fyp\fyp work\transformer_health_index\data\raw\images\3117.jpg,3,1,1,1,1,1,6,1,1,6,1,1,1,25
E:\anas\uni\semester 7\fyp\fyp work\transformer_health_index\data\raw\images\1154.jpg,1,3,3,2,1,1,0,3,3,3,3,1,5,18
E:\anas\uni\semester 7\fyp\fyp work\transformer_health_index\data\raw\images\4474.jpg,0,5,1,5,0,0,0,0,0,5,1,4,1,16
E:\anas\uni\semester 7\fyp\fyp work\transformer_health_index\data\raw\images\869.jpg,5,5,5,3,5,2,5,5,4,2,2,1,5,16
E:\anas\uni\semester 7\fyp\fyp work\transformer_health_index\data\raw\images\1909.jpg,3,1,1,6,6,1,3,1,1,6,1,1,1,32
E:\anas\uni\semester 7\fyp\fyp work\transformer_health_index\data\raw\images\2421.jpg,3,1,1,6,1,1,3,1,1,6,1,1,1,27
E:\anas\uni\semester 7\fyp\fyp work\transformer_health_index\data\raw\images\1910.jpg,3,1,1,6,6,1,3,1,1,6,1,1,1,32
E:\anas\uni\semester 7\fyp\fyp work\transformer_health_index\data\raw\images\611.jpg,1,2,1,1,3,3,3,1,1,1,1,1,3,22
E:\anas\uni\semester 7\fyp\fyp work\transformer_health_index\data\raw\images\5086.jpg,2,5,1,5,5,5,0,4,3,1,1,1,1,36
E:\anas\uni\semester 7\fyp\fyp work\transformer_health_index\data\raw\images\3971.jpg,5,4,4,4,5,5,1,2,2,2,5,1,2,55
E:\anas\uni\semester 7\fyp\fyp work\transformer_health_index\data\raw\images\2636.jpg,3,1,1,6,6,1,3,1,1,6,1,1,1,32
E:\anas\uni\semester 7\fyp\fyp work\transformer_health_index\data\raw\images\4515.jpg,5,4,3,1,5,0,3,1,2,4,3,3,3,16
E:\anas\uni\semester 7\fyp\fyp work\transformer_health_index\data\raw\images\3668.jpg,1,1,1,1,1,1,3,1,1,6,1,1,1,20
E:\anas\uni\semester 7\fyp\fyp work\transformer_health_index\data\raw\images\3467.jpg,3,1,1,1,1,1,6,1,1,6,1,1,1,25
E:\anas\uni\semester 7\fyp\fyp work\transformer_health_index\data\raw\images\4905.jpg,4,2,4,2,3,5,4,4,0,3,0,3,5,55
E:\anas\uni\semester 7\fyp\fyp work\transformer_health_index\data\raw\images\3274.jpg,3,1,1,6,1,1,6,1,1,6,1,1,1,30
E:\anas\uni\semester 7\fyp\fyp work\transformer_health_index\data\raw\images\35.jpg,1,1,3,3,3,5,3,1,3,3,2,6,6,28
E:\anas\uni\semester 7\fyp\fyp work\transformer_health_index\data\raw\images\2386.jpg,3,3,3,6,6,1,6,1,1,6,1,1,1,39
E:\anas\uni\semester 7\fyp\fyp work\transformer_health_index\data\raw\images\2002.jpg,3,1,1,6,1,1,3,1,1,6,1,1,1,27
E:\anas\uni\semester 7\fyp\fyp work\transformer_health_index\data\raw\images\691.jpg,1,2,1,1,3,5,3,1,1,1,1,1,6,27
E:\anas\uni\semester 7\fyp\fyp work\transformer_health_index\data\raw\images\2631.jpg,3,1,1,6,6,1,3,1,1,6,1,1,1,32
E:\anas\uni\semester 7\fyp\fyp work\transformer_health_index\data\raw\images\403.jpg,1,1,1,1,3,5,3,1,1,1,1,1,6,26
E:\anas\uni\semester 7\fyp\fyp work\transformer_health_index\data\raw\images\4720.jpg,1,1,1,3,5,5,3,0,4,1,2,5,1,13
E:\anas\uni\semester 7\fyp\fyp work\transformer_health_index\data\raw\images\5060.jpg,2,5,5,5,0,4,2,2,0,5,3,0,1,21
E:\anas\uni\semester 7\fyp\fyp work\transformer_health_index\data\raw\images\595.jpg,1,2,1,1,3,5,3,1,1,1,1,1,6,27
E:\anas\uni\semester 7\fyp\fyp work\transformer_health_index\data\raw\images\4283.jpg,3,3,1,4,3,2,2,2,5,2,4,5,5,28
E:\anas\uni\semester 7\fyp\fyp work\transformer_health_index\data\raw\images\2178.jpg,3,3,1,3,6,1,3,1,1,6,1,1,1,31
E:\anas\uni\semester 7\fyp\fyp work\transformer_health_index\data\raw\images\823.jpg,0,5,1,3,0,0,5,1,1,0,0,1,2,28
E:\anas\uni\semester 7\fyp\fyp work\transformer_health_index\data\raw\images\3476.jpg,3,1,1,1,1,1,6,1,1,6,1,1,1,25
E:\anas\uni\semester 7\fyp\fyp work\transformer_health_index\data\raw\images\4127.jpg,0,4,3,1,2,4,1,5,0,1,2,0,1,14
E:\anas\uni\semester 7\fyp\fyp work\transformer_health_index\data\raw\images\624.jpg,1,2,1,1,3,3,3,1,1,1,1,1,3,22
E:\anas\uni\semester 7\fyp\fyp work\transformer_health_index\data\raw\images\3871.jpg,1,3,3,3,3,3,3,1,3,1,1,1,6,27
E:\anas\uni\semester 7\fyp\fyp work\transformer_health_index\data\raw\images\3286.jpg,3,1,1,1,1,1,3,1,1,6,1,1,1,22
E:\anas\uni\semester 7\fyp\fyp work\transformer_health_index\data\raw\images\4931.jpg,3,2,3,3,2,2,1,4,0,1,2,3,2,13
E:\anas\uni\semester 7\fyp\fyp work\transformer_health_index\data\raw\images\3149.jpg,3,1,1,1,1,1,6,1,1,6,1,1,1,25
E:\anas\uni\semester 7\fyp\fyp work\transformer_health_index\data\raw\images\4510.jpg,5,4,3,1,5,0,3,1,2,4,3,3,3,16
E:\anas\uni\semester 7\fyp\fyp work\transformer_health_index\data\raw\images\319.jpg,1,1,3,3,3,5,3,1,3,1,1,1,6,28
E:\anas\uni\semester 7\fyp\fyp work\transformer_health_index\data\raw\images\3831.jpg,1,3,3,3,3,5,3,1,3,1,1,1,6,30
E:\anas\uni\semester 7\fyp\fyp work\transformer_health_index\data\raw\images\1881.jpg,3,1,1,6,6,1,3,1,1,6,1,1,1,32
E:\anas\uni\semester 7\fyp\fyp work\transformer_health_index\data\raw\images\767.jpg,2,1,1,4,4,4,0,5,3,0,5,2,3,15
E:\anas\uni\semester 7\fyp\fyp work\transformer_health_index\data\raw\images\4858.jpg,3,3,1,0,1,4,2,3,2,5,3,3,3,12
E:\anas\uni\semester 7\fyp\fyp work\transformer_health_index\data\raw\images\2088.jpg,3,1,1,1,6,1,3,1,1,6,1,1,1,27
E:\anas\uni\semester 7\fyp\fyp work\transformer_health_index\data\raw\images\1649.jpg,3,3,3,6,1,1,3,1,1,6,1,1,1,31
E:\anas\uni\semester 7\fyp\fyp work\transformer_health_index\data\raw\images\1632.jpg,3,3,3,6,1,1,3,1,1,6,1,1,1,31
E:\anas\uni\semester 7\fyp\fyp work\transformer_health_index\data\raw\images\4932.jpg,3,2,3,3,2,2,1,4,0,1,2,3,2,13
E:\anas\uni\semester 7\fyp\fyp work\transformer_health_index\data\raw\images\2867.jpg,3,1,1,6,6,1,6,1,1,6,1,1,1,35
E:\anas\uni\semester 7\fyp\fyp work\transformer_health_index\data\raw\images\3683.jpg,1,1,1,1,1,1,3,1,1,6,1,1,1,20
E:\anas\uni\semester 7\fyp\fyp work\transformer_health_index\data\raw\images\1538.jpg,2,4,2,3,1,0,3,5,1,0,0,0,5,50
E:\anas\uni\semester 7\fyp\fyp work\transformer_health_index\data\raw\images\2546.jpg,3,1,1,6,6,1,3,1,1,6,1,1,1,32
E:\anas\uni\semester 7\fyp\fyp work\transformer_health_index\data\raw\images\3451.jpg,3,1,1,1,1,1,6,1,1,6,1,1,1,25
E:\anas\uni\semester 7\fyp\fyp work\transformer_health_index\data\raw\images\5157.jpg,5,4,0,2,0,5,3,1,4,1,0,4,1,43
E:\anas\uni\semester 7\fyp\fyp work\transformer_health_index\data\raw\images\3032.jpg,3,1,1,3,1,1,6,1,1,6,1,1,1,27
E:\anas\uni\semester 7\fyp\fyp work\transformer_health_index\data\raw\images\2824.jpg,3,1,1,6,6,1,6,1,1,6,1,1,1,35
E:\anas\uni\semester 7\fyp\fyp work\transformer_health_index\data\raw\images\3875.jpg,1,3,3,3,3,3,3,1,3,1,1,1,6,27
E:\anas\uni\semester 7\fyp\fyp work\transformer_health_index\data\raw\images\1152.jpg,1,3,3,2,1,1,0,3,3,3,3,1,5,18
E:\anas\uni\semester 7\fyp\fyp work\transformer_health_index\data\raw\images\3048.jpg,3,1,1,1,1,1,6,1,1,6,1,1,1,25
E:\anas\uni\semester 7\fyp\fyp work\transformer_health_index\data\raw\images\3907.jpg,2,3,1,3,1,2,2,0,5,5,1,1,1,13
E:\anas\uni\semester 7\fyp\fyp work\transformer_health_index\data\raw\images\629.jpg,1,2,1,1,3,3,3,1,1,1,1,1,3,22
E:\anas\uni\semester 7\fyp\fyp work\transformer_health_index\data\raw\images\5174.jpg,3,0,3,2,0,5,2,3,0,0,2,2,1,42
E:\anas\uni\semester 7\fyp\fyp work\transformer_health_index\data\raw\images\3278.jpg,3,1,1,1,1,1,3,1,1,6,1,1,1,22
E:\anas\uni\semester 7\fyp\fyp work\transformer_health_index\data\raw\images\1786.jpg,1,1,1,1,1,1,1,1,1,1,1,1,1,13
E:\anas\uni\semester 7\fyp\fyp work\transformer_health_index\data\raw\images\1620.jpg,3,3,3,6,1,1,3,1,1,6,1,1,1,31
E:\anas\uni\semester 7\fyp\fyp work\transformer_health_index\data\raw\images\1027.jpg,3,4,3,2,3,4,3,2,2,2,0,4,2,29
E:\anas\uni\semester 7\fyp\fyp work\transformer_health_index\data\raw\images\2641.jpg,3,1,1,6,6,1,3,1,1,6,1,1,1,32
E:\anas\uni\semester 7\fyp\fyp work\transformer_health_index\data\raw\images\514.jpg,1,2,3,3,3,3,3,1,3,1,1,1,6,32
E:\anas\uni\semester 7\fyp\fyp work\transformer_health_index\data\raw\images\3338.jpg,3,1,1,1,1,1,6,1,1,6,1,1,1,25
E:\anas\uni\semester 7\fyp\fyp work\transformer_health_index\data\raw\images\2618.jpg,1,1,1,1,1,1,1,1,1,6,1,1,1,18
E:\anas\uni\semester 7\fyp\fyp work\transformer_health_index\data\raw\images\4746.jpg,1,2,0,0,2,1,0,3,5,1,0,3,2,23
E:\anas\uni\semester 7\fyp\fyp work\transformer_health_index\data\raw\images\3450.jpg,3,1,1,1,1,1,6,1,1,6,1,1,1,25
E:\anas\uni\semester 7\fyp\fyp work\transformer_health_index\data\raw\images\1772.jpg,1,1,1,1,1,1,1,1,1,1,1,1,1,13
E:\anas\uni\semester 7\fyp\fyp work\transformer_health_index\data\raw\images\1913.jpg,3,1,1,6,6,1,3,1,1,6,1,1,1,32
E:\anas\uni\semester 7\fyp\fyp work\transformer_health_index\data\raw\images\982.jpg,2,2,0,3,3,1,2,0,0,4,0,2,4,55
E:\anas\uni\semester 7\fyp\fyp work\transformer_health_index\data\raw\images\981.jpg,2,2,0,3,3,1,2,0,0,4,0,2,4,55
E:\anas\uni\semester 7\fyp\fyp work\transformer_health_index\data\raw\images\1178.jpg,0,4,5,2,5,2,0,4,3,5,0,2,0,43
E:\anas\uni\semester 7\fyp\fyp work\transformer_health_index\data\raw\images\566.jpg,1,1,1,1,3,5,3,1,1,1,1,1,6,26
E:\anas\uni\semester 7\fyp\fyp work\transformer_health_index\data\raw\images\124.jpg,6,3,3,3,3,3,3,3,3,4,2,6,6,48
E:\anas\uni\semester 7\fyp\fyp work\transformer_health_index\data\raw\images\1162.jpg,3,0,4,0,3,5,4,4,4,0,4,4,3,23
E:\anas\uni\semester 7\fyp\fyp work\transformer_health_index\data\raw\images\830.jpg,0,5,1,3,0,0,5,1,1,0,0,1,2,28
E:\anas\uni\semester 7\fyp\fyp work\transformer_health_index\data\raw\images\1679.jpg,3,3,3,6,1,1,3,1,1,6,1,1,1,31
E:\anas\uni\semester 7\fyp\fyp work\transformer_health_index\data\raw\images\4046.jpg,5,0,4,2,2,2,3,2,2,3,2,4,3,23
E:\anas\uni\semester 7\fyp\fyp work\transformer_health_index\data\raw\images\3058.jpg,3,1,1,1,1,1,6,1,1,6,1,1,1,25
E:\anas\uni\semester 7\fyp\fyp work\transformer_health_index\data\raw\images\335.jpg,1,1,3,3,3,5,3,1,3,1,1,1,6,28
E:\anas\uni\semester 7\fyp\fyp work\transformer_health_index\data\raw\images\5144.jpg,4,0,4,3,3,2,3,5,0,3,3,4,4,57
E:\anas\uni\semester 7\fyp\fyp work\transformer_health_index\data\raw\images\5058.jpg,2,5,5,5,0,4,2,2,0,5,3,0,1,21
E:\anas\uni\semester 7\fyp\fyp work\transformer_health_index\data\raw\images\1138.jpg,1,3,3,2,1,1,0,3,3,3,3,1,5,18
E:\anas\uni\semester 7\fyp\fyp work\transformer_health_index\data\raw\images\1834.jpg,3,1,1,1,1,1,5,1,1,1,1,1,1,19
E:\anas\uni\semester 7\fyp\fyp work\transformer_health_index\data\raw\images\3635.jpg,3,1,1,1,1,1,3,1,1,6,1,1,1,22
E:\anas\uni\semester 7\fyp\fyp work\transformer_health_index\data\raw\images\2278.jpg,3,3,3,1,6,1,1,1,1,6,1,1,1,29
E:\anas\uni\semester 7\fyp\fyp work\transformer_health_index\data\raw\images\1622.jpg,3,3,3,6,1,1,3,1,1,6,1,1,1,31
E:\anas\uni\semester 7\fyp\fyp work\transformer_health_index\data\raw\images\2225.jpg,3,1,1,3,1,1,3,1,1,6,1,1,1,24
E:\anas\uni\semester 7\fyp\fyp work\transformer_health_index\data\raw\images\2228.jpg,3,1,1,6,1,1,3,1,1,6,1,1,1,27
E:\anas\uni\semester 7\fyp\fyp work\transformer_health_index\data\raw\images\117.jpg,6,3,3,3,3,3,3,3,3,4,2,6,6,48
E:\anas\uni\semester 7\fyp\fyp work\transformer_health_index\data\raw\images\4096.jpg,2,4,3,2,3,3,3,3,5,5,3,4,1,40
E:\anas\uni\semester 7\fyp\fyp work\transformer_health_index\data\raw\images\3110.jpg,3,1,1,1,1,1,6,1,1,6,1,1,1,25
E:\anas\uni\semester 7\fyp\fyp work\transformer_health_index\data\raw\images\1750.jpg,1,1,1,1,1,1,1,1,1,1,1,1,1,13
E:\anas\uni\semester 7\fyp\fyp work\transformer_health_index\data\raw\images\3643.jpg,3,1,1,1,1,1,3,1,1,6,1,1,1,22
E:\anas\uni\semester 7\fyp\fyp work\transformer_health_index\data\raw\images\1731.jpg,1,1,1,1,1,1,1,1,1,1,1,1,1,13
E:\anas\uni\semester 7\fyp\fyp work\transformer_health_index\data\raw\images\4848.jpg,3,3,2,4,5,2,0,3,4,5,5,4,5,16
E:\anas\uni\semester 7\fyp\fyp work\transformer_health_index\data\raw\images\1366.jpg,1,1,3,2,3,5,2,2,5,2,4,1,1,37
E:\anas\uni\semester 7\fyp\fyp work\transformer_health_index\data\raw\images\700.jpg,1,2,3,3,3,5,3,1,3,1,1,1,6,33
E:\anas\uni\semester 7\fyp\fyp work\transformer_health_index\data\raw\images\1387.jpg,4,4,1,5,1,2,2,5,1,3,0,1,1,59
E:\anas\uni\semester 7\fyp\fyp work\transformer_health_index\data\raw\images\4177.jpg,3,0,0,5,2,0,4,1,2,4,5,2,1,34
E:\anas\uni\semester 7\fyp\fyp work\transformer_health_index\data\raw\images\1047.jpg,4,0,3,4,3,4,5,0,0,0,3,5,5,43
E:\anas\uni\semester 7\fyp\fyp work\transformer_health_index\data\raw\images\441.jpg,1,1,1,1,3,5,3,1,1,1,1,1,6,26
E:\anas\uni\semester 7\fyp\fyp work\transformer_health_index\data\raw\images\1764.jpg,1,1,1,1,1,1,1,1,1,1,1,1,1,13
E:\anas\uni\semester 7\fyp\fyp work\transformer_health_index\data\raw\images\3942.jpg,1,2,3,5,1,5,1,2,1,0,1,3,1,58
E:\anas\uni\semester 7\fyp\fyp work\transformer_health_index\data\raw\images\4632.jpg,3,5,5,5,2,3,5,2,2,5,3,5,5,52
E:\anas\uni\semester 7\fyp\fyp work\transformer_health_index\data\raw\images\3805.jpg,1,3,3,3,3,5,3,1,3,1,1,1,6,30
E:\anas\uni\semester 7\fyp\fyp work\transformer_health_index\data\raw\images\3687.jpg,1,1,1,1,1,1,3,1,1,6,1,1,1,20
E:\anas\uni\semester 7\fyp\fyp work\transformer_health_index\data\raw\images\2152.jpg,3,1,1,6,1,1,3,1,1,6,1,1,1,27
E:\anas\uni\semester 7\fyp\fyp work\transformer_health_index\data\raw\images\434.jpg,1,1,1,1,3,5,3,1,1,1,1,1,6,26
E:\anas\uni\semester 7\fyp\fyp work\transformer_health_index\data\raw\images\3060.jpg,3,1,1,1,1,1,6,1,1,6,1,1,1,25
E:\anas\uni\semester 7\fyp\fyp work\transformer_health_index\data\raw\images\3642.jpg,3,1,1,1,1,1,3,1,1,6,1,1,1,22
E:\anas\uni\semester 7\fyp\fyp work\transformer_health_index\data\raw\images\1783.jpg,1,1,1,1,1,1,1,1,1,1,1,1,1,13
E:\anas\uni\semester 7\fyp\fyp work\transformer_health_index\data\raw\images\522.jpg,1,2,3,3,3,3,3,1,3,1,1,1,6,32
E:\anas\uni\semester 7\fyp\fyp work\transformer_health_index\data\raw\images\4544.jpg,5,4,4,1,1,1,0,2,4,5,5,5,4,11
E:\anas\uni\semester 7\fyp\fyp work\transformer_health_index\data\raw\images\4581.jpg,4,4,5,0,1,1,1,0,5,0,5,2,1,22
E:\anas\uni\semester 7\fyp\fyp work\transformer_health_index\data\raw\images\1412.jpg,3,0,5,3,0,1,1,1,1,3,4,1,1,16
E:\anas\uni\semester 7\fyp\fyp work\transformer_health_index\data\raw\images\4501.jpg,5,4,3,1,5,0,3,1,2,4,3,3,3,16
E:\anas\uni\semester 7\fyp\fyp work\transformer_health_index\data\raw\images\5153.jpg,5,4,0,2,0,5,3,1,4,1,0,4,1,43
E:\anas\uni\semester 7\fyp\fyp work\transformer_health_index\data\raw\images\3791.jpg,1,2,1,1,3,3,3,1,1,1,1,1,3,22
E:\anas\uni\semester 7\fyp\fyp work\transformer_health_index\data\raw\images\400.jpg,1,1,1,1,3,5,3,1,1,1,1,1,6,26
E:\anas\uni\semester 7\fyp\fyp work\transformer_health_index\data\raw\images\4498.jpg,5,4,3,1,5,0,3,1,2,4,3,3,3,16
E:\anas\uni\semester 7\fyp\fyp work\transformer_health_index\data\raw\images\2078.jpg,3,1,1,6,1,1,6,1,1,6,1,1,1,30
E:\anas\uni\semester 7\fyp\fyp work\transformer_health_index\data\raw\images\4849.jpg,3,3,2,4,5,2,0,3,4,5,5,4,5,16
E:\anas\uni\semester 7\fyp\fyp work\transformer_health_index\data\raw\images\4792.jpg,1,3,3,5,5,0,3,4,5,1,4,2,0,42
E:\anas\uni\semester 7\fyp\fyp work\transformer_health_index\data\raw\images\4773.jpg,0,3,3,3,2,0,0,2,2,1,5,2,1,42
E:\anas\uni\semester 7\fyp\fyp work\transformer_health_index\data\raw\images\160.jpg,4,1,1,1,3,3,3,1,1,4,2,4,6,35
E:\anas\uni\semester 7\fyp\fyp work\transformer_health_index\data\raw\images\4801.jpg,1,3,3,5,5,0,3,4,5,1,4,2,0,42
E:\anas\uni\semester 7\fyp\fyp work\transformer_health_index\data\raw\images\3143.jpg,3,1,1,1,1,1,6,1,1,6,1,1,1,25
E:\anas\uni\semester 7\fyp\fyp work\transformer_health_index\data\raw\images\962.jpg,0,2,3,0,2,0,5,4,2,0,3,3,1,52
E:\anas\uni\semester 7\fyp\fyp work\transformer_health_index\data\raw\images\1794.jpg,1,1,1,1,1,1,1,1,1,1,1,1,1,13
E:\anas\uni\semester 7\fyp\fyp work\transformer_health_index\data\raw\images\199.jpg,4,3,3,3,3,3,3,3,3,4,2,4,6,40
E:\anas\uni\semester 7\fyp\fyp work\transformer_health_index\data\raw\images\1112.jpg,3,3,5,0,4,2,0,4,0,1,4,1,1,15
E:\anas\uni\semester 7\fyp\fyp work\transformer_health_index\data\raw\images\1804.jpg,1,1,1,1,1,1,1,1,1,1,1,1,1,13
E:\anas\uni\semester 7\fyp\fyp work\transformer_health_index\data\raw\images\2213.jpg,3,1,1,3,1,1,3,1,1,6,1,1,1,24
E:\anas\uni\semester 7\fyp\fyp work\transformer_health_index\data\raw\images\1430.jpg,1,0,4,1,1,0,4,0,5,3,2,0,4,32
E:\anas\uni\semester 7\fyp\fyp work\transformer_health_index\data\raw\images\2446.jpg,3,3,3,1,6,1,3,1,1,6,1,1,1,31
E:\anas\uni\semester 7\fyp\fyp work\transformer_health_index\data\raw\images\3977.jpg,5,4,4,4,5,5,1,2,2,2,5,1,2,55
E:\anas\uni\semester 7\fyp\fyp work\transformer_health_index\data\raw\images\1879.jpg,3,1,1,6,6,1,3,1,1,6,1,1,1,32
E:\anas\uni\semester 7\fyp\fyp work\transformer_health_index\data\raw\images\1011.jpg,3,4,3,2,3,4,3,2,2,2,0,4,2,29
E:\anas\uni\semester 7\fyp\fyp work\transformer_health_index\data\raw\images\5093.jpg,2,5,1,5,5,5,0,4,3,1,1,1,1,36
E:\anas\uni\semester 7\fyp\fyp work\transformer_health_index\data\raw\images\2985.jpg,1,1,1,1,1,1,1,1,1,6,1,1,1,18
E:\anas\uni\semester 7\fyp\fyp work\transformer_health_index\data\raw\images\4300.jpg,5,4,2,2,2,5,3,3,0,3,5,4,5,16
E:\anas\uni\semester 7\fyp\fyp work\transformer_health_index\data\raw\images\2850.jpg,3,3,1,1,6,6,3,1,1,6,1,1,1,34
E:\anas\uni\semester 7\fyp\fyp work\transformer_health_index\data\raw\images\837.jpg,0,5,1,3,0,0,5,1,1,0,0,1,2,28
E:\anas\uni\semester 7\fyp\fyp work\transformer_health_index\data\raw\images\4485.jpg,0,5,1,5,0,0,0,0,0,5,1,4,1,16
E:\anas\uni\semester 7\fyp\fyp work\transformer_health_index\data\raw\images\4539.jpg,5,4,4,1,1,1,0,2,4,5,5,5,4,11
E:\anas\uni\semester 7\fyp\fyp work\transformer_health_index\data\raw\images\3308.jpg,3,1,1,1,1,1,6,1,1,6,1,1,1,25
E:\anas\uni\semester 7\fyp\fyp work\transformer_health_index\data\raw\images\4962.jpg,4,0,1,2,3,3,0,5,3,0,3,1,5,54
E:\anas\uni\semester 7\fyp\fyp work\transformer_health_index\data\raw\images\2936.jpg,3,3,3,1,6,1,3,1,1,6,1,1,1,31
E:\anas\uni\semester 7\fyp\fyp work\transformer_health_index\data\raw\images\2803.jpg,3,1,1,6,6,1,6,1,1,6,1,1,1,35
E:\anas\uni\semester 7\fyp\fyp work\transformer_health_index\data\raw\images\4315.jpg,4,4,0,3,1,3,4,1,0,2,4,2,0,45
E:\anas\uni\semester 7\fyp\fyp work\transformer_health_index\data\raw\images\4100.jpg,2,4,3,2,3,3,3,3,5,5,3,4,1,40
E:\anas\uni\semester 7\fyp\fyp work\transformer_health_index\data\raw\images\3639.jpg,3,1,1,1,1,1,3,1,1,6,1,1,1,22
E:\anas\uni\semester 7\fyp\fyp work\transformer_health_index\data\raw\images\292.jpg,4,3,3,3,3,3,3,3,3,4,2,4,6,44
E:\anas\uni\semester 7\fyp\fyp work\transformer_health_index\data\raw\images\4634.jpg,3,5,5,5,2,3,5,2,2,5,3,5,5,52
E:\anas\uni\semester 7\fyp\fyp work\transformer_health_index\data\raw\images\452.jpg,1,1,1,1,3,5,3,1,1,1,1,1,6,26
E:\anas\uni\semester 7\fyp\fyp work\transformer_health_index\data\raw\images\3845.jpg,1,3,3,3,3,5,3,1,3,1,1,1,6,30
E:\anas\uni\semester 7\fyp\fyp work\transformer_health_index\data\raw\images\3123.jpg,3,1,1,1,1,1,6,1,1,6,1,1,1,25
E:\anas\uni\semester 7\fyp\fyp work\transformer_health_index\data\raw\images\3766.jpg,1,2,1,1,3,3,3,1,1,1,1,1,3,22
E:\anas\uni\semester 7\fyp\fyp work\transformer_health_index\data\raw\images\2866.jpg,3,1,1,6,6,1,6,1,1,6,1,1,1,35
E:\anas\uni\semester 7\fyp\fyp work\transformer_health_index\data\raw\images\4658.jpg,3,0,5,0,2,1,3,2,3,2,5,3,2,60
E:\anas\uni\semester 7\fyp\fyp work\transformer_health_index\data\raw\images\1489.jpg,1,2,0,3,0,5,5,1,4,1,0,4,3,51
E:\anas\uni\semester 7\fyp\fyp work\transformer_health_index\data\raw\images\2920.jpg,3,3,3,1,6,1,3,1,1,6,1,1,1,31
E:\anas\uni\semester 7\fyp\fyp work\transformer_health_index\data\raw\images\3487.jpg,3,1,1,1,1,1,3,1,1,6,1,1,1,22
E:\anas\uni\semester 7\fyp\fyp work\transformer_health_index\data\raw\images\816.jpg,4,0,5,4,2,5,0,0,5,3,3,3,5,53
E:\anas\uni\semester 7\fyp\fyp work\transformer_health_index\data\raw\images\2509.jpg,3,3,3,1,6,1,3,1,1,6,1,1,1,31
E:\anas\uni\semester 7\fyp\fyp work\transformer_health_index\data\raw\images\3913.jpg,2,3,1,3,1,2,2,0,5,5,1,1,1,13
E:\anas\uni\semester 7\fyp\fyp work\transformer_health_index\data\raw\images\96.jpg,1,1,3,3,3,5,3,1,3,1,1,1,6,28
E:\anas\uni\semester 7\fyp\fyp work\transformer_health_index\data\raw\images\1191.jpg,0,4,5,2,5,2,0,4,3,5,0,2,0,43
E:\anas\uni\semester 7\fyp\fyp work\transformer_health_index\data\raw\images\4279.jpg,3,3,1,4,3,2,2,2,5,2,4,5,5,28
E:\anas\uni\semester 7\fyp\fyp work\transformer_health_index\data\raw\images\909.jpg,1,1,1,4,2,3,2,2,4,0,4,1,5,29
E:\anas\uni\semester 7\fyp\fyp work\transformer_health_index\data\raw\images\1371.jpg,1,1,3,2,3,5,2,2,5,2,4,1,1,37
E:\anas\uni\semester 7\fyp\fyp work\transformer_health_index\data\raw\images\3774.jpg,1,2,1,1,3,3,3,1,1,1,1,1,3,22
E:\anas\uni\semester 7\fyp\fyp work\transformer_health_index\data\raw\images\4464.jpg,0,4,5,2,0,3,2,2,2,2,2,1,5,25
E:\anas\uni\semester 7\fyp\fyp work\transformer_health_index\data\raw\images\3246.jpg,3,1,1,1,1,1,6,1,1,6,1,1,1,25
E:\anas\uni\semester 7\fyp\fyp work\transformer_health_index\data\raw\images\565.jpg,1,1,1,1,3,5,3,1,1,1,1,1,6,26
E:\anas\uni\semester 7\fyp\fyp work\transformer_health_index\data\raw\images\2565.jpg,1,1,1,1,1,1,1,1,1,6,1,1,1,18
E:\anas\uni\semester 7\fyp\fyp work\transformer_health_index\data\raw\images\1796.jpg,1,1,1,1,1,1,1,1,1,1,1,1,1,13
E:\anas\uni\semester 7\fyp\fyp work\transformer_health_index\data\raw\images\4888.jpg,5,3,5,1,5,3,1,3,0,1,1,0,1,46
E:\anas\uni\semester 7\fyp\fyp work\transformer_health_index\data\raw\images\1012.jpg,3,4,3,2,3,4,3,2,2,2,0,4,2,29
E:\anas\uni\semester 7\fyp\fyp work\transformer_health_index\data\raw\images\3217.jpg,3,1,1,1,1,1,6,1,1,6,1,1,1,25
E:\anas\uni\semester 7\fyp\fyp work\transformer_health_index\data\raw\images\4036.jpg,5,0,4,2,2,2,3,2,2,3,2,4,3,23
E:\anas\uni\semester 7\fyp\fyp work\transformer_health_index\data\raw\images\1788.jpg,1,1,1,1,1,1,1,1,1,1,1,1,1,13
E:\anas\uni\semester 7\fyp\fyp work\transformer_health_index\data\raw\images\2756.jpg,3,1,1,6,6,1,6,1,1,6,1,1,1,35
E:\anas\uni\semester 7\fyp\fyp work\transformer_health_index\data\raw\images\4557.jpg,5,4,4,1,1,1,0,2,4,5,5,5,4,11
E:\anas\uni\semester 7\fyp\fyp work\transformer_health_index\data\raw\images\3763.jpg,1,2,1,1,3,3,3,1,1,1,1,1,3,22
E:\anas\uni\semester 7\fyp\fyp work\transformer_health_index\data\raw\images\842.jpg,4,4,3,2,4,0,4,5,1,5,5,2,5,42
E:\anas\uni\semester 7\fyp\fyp work\transformer_health_index\data\raw\images\683.jpg,1,2,1,1,3,5,3,1,1,1,1,1,6,27
E:\anas\uni\semester 7\fyp\fyp work\transformer_health_index\data\raw\images\3261.jpg,3,1,1,6,1,1,6,1,1,6,1,1,1,30
E:\anas\uni\semester 7\fyp\fyp work\transformer_health_index\data\raw\images\1663.jpg,3,3,3,6,1,1,3,1,1,6,1,1,1,31
E:\anas\uni\semester 7\fyp\fyp work\transformer_health_index\data\raw\images\2224.jpg,3,1,1,3,1,1,3,1,1,6,1,1,1,24
E:\anas\uni\semester 7\fyp\fyp work\transformer_health_index\data\raw\images\2758.jpg,3,1,1,6,6,1,6,1,1,6,1,1,1,35
E:\anas\uni\semester 7\fyp\fyp work\transformer_health_index\data\raw\images\2967.jpg,1,1,1,1,1,1,1,1,1,6,1,1,1,18
E:\anas\uni\semester 7\fyp\fyp work\transformer_health_index\data\raw\images\2982.jpg,1,1,1,1,1,1,1,1,1,6,1,1,1,18
E:\anas\uni\semester 7\fyp\fyp work\transformer_health_index\data\raw\images\127.jpg,6,3,3,3,3,3,3,3,3,4,2,6,6,48
E:\anas\uni\semester 7\fyp\fyp work\transformer_health_index\data\raw\images\5111.jpg,3,1,1,0,5,1,4,3,2,5,0,0,0,46
E:\anas\uni\semester 7\fyp\fyp work\transformer_health_index\data\raw\images\4820.jpg,0,4,2,0,2,3,4,5,4,3,5,0,4,14
E:\anas\uni\semester 7\fyp\fyp work\transformer_health_index\data\raw\images\1832.jpg,3,1,1,1,1,1,5,1,1,1,1,1,1,19
E:\anas\uni\semester 7\fyp\fyp work\transformer_health_index\data\raw\images\4397.jpg,4,2,2,5,2,4,0,0,5,0,4,5,5,10
E:\anas\uni\semester 7\fyp\fyp work\transformer_health_index\data\raw\images\1524.jpg,2,4,0,3,4,2,0,0,5,3,0,0,3,11
E:\anas\uni\semester 7\fyp\fyp work\transformer_health_index\data\raw\images\224.jpg,4,1,1,1,3,5,3,1,1,4,2,4,6,36
E:\anas\uni\semester 7\fyp\fyp work\transformer_health_index\data\raw\images\252.jpg,6,3,3,3,3,5,3,3,3,4,2,6,6,46
E:\anas\uni\semester 7\fyp\fyp work\transformer_health_index\data\raw\images\4769.jpg,0,3,3,3,2,0,0,2,2,1,5,2,1,42
E:\anas\uni\semester 7\fyp\fyp work\transformer_health_index\data\raw\images\746.jpg,2,3,3,2,0,3,3,0,2,4,4,2,2,39
E:\anas\uni\semester 7\fyp\fyp work\transformer_health_index\data\raw\images\411.jpg,1,1,1,1,3,5,3,1,1,1,1,1,6,26
E:\anas\uni\semester 7\fyp\fyp work\transformer_health_index\data\raw\images\3475.jpg,3,1,1,1,1,1,6,1,1,6,1,1,1,25
E:\anas\uni\semester 7\fyp\fyp work\transformer_health_index\data\raw\images\4369.jpg,0,1,0,2,1,2,1,5,0,1,2,4,2,21
E:\anas\uni\semester 7\fyp\fyp work\transformer_health_index\data\raw\images\3155.jpg,3,1,1,1,1,1,6,1,1,6,1,1,1,25
E:\anas\uni\semester 7\fyp\fyp work\transformer_health_index\data\raw\images\719.jpg,1,2,3,3,3,5,3,1,3,1,1,1,6,33
E:\anas\uni\semester 7\fyp\fyp work\transformer_health_index\data\raw\images\26.jpg,1,1,3,3,3,5,3,1,3,3,2,6,6,28
E:\anas\uni\semester 7\fyp\fyp work\transformer_health_index\data\raw\images\755.jpg,2,3,3,2,0,3,3,0,2,4,4,2,2,39
E:\anas\uni\semester 7\fyp\fyp work\transformer_health_index\data\raw\images\1120.jpg,5,4,1,2,3,2,5,5,1,4,2,0,5,56
E:\anas\uni\semester 7\fyp\fyp work\transformer_health_index\data\raw\images\810.jpg,4,0,5,4,2,5,0,0,5,3,3,3,5,53
E:\anas\uni\semester 7\fyp\fyp work\transformer_health_index\data\raw\images\2267.jpg,3,1,1,6,1,1,6,1,1,6,1,1,1,30
E:\anas\uni\semester 7\fyp\fyp work\transformer_health_index\data\raw\images\2960.jpg,3,3,3,1,6,1,3,1,1,6,1,1,1,31
E:\anas\uni\semester 7\fyp\fyp work\transformer_health_index\data\raw\images\3075.jpg,3,1,1,6,6,1,6,1,1,6,1,1,1,35
E:\anas\uni\semester 7\fyp\fyp work\transformer_health_index\data\raw\images\5008.jpg,2,3,4,5,3,3,5,5,3,5,3,0,1,29
E:\anas\uni\semester 7\fyp\fyp work\transformer_health_index\data\raw\images\2846.jpg,3,3,1,1,6,6,3,1,1,6,1,1,1,34
E:\anas\uni\semester 7\fyp\fyp work\transformer_health_index\data\raw\images\648.jpg,1,2,1,1,3,3,3,1,1,1,1,1,3,22
E:\anas\uni\semester 7\fyp\fyp work\transformer_health_index\data\raw\images\917.jpg,1,1,1,4,2,3,2,2,4,0,4,1,5,29
E:\anas\uni\semester 7\fyp\fyp work\transformer_health_index\data\raw\images\2608.jpg,1,1,1,1,1,1,1,1,1,6,1,1,1,18
E:\anas\uni\semester 7\fyp\fyp work\transformer_health_index\data\raw\images\3559.jpg,3,1,1,1,6,1,3,1,1,6,1,1,1,27
E:\anas\uni\semester 7\fyp\fyp work\transformer_health_index\data\raw\images\3901.jpg,4,1,4,4,5,0,0,2,3,1,1,2,2,45
E:\anas\uni\semester 7\fyp\fyp work\transformer_health_index\data\raw\images\4904.jpg,4,2,4,2,3,5,4,4,0,3,0,3,5,55
E:\anas\uni\semester 7\fyp\fyp work\transformer_health_index\data\raw\images\1720.jpg,1,1,1,1,1,1,1,1,1,1,1,1,1,13
E:\anas\uni\semester 7\fyp\fyp work\transformer_health_index\data\raw\images\4822.jpg,0,4,2,0,2,3,4,5,4,3,5,0,4,14
E:\anas\uni\semester 7\fyp\fyp work\transformer_health_index\data\raw\images\2000.jpg,3,1,1,6,1,1,3,1,1,6,1,1,1,27
E:\anas\uni\semester 7\fyp\fyp work\transformer_health_index\data\raw\images\4921.jpg,3,2,3,3,2,2,1,4,0,1,2,3,2,13
E:\anas\uni\semester 7\fyp\fyp work\transformer_health_index\data\raw\images\474.jpg,1,3,3,3,3,5,3,1,3,1,1,1,6,35
E:\anas\uni\semester 7\fyp\fyp work\transformer_health_index\data\raw\images\2524.jpg,3,1,1,1,1,1,3,1,1,6,1,1,1,22
E:\anas\uni\semester 7\fyp\fyp work\transformer_health_index\data\raw\images\2905.jpg,3,3,1,6,6,1,3,1,1,6,1,1,1,34
E:\anas\uni\semester 7\fyp\fyp work\transformer_health_index\data\raw\images\2478.jpg,3,3,3,1,6,1,3,1,1,6,1,1,1,31
E:\anas\uni\semester 7\fyp\fyp work\transformer_health_index\data\raw\images\972.jpg,2,2,0,3,3,1,2,0,0,4,0,2,4,55
E:\anas\uni\semester 7\fyp\fyp work\transformer_health_index\data\raw\images\4040.jpg,5,0,4,2,2,2,3,2,2,3,2,4,3,23
E:\anas\uni\semester 7\fyp\fyp work\transformer_health_index\data\raw\images\4206.jpg,0,4,5,3,2,3,4,1,0,4,5,3,0,53
E:\anas\uni\semester 7\fyp\fyp work\transformer_health_index\data\raw\images\2375.jpg,3,3,3,6,6,1,6,1,1,6,1,1,1,39
E:\anas\uni\semester 7\fyp\fyp work\transformer_health_index\data\raw\images\5079.jpg,2,2,2,4,0,1,5,5,3,0,1,4,4,40
E:\anas\uni\semester 7\fyp\fyp work\transformer_health_index\data\raw\images\3734.jpg,1,3,3,3,3,5,3,1,3,1,1,1,6,30
E:\anas\uni\semester 7\fyp\fyp work\transformer_health_index\data\raw\images\2693.jpg,3,1,1,6,6,1,6,1,1,6,1,1,1,35
E:\anas\uni\semester 7\fyp\fyp work\transformer_health_index\data\raw\images\3033.jpg,3,1,1,3,1,1,6,1,1,6,1,1,1,27
E:\anas\uni\semester 7\fyp\fyp work\transformer_health_index\data\raw\images\3923.jpg,2,3,1,3,1,2,2,0,5,5,1,1,1,13
E:\anas\uni\semester 7\fyp\fyp work\transformer_health_index\data\raw\images\4529.jpg,0,4,1,1,0,4,4,4,5,2,3,4,4,34
E:\anas\uni\semester 7\fyp\fyp work\transformer_health_index\data\raw\images\4933.jpg,3,2,3,3,2,2,1,4,0,1,2,3,2,13
E:\anas\uni\semester 7\fyp\fyp work\transformer_health_index\data\raw\images\2680.jpg,3,1,1,6,6,1,6,1,1,6,1,1,1,35
E:\anas\uni\semester 7\fyp\fyp work\transformer_health_index\data\raw\images\270.jpg,1,1,3,3,3,5,3,1,3,1,1,1,6,28
E:\anas\uni\semester 7\fyp\fyp work\transformer_health_index\data\raw\images\2520.jpg,3,3,3,1,6,1,3,1,1,6,1,1,1,31
E:\anas\uni\semester 7\fyp\fyp work\transformer_health_index\data\raw\images\3982.jpg,5,4,4,4,5,5,1,2,2,2,5,1,2,55
E:\anas\uni\semester 7\fyp\fyp work\transformer_health_index\data\raw\images\1600.jpg,1,1,1,1,1,1,1,1,1,1,1,1,1,13
E:\anas\uni\semester 7\fyp\fyp work\transformer_health_index\data\raw\images\3390.jpg,3,1,1,1,1,1,3,1,1,6,1,1,1,22
E:\anas\uni\semester 7\fyp\fyp work\transformer_health_index\data\raw\images\5103.jpg,2,5,1,5,5,5,0,4,3,1,1,1,1,36
E:\anas\uni\semester 7\fyp\fyp work\transformer_health_index\data\raw\images\3205.jpg,3,1,1,6,6,1,6,1,1,6,1,1,1,35
E:\anas\uni\semester 7\fyp\fyp work\transformer_health_index\data\raw\images\553.jpg,1,1,1,1,3,5,3,1,1,1,1,1,6,26
E:\anas\uni\semester 7\fyp\fyp work\transformer_health_index\data\raw\images\2280.jpg,3,3,3,1,6,1,1,1,1,6,1,1,1,29
E:\anas\uni\semester 7\fyp\fyp work\transformer_health_index\data\raw\images\1678.jpg,3,3,3,6,1,1,3,1,1,6,1,1,1,31
E:\anas\uni\semester 7\fyp\fyp work\transformer_health_index\data\raw\images\1590.jpg,2,0,5,3,2,1,5,5,5,2,3,4,2,38
E:\anas\uni\semester 7\fyp\fyp work\transformer_health_index\data\raw\images\4407.jpg,4,2,2,5,2,4,0,0,5,0,4,5,5,10
E:\anas\uni\semester 7\fyp\fyp work\transformer_health_index\data\raw\images\4541.jpg,5,4,4,1,1,1,0,2,4,5,5,5,4,11
E:\anas\uni\semester 7\fyp\fyp work\transformer_health_index\data\raw\images\1131.jpg,5,4,1,2,3,2,5,5,1,4,2,0,5,56
E:\anas\uni\semester 7\fyp\fyp work\transformer_health_index\data\raw\images\2441.jpg,3,3,3,1,6,1,3,1,1,6,1,1,1,31
E:\anas\uni\semester 7\fyp\fyp work\transformer_health_index\data\raw\images\4045.jpg,5,0,4,2,2,2,3,2,2,3,2,4,3,23
E:\anas\uni\semester 7\fyp\fyp work\transformer_health_index\data\raw\images\3925.jpg,2,3,1,3,1,2,2,0,5,5,1,1,1,13
E:\anas\uni\semester 7\fyp\fyp work\transformer_health_index\data\raw\images\269.jpg,1,1,3,3,3,5,3,1,3,1,1,1,6,28
E:\anas\uni\semester 7\fyp\fyp work\transformer_health_index\data\raw\images\1181.jpg,0,4,5,2,5,2,0,4,3,5,0,2,0,43
E:\anas\uni\semester 7\fyp\fyp work\transformer_health_index\data\raw\images\1604.jpg,1,1,1,1,1,1,1,1,1,1,1,1,1,13
E:\anas\uni\semester 7\fyp\fyp work\transformer_health_index\data\raw\images\2096.jpg,3,1,1,1,6,1,3,1,1,6,1,1,1,27
E:\anas\uni\semester 7\fyp\fyp work\transformer_health_index\data\raw\images\1292.jpg,0,4,0,2,3,3,0,3,5,2,5,3,1,32
E:\anas\uni\semester 7\fyp\fyp work\transformer_health_index\data\raw\images\582.jpg,1,1,1,1,3,5,3,1,1,1,1,1,6,26
E:\anas\uni\semester 7\fyp\fyp work\transformer_health_index\data\raw\images\4020.jpg,3,3,2,2,2,3,1,2,3,4,2,0,4,57
E:\anas\uni\semester 7\fyp\fyp work\transformer_health_index\data\raw\images\1781.jpg,1,1,1,1,1,1,1,1,1,1,1,1,1,13
E:\anas\uni\semester 7\fyp\fyp work\transformer_health_index\data\raw\images\297.jpg,4,3,3,3,3,3,3,3,3,4,2,4,6,44
E:\anas\uni\semester 7\fyp\fyp work\transformer_health_index\data\raw\images\2666.jpg,3,1,1,6,6,1,6,1,1,6,1,1,1,35
E:\anas\uni\semester 7\fyp\fyp work\transformer_health_index\data\raw\images\227.jpg,4,1,1,1,3,5,3,1,1,4,2,4,6,36
E:\anas\uni\semester 7\fyp\fyp work\transformer_health_index\data\raw\images\2020.jpg,3,1,1,6,1,1,6,1,1,6,1,1,1,30
E:\anas\uni\semester 7\fyp\fyp work\transformer_health_index\data\raw\images\1857.jpg,3,1,1,6,6,1,3,1,1,6,1,1,1,32
E:\anas\uni\semester 7\fyp\fyp work\transformer_health_index\data\raw\images\2483.jpg,3,3,3,1,6,1,3,1,1,6,1,1,1,31
E:\anas\uni\semester 7\fyp\fyp work\transformer_health_index\data\raw\images\3753.jpg,1,1,3,3,4,5,3,1,3,1,1,1,6,28
E:\anas\uni\semester 7\fyp\fyp work\transformer_health_index\data\raw\images\1379.jpg,1,1,3,2,3,5,2,2,5,2,4,1,1,37
E:\anas\uni\semester 7\fyp\fyp work\transformer_health_index\data\raw\images\3783.jpg,1,2,1,1,3,3,3,1,1,1,1,1,3,22
E:\anas\uni\semester 7\fyp\fyp work\transformer_health_index\data\raw\images\3362.jpg,3,1,1,1,1,1,6,1,1,6,1,1,1,25
E:\anas\uni\semester 7\fyp\fyp work\transformer_health_index\data\raw\images\822.jpg,0,5,1,3,0,0,5,1,1,0,0,1,2,28
E:\anas\uni\semester 7\fyp\fyp work\transformer_health_index\data\raw\images\1952.jpg,3,1,1,6,1,1,3,1,1,6,1,1,1,27
E:\anas\uni\semester 7\fyp\fyp work\transformer_health_index\data\raw\images\2488.jpg,3,3,3,1,6,1,3,1,1,6,1,1,1,31
E:\anas\uni\semester 7\fyp\fyp work\transformer_health_index\data\raw\images\1711.jpg,1,1,1,1,1,1,1,1,1,1,1,1,1,13
E:\anas\uni\semester 7\fyp\fyp work\transformer_health_index\data\raw\images\3918.jpg,2,3,1,3,1,2,2,0,5,5,1,1,1,13
E:\anas\uni\semester 7\fyp\fyp work\transformer_health_index\data\raw\images\968.jpg,2,2,0,3,3,1,2,0,0,4,0,2,4,55
E:\anas\uni\semester 7\fyp\fyp work\transformer_health_index\data\raw\images\730.jpg,1,2,3,3,3,5,3,1,3,1,1,1,6,33
E:\anas\uni\semester 7\fyp\fyp work\transformer_health_index\data\raw\images\140.jpg,6,3,3,3,3,3,3,3,3,4,2,6,6,48
E:\anas\uni\semester 7\fyp\fyp work\transformer_health_index\data\raw\images\1051.jpg,3,2,5,1,2,5,0,4,3,3,5,3,2,18
E:\anas\uni\semester 7\fyp\fyp work\transformer_health_index\data\raw\images\841.jpg,4,4,3,2,4,0,4,5,1,5,5,2,5,42
E:\anas\uni\semester 7\fyp\fyp work\transformer_health_index\data\raw\images\45.jpg,4,1,1,1,3,3,3,1,1,4,2,4,1,29
E:\anas\uni\semester 7\fyp\fyp work\transformer_health_index\data\raw\images\4377.jpg,0,1,0,2,1,2,1,5,0,1,2,4,2,21
E:\anas\uni\semester 7\fyp\fyp work\transformer_health_index\data\raw\images\2891.jpg,3,1,1,6,6,1,6,1,1,6,1,1,1,35
E:\anas\uni\semester 7\fyp\fyp work\transformer_health_index\data\raw\images\4574.jpg,1,5,5,0,1,4,0,4,1,5,1,1,4,26
E:\anas\uni\semester 7\fyp\fyp work\transformer_health_index\data\raw\images\2066.jpg,3,1,1,6,1,1,6,1,1,6,1,1,1,30
E:\anas\uni\semester 7\fyp\fyp work\transformer_health_index\data\raw\images\65.jpg,4,1,1,1,3,3,3,1,1,4,2,4,1,29
E:\anas\uni\semester 7\fyp\fyp work\transformer_health_index\data\raw\images\3589.jpg,3,1,1,1,1,1,3,1,1,6,1,1,1,22
E:\anas\uni\semester 7\fyp\fyp work\transformer_health_index\data\raw\images\3214.jpg,3,1,1,1,1,1,6,1,1,6,1,1,1,25
E:\anas\uni\semester 7\fyp\fyp work\transformer_health_index\data\raw\images\2311.jpg,3,3,3,1,6,1,1,1,1,6,1,1,1,29
E:\anas\uni\semester 7\fyp\fyp work\transformer_health_index\data\raw\images\1063.jpg,3,2,5,1,2,5,0,4,3,3,5,3,2,18
E:\anas\uni\semester 7\fyp\fyp work\transformer_health_index\data\raw\images\4560.jpg,1,5,5,0,1,4,0,4,1,5,1,1,4,26
E:\anas\uni\semester 7\fyp\fyp work\transformer_health_index\data\raw\images\396.jpg,1,1,1,1,3,5,3,1,1,1,1,1,6,26
E:\anas\uni\semester 7\fyp\fyp work\transformer_health_index\data\raw\images\1004.jpg,2,3,3,2,4,3,0,3,0,2,1,4,2,13
E:\anas\uni\semester 7\fyp\fyp work\transformer_health_index\data\raw\images\505.jpg,1,2,3,3,3,3,3,1,3,1,1,1,6,32
E:\anas\uni\semester 7\fyp\fyp work\transformer_health_index\data\raw\images\1244.jpg,5,3,4,2,3,2,5,1,0,2,4,2,2,46
E:\anas\uni\semester 7\fyp\fyp work\transformer_health_index\data\raw\images\1877.jpg,3,1,1,6,6,1,3,1,1,6,1,1,1,32
E:\anas\uni\semester 7\fyp\fyp work\transformer_health_index\data\raw\images\2015.jpg,3,1,1,6,1,1,3,1,1,6,1,1,1,27
E:\anas\uni\semester 7\fyp\fyp work\transformer_health_index\data\raw\images\3851.jpg,1,3,3,3,3,5,3,1,3,1,1,1,6,30
E:\anas\uni\semester 7\fyp\fyp work\transformer_health_index\data\raw\images\3124.jpg,3,1,1,1,1,1,6,1,1,6,1,1,1,25
E:\anas\uni\semester 7\fyp\fyp work\transformer_health_index\data\raw\images\333.jpg,1,1,3,3,3,5,3,1,3,1,1,1,6,28
E:\anas\uni\semester 7\fyp\fyp work\transformer_health_index\data\raw\images\3792.jpg,1,2,1,1,3,3,3,1,1,1,1,1,3,22
E:\anas\uni\semester 7\fyp\fyp work\transformer_health_index\data\raw\images\137.jpg,6,3,3,3,3,3,3,3,3,4,2,6,6,48
E:\anas\uni\semester 7\fyp\fyp work\transformer_health_index\data\raw\images\1738.jpg,1,1,1,1,1,1,1,1,1,1,1,1,1,13
E:\anas\uni\semester 7\fyp\fyp work\transformer_health_index\data\raw\images\4252.jpg,4,4,3,0,3,5,5,3,3,3,1,2,3,17
E:\anas\uni\semester 7\fyp\fyp work\transformer_health_index\data\raw\images\1075.jpg,0,3,0,2,1,0,3,5,4,5,1,2,1,24
E:\anas\uni\semester 7\fyp\fyp work\transformer_health_index\data\raw\images\4353.jpg,3,0,1,3,5,0,5,0,3,2,2,4,5,10
E:\anas\uni\semester 7\fyp\fyp work\transformer_health_index\data\raw\images\230.jpg,4,1,1,1,3,5,3,1,1,4,2,4,6,36
E:\anas\uni\semester 7\fyp\fyp work\transformer_health_index\data\raw\images\4495.jpg,5,4,3,1,5,0,3,1,2,4,3,3,3,16
E:\anas\uni\semester 7\fyp\fyp work\transformer_health_index\data\raw\images\5173.jpg,3,0,3,2,0,5,2,3,0,0,2,2,1,42
E:\anas\uni\semester 7\fyp\fyp work\transformer_health_index\data\raw\images\4110.jpg,2,4,3,2,3,3,3,3,5,5,3,4,1,40
E:\anas\uni\semester 7\fyp\fyp work\transformer_health_index\data\raw\images\4712.jpg,1,1,1,3,5,5,3,0,4,1,2,5,1,13
E:\anas\uni\semester 7\fyp\fyp work\transformer_health_index\data\raw\images\2284.jpg,3,3,3,1,6,1,1,1,1,6,1,1,1,29
E:\anas\uni\semester 7\fyp\fyp work\transformer_health_index\data\raw\images\1460.jpg,1,0,3,3,2,4,5,1,0,0,1,5,0,49
E:\anas\uni\semester 7\fyp\fyp work\transformer_health_index\data\raw\images\1155.jpg,1,3,3,2,1,1,0,3,3,3,3,1,5,18
E:\anas\uni\semester 7\fyp\fyp work\transformer_health_index\data\raw\images\2100.jpg,3,1,1,1,6,1,3,1,1,6,1,1,1,27
E:\anas\uni\semester 7\fyp\fyp work\transformer_health_index\data\raw\images\2452.jpg,3,3,3,1,6,1,3,1,1,6,1,1,1,31
E:\anas\uni\semester 7\fyp\fyp work\transformer_health_index\data\raw\images\2516.jpg,3,3,3,1,6,1,3,1,1,6,1,1,1,31
E:\anas\uni\semester 7\fyp\fyp work\transformer_health_index\data\raw\images\249.jpg,6,3,3,3,3,5,3,3,3,4,2,6,6,46
E:\anas\uni\semester 7\fyp\fyp work\transformer_health_index\data\raw\images\1848.jpg,3,1,1,1,1,1,5,1,1,1,1,1,1,19
E:\anas\uni\semester 7\fyp\fyp work\transformer_health_index\data\raw\images\1172.jpg,3,0,4,0,3,5,4,4,4,0,4,4,3,23
E:\anas\uni\semester 7\fyp\fyp work\transformer_health_index\data\raw\images\15.jpg,1,1,3,3,3,5,3,1,3,3,2,6,6,28
E:\anas\uni\semester 7\fyp\fyp work\transformer_health_index\data\raw\images\99.jpg,1,1,3,3,3,5,3,1,3,1,1,1,6,28
E:\anas\uni\semester 7\fyp\fyp work\transformer_health_index\data\raw\images\2045.jpg,3,1,1,6,1,1,3,1,1,6,1,1,1,27
E:\anas\uni\semester 7\fyp\fyp work\transformer_health_index\data\raw\images\4321.jpg,4,4,0,3,1,3,4,1,0,2,4,2,0,45
E:\anas\uni\semester 7\fyp\fyp work\transformer_health_index\data\raw\images\2669.jpg,3,1,1,6,6,1,6,1,1,6,1,1,1,35
E:\anas\uni\semester 7\fyp\fyp work\transformer_health_index\data\raw\images\752.jpg,2,3,3,2,0,3,3,0,2,4,4,2,2,39
E:\anas\uni\semester 7\fyp\fyp work\transformer_health_index\data\raw\images\4487.jpg,0,5,1,5,0,0,0,0,0,5,1,4,1,16
E:\anas\uni\semester 7\fyp\fyp work\transformer_health_index\data\raw\images\4738.jpg,1,2,0,0,2,1,0,3,5,1,0,3,2,23
E:\anas\uni\semester 7\fyp\fyp work\transformer_health_index\data\raw\images\4074.jpg,5,5,2,2,2,4,2,5,3,1,4,4,2,35
E:\anas\uni\semester 7\fyp\fyp work\transformer_health_index\data\raw\images\1777.jpg,1,1,1,1,1,1,1,1,1,1,1,1,1,13
E:\anas\uni\semester 7\fyp\fyp work\transformer_health_index\data\raw\images\4724.jpg,1,1,1,3,5,5,3,0,4,1,2,5,1,13
E:\anas\uni\semester 7\fyp\fyp work\transformer_health_index\data\raw\images\3191.jpg,3,1,1,1,1,1,6,1,1,6,1,1,1,25
E:\anas\uni\semester 7\fyp\fyp work\transformer_health_index\data\raw\images\4195.jpg,3,1,0,0,3,2,3,0,4,4,3,2,3,24
E:\anas\uni\semester 7\fyp\fyp work\transformer_health_index\data\raw\images\3073.jpg,3,1,1,6,6,1,6,1,1,6,1,1,1,35
E:\anas\uni\semester 7\fyp\fyp work\transformer_health_index\data\raw\images\1021.jpg,3,4,3,2,3,4,3,2,2,2,0,4,2,29
E:\anas\uni\semester 7\fyp\fyp work\transformer_health_index\data\raw\images\3984.jpg,5,4,4,4,5,5,1,2,2,2,5,1,2,55
E:\anas\uni\semester 7\fyp\fyp work\transformer_health_index\data\raw\images\1676.jpg,3,3,3,6,1,1,3,1,1,6,1,1,1,31
E:\anas\uni\semester 7\fyp\fyp work\transformer_health_index\data\raw\images\1257.jpg,5,3,4,2,3,2,5,1,0,2,4,2,2,46
E:\anas\uni\semester 7\fyp\fyp work\transformer_health_index\data\raw\images\4246.jpg,4,4,3,0,3,5,5,3,3,3,1,2,3,17
E:\anas\uni\semester 7\fyp\fyp work\transformer_health_index\data\raw\images\4416.jpg,5,3,4,0,2,1,3,4,0,4,3,4,2,45
E:\anas\uni\semester 7\fyp\fyp work\transformer_health_index\data\raw\images\4619.jpg,3,4,5,4,1,3,3,3,2,4,3,3,1,27
E:\anas\uni\semester 7\fyp\fyp work\transformer_health_index\data\raw\images\2244.jpg,3,1,1,6,1,1,3,1,1,6,1,1,1,27
E:\anas\uni\semester 7\fyp\fyp work\transformer_health_index\data\raw\images\2872.jpg,3,1,1,6,6,1,6,1,1,6,1,1,1,35
E:\anas\uni\semester 7\fyp\fyp work\transformer_health_index\data\raw\images\3268.jpg,3,1,1,6,1,1,6,1,1,6,1,1,1,30
E:\anas\uni\semester 7\fyp\fyp work\transformer_health_index\data\raw\images\3459.jpg,3,1,1,1,1,1,6,1,1,6,1,1,1,25
E:\anas\uni\semester 7\fyp\fyp work\transformer_health_index\data\raw\images\3469.jpg,3,1,1,1,1,1,6,1,1,6,1,1,1,25
E:\anas\uni\semester 7\fyp\fyp work\transformer_health_index\data\raw\images\2392.jpg,3,3,3,6,6,1,6,1,1,6,1,1,1,39
E:\anas\uni\semester 7\fyp\fyp work\transformer_health_index\data\raw\images\2436.jpg,3,1,1,6,1,1,3,1,1,6,1,1,1,27
E:\anas\uni\semester 7\fyp\fyp work\transformer_health_index\data\raw\images\1284.jpg,0,4,0,2,3,3,0,3,5,2,5,3,1,32
E:\anas\uni\semester 7\fyp\fyp work\transformer_health_index\data\raw\images\3876.jpg,1,3,3,3,3,3,3,1,3,1,1,1,6,27
E:\anas\uni\semester 7\fyp\fyp work\transformer_health_index\data\raw\images\1656.jpg,3,3,3,6,1,1,3,1,1,6,1,1,1,31
E:\anas\uni\semester 7\fyp\fyp work\transformer_health_index\data\raw\images\4093.jpg,2,0,1,5,4,1,5,2,0,5,4,4,5,54
E:\anas\uni\semester 7\fyp\fyp work\transformer_health_index\data\raw\images\4688.jpg,2,2,3,1,4,0,4,0,1,0,1,3,3,43
E:\anas\uni\semester 7\fyp\fyp work\transformer_health_index\data\raw\images\3700.jpg,1,3,3,3,3,5,3,1,3,1,1,1,6,30
E:\anas\uni\semester 7\fyp\fyp work\transformer_health_index\data\raw\images\574.jpg,1,1,1,1,3,5,3,1,1,1,1,1,6,26
E:\anas\uni\semester 7\fyp\fyp work\transformer_health_index\data\raw\images\1382.jpg,1,1,3,2,3,5,2,2,5,2,4,1,1,37
E:\anas\uni\semester 7\fyp\fyp work\transformer_health_index\data\raw\images\849.jpg,4,4,3,2,4,0,4,5,1,5,5,2,5,42
E:\anas\uni\semester 7\fyp\fyp work\transformer_health_index\data\raw\images\2216.jpg,3,1,1,3,1,1,3,1,1,6,1,1,1,24
E:\anas\uni\semester 7\fyp\fyp work\transformer_health_index\data\raw\images\2307.jpg,3,3,3,1,6,1,6,1,1,6,1,1,1,34
E:\anas\uni\semester 7\fyp\fyp work\transformer_health_index\data\raw\images\521.jpg,1,2,3,3,3,3,3,1,3,1,1,1,6,32
E:\anas\uni\semester 7\fyp\fyp work\transformer_health_index\data\raw\images\2755.jpg,3,1,1,6,6,1,6,1,1,6,1,1,1,35
E:\anas\uni\semester 7\fyp\fyp work\transformer_health_index\data\raw\images\820.jpg,0,5,1,3,0,0,5,1,1,0,0,1,2,28
E:\anas\uni\semester 7\fyp\fyp work\transformer_health_index\data\raw\images\1105.jpg,3,3,5,0,4,2,0,4,0,1,4,1,1,15
E:\anas\uni\semester 7\fyp\fyp work\transformer_health_index\data\raw\images\1782.jpg,1,1,1,1,1,1,1,1,1,1,1,1,1,13
E:\anas\uni\semester 7\fyp\fyp work\transformer_health_index\data\raw\images\4179.jpg,3,0,0,5,2,0,4,1,2,4,5,2,1,34
E:\anas\uni\semester 7\fyp\fyp work\transformer_health_index\data\raw\images\4516.jpg,0,4,1,1,0,4,4,4,5,2,3,4,4,34
E:\anas\uni\semester 7\fyp\fyp work\transformer_health_index\data\raw\images\3250.jpg,3,1,1,1,1,1,6,1,1,6,1,1,1,25
E:\anas\uni\semester 7\fyp\fyp work\transformer_health_index\data\raw\images\2606.jpg,1,1,1,1,1,1,1,1,1,6,1,1,1,18
E:\anas\uni\semester 7\fyp\fyp work\transformer_health_index\data\raw\images\3140.jpg,3,1,1,1,1,1,6,1,1,6,1,1,1,25
E:\anas\uni\semester 7\fyp\fyp work\transformer_health_index\data\raw\images\4691.jpg,2,2,3,1,4,0,4,0,1,0,1,3,3,43
E:\anas\uni\semester 7\fyp\fyp work\transformer_health_index\data\raw\images\1696.jpg,3,3,3,6,1,1,3,1,1,6,1,1,1,31
E:\anas\uni\semester 7\fyp\fyp work\transformer_health_index\data\raw\images\4274.jpg,3,3,1,4,3,2,2,2,5,2,4,5,5,28
E:\anas\uni\semester 7\fyp\fyp work\transformer_health_index\data\raw\images\3444.jpg,3,1,1,1,1,1,6,1,1,6,1,1,1,25
E:\anas\uni\semester 7\fyp\fyp work\transformer_health_index\data\raw\images\2455.jpg,3,3,3,1,6,1,3,1,1,6,1,1,1,31
E:\anas\uni\semester 7\fyp\fyp work\transformer_health_index\data\raw\images\3699.jpg,1,3,3,3,3,5,3,1,3,1,1,1,6,30
E:\anas\uni\semester 7\fyp\fyp work\transformer_health_index\data\raw\images\3906.jpg,4,1,4,4,5,0,0,2,3,1,1,2,2,45
E:\anas\uni\semester 7\fyp\fyp work\transformer_health_index\data\raw\images\1475.jpg,1,2,0,3,0,5,5,1,4,1,0,4,3,51
E:\anas\uni\semester 7\fyp\fyp work\transformer_health_index\data\raw\images\5080.jpg,2,2,2,4,0,1,5,5,3,0,1,4,4,40
E:\anas\uni\semester 7\fyp\fyp work\transformer_health_index\data\raw\images\2341.jpg,3,3,3,1,6,1,1,1,1,6,1,1,1,29
E:\anas\uni\semester 7\fyp\fyp work\transformer_health_index\data\raw\images\4705.jpg,1,1,1,3,5,5,3,0,4,1,2,5,1,13
E:\anas\uni\semester 7\fyp\fyp work\transformer_health_index\data\raw\images\1375.jpg,1,1,3,2,3,5,2,2,5,2,4,1,1,37
E:\anas\uni\semester 7\fyp\fyp work\transformer_health_index\data\raw\images\4092.jpg,2,0,1,5,4,1,5,2,0,5,4,4,5,54
E:\anas\uni\semester 7\fyp\fyp work\transformer_health_index\data\raw\images\4872.jpg,3,3,1,0,1,4,2,3,2,5,3,3,3,12
E:\anas\uni\semester 7\fyp\fyp work\transformer_health_index\data\raw\images\3364.jpg,3,1,1,1,1,1,6,1,1,6,1,1,1,25
E:\anas\uni\semester 7\fyp\fyp work\transformer_health_index\data\raw\images\2797.jpg,3,1,1,6,6,1,6,1,1,6,1,1,1,35
E:\anas\uni\semester 7\fyp\fyp work\transformer_health_index\data\raw\images\2584.jpg,3,1,1,6,1,1,3,1,1,6,1,1,1,27
E:\anas\uni\semester 7\fyp\fyp work\transformer_health_index\data\raw\images\3279.jpg,3,1,1,1,1,1,3,1,1,6,1,1,1,22
E:\anas\uni\semester 7\fyp\fyp work\transformer_health_index\data\raw\images\4359.jpg,3,0,1,3,5,0,5,0,3,2,2,4,5,10
E:\anas\uni\semester 7\fyp\fyp work\transformer_health_index\data\raw\images\2239.jpg,3,1,1,6,1,1,3,1,1,6,1,1,1,27
E:\anas\uni\semester 7\fyp\fyp work\transformer_health_index\data\raw\images\2195.jpg,3,1,1,6,1,1,6,1,1,6,1,1,1,30
E:\anas\uni\semester 7\fyp\fyp work\transformer_health_index\data\raw\images\4406.jpg,4,2,2,5,2,4,0,0,5,0,4,5,5,10
E:\anas\uni\semester 7\fyp\fyp work\transformer_health_index\data\raw\images\579.jpg,1,1,1,1,3,5,3,1,1,1,1,1,6,26
E:\anas\uni\semester 7\fyp\fyp work\transformer_health_index\data\raw\images\1863.jpg,3,1,1,6,6,1,3,1,1,6,1,1,1,32
E:\anas\uni\semester 7\fyp\fyp work\transformer_health_index\data\raw\images\3005.jpg,3,1,1,3,1,1,6,1,1,6,1,1,1,27
E:\anas\uni\semester 7\fyp\fyp work\transformer_health_index\data\raw\images\397.jpg,1,1,1,1,3,5,3,1,1,1,1,1,6,26
E:\anas\uni\semester 7\fyp\fyp work\transformer_health_index\data\raw\images\542.jpg,1,2,3,3,3,3,3,1,3,1,1,1,6,32
E:\anas\uni\semester 7\fyp\fyp work\transformer_health_index\data\raw\images\3909.jpg,2,3,1,3,1,2,2,0,5,5,1,1,1,13
E:\anas\uni\semester 7\fyp\fyp work\transformer_health_index\data\raw\images\4410.jpg,4,2,2,5,2,4,0,0,5,0,4,5,5,10
E:\anas\uni\semester 7\fyp\fyp work\transformer_health_index\data\raw\images\3249.jpg,3,1,1,1,1,1,6,1,1,6,1,1,1,25
E:\anas\uni\semester 7\fyp\fyp work\transformer_health_index\data\raw\images\2266.jpg,3,1,1,6,1,1,6,1,1,6,1,1,1,30
E:\anas\uni\semester 7\fyp\fyp work\transformer_health_index\data\raw\images\1812.jpg,1,1,1,1,1,1,1,1,1,1,1,1,1,13
E:\anas\uni\semester 7\fyp\fyp work\transformer_health_index\data\raw\images\3247.jpg,3,1,1,1,1,1,6,1,1,6,1,1,1,25
E:\anas\uni\semester 7\fyp\fyp work\transformer_health_index\data\raw\images\3978.jpg,5,4,4,4,5,5,1,2,2,2,5,1,2,55
E:\anas\uni\semester 7\fyp\fyp work\transformer_health_index\data\raw\images\2505.jpg,3,3,3,1,6,1,3,1,1,6,1,1,1,31
E:\anas\uni\semester 7\fyp\fyp work\transformer_health_index\data\raw\images\3866.jpg,1,3,3,3,3,3,3,1,3,1,1,1,6,27
E:\anas\uni\semester 7\fyp\fyp work\transformer_health_index\data\raw\images\1528.jpg,2,4,0,3,4,2,0,0,5,3,0,0,3,11
E:\anas\uni\semester 7\fyp\fyp work\transformer_health_index\data\raw\images\598.jpg,1,2,1,1,3,5,3,1,1,1,1,1,6,27
E:\anas\uni\semester 7\fyp\fyp work\transformer_health_index\data\raw\images\2460.jpg,3,3,3,1,6,1,3,1,1,6,1,1,1,31
E:\anas\uni\semester 7\fyp\fyp work\transformer_health_index\data\raw\images\3854.jpg,1,3,3,3,3,5,3,1,3,1,1,1,6,30
E:\anas\uni\semester 7\fyp\fyp work\transformer_health_index\data\raw\images\167.jpg,4,1,1,1,3,3,3,1,1,4,2,4,6,35
E:\anas\uni\semester 7\fyp\fyp work\transformer_health_index\data\raw\images\3757.jpg,1,1,3,3,4,5,3,1,3,1,1,1,6,28
E:\anas\uni\semester 7\fyp\fyp work\transformer_health_index\data\raw\images\2811.jpg,3,1,1,6,6,1,6,1,1,6,1,1,1,35
E:\anas\uni\semester 7\fyp\fyp work\transformer_health_index\data\raw\images\2207.jpg,3,1,1,3,1,1,3,1,1,6,1,1,1,24
E:\anas\uni\semester 7\fyp\fyp work\transformer_health_index\data\raw\images\318.jpg,1,1,3,3,3,5,3,1,3,1,1,1,6,28
E:\anas\uni\semester 7\fyp\fyp work\transformer_health_index\data\raw\images\4997.jpg,4,3,1,4,5,3,2,5,0,5,1,5,5,33
E:\anas\uni\semester 7\fyp\fyp work\transformer_health_index\data\raw\images\1086.jpg,0,3,0,2,1,0,3,5,4,5,1,2,1,24
E:\anas\uni\semester 7\fyp\fyp work\transformer_health_index\data\raw\images\1099.jpg,3,3,5,0,4,2,0,4,0,1,4,1,1,15
E:\anas\uni\semester 7\fyp\fyp work\transformer_health_index\data\raw\images\3661.jpg,1,1,1,1,1,1,3,1,1,6,1,1,1,20
E:\anas\uni\semester 7\fyp\fyp work\transformer_health_index\data\raw\images\3693.jpg,1,1,1,1,1,1,3,1,1,6,1,1,1,20
E:\anas\uni\semester 7\fyp\fyp work\transformer_health_index\data\raw\images\1015.jpg,3,4,3,2,3,4,3,2,2,2,0,4,2,29
E:\anas\uni\semester 7\fyp\fyp work\transformer_health_index\data\raw\images\714.jpg,1,2,3,3,3,5,3,1,3,1,1,1,6,33
E:\anas\uni\semester 7\fyp\fyp work\transformer_health_index\data\raw\images\4635.jpg,3,5,5,5,2,3,5,2,2,5,3,5,5,52
E:\anas\uni\semester 7\fyp\fyp work\transformer_health_index\data\raw\images\3709.jpg,1,3,3,3,3,5,3,1,3,1,1,1,6,30
E:\anas\uni\semester 7\fyp\fyp work\transformer_health_index\data\raw\images\3010.jpg,3,1,1,3,1,1,6,1,1,6,1,1,1,27
E:\anas\uni\semester 7\fyp\fyp work\transformer_health_index\data\raw\images\3775.jpg,1,2,1,1,3,3,3,1,1,1,1,1,3,22
E:\anas\uni\semester 7\fyp\fyp work\transformer_health_index\data\raw\images\3317.jpg,3,1,1,1,1,1,6,1,1,6,1,1,1,25
E:\anas\uni\semester 7\fyp\fyp work\transformer_health_index\data\raw\images\4687.jpg,2,2,3,1,4,0,4,0,1,0,1,3,3,43
E:\anas\uni\semester 7\fyp\fyp work\transformer_health_index\data\raw\images\425.jpg,1,1,1,1,3,5,3,1,1,1,1,1,6,26
E:\anas\uni\semester 7\fyp\fyp work\transformer_health_index\data\raw\images\3602.jpg,3,1,1,1,1,1,3,1,1,6,1,1,1,22
E:\anas\uni\semester 7\fyp\fyp work\transformer_health_index\data\raw\images\4918.jpg,3,2,3,3,2,2,1,4,0,1,2,3,2,13
E:\anas\uni\semester 7\fyp\fyp work\transformer_health_index\data\raw\images\2043.jpg,3,1,1,6,1,1,3,1,1,6,1,1,1,27
E:\anas\uni\semester 7\fyp\fyp work\transformer_health_index\data\raw\images\2553.jpg,3,1,1,6,6,1,3,1,1,6,1,1,1,32
E:\anas\uni\semester 7\fyp\fyp work\transformer_health_index\data\raw\images\3169.jpg,3,1,1,1,1,1,6,1,1,6,1,1,1,25
E:\anas\uni\semester 7\fyp\fyp work\transformer_health_index\data\raw\images\4804.jpg,1,3,3,5,5,0,3,4,5,1,4,2,0,42
E:\anas\uni\semester 7\fyp\fyp work\transformer_health_index\data\raw\images\480.jpg,1,3,3,3,3,5,3,1,3,1,1,1,6,35
E:\anas\uni\semester 7\fyp\fyp work\transformer_health_index\data\raw\images\2475.jpg,3,3,3,1,6,1,3,1,1,6,1,1,1,31
E:\anas\uni\semester 7\fyp\fyp work\transformer_health_index\data\raw\images\2627.jpg,3,1,1,6,6,1,3,1,1,6,1,1,1,32
E:\anas\uni\semester 7\fyp\fyp work\transformer_health_index\data\raw\images\282.jpg,4,3,3,3,3,3,3,3,3,4,2,4,6,44
E:\anas\uni\semester 7\fyp\fyp work\transformer_health_index\data\raw\images\659.jpg,1,2,1,1,3,5,3,1,1,1,1,1,6,27
E:\anas\uni\semester 7\fyp\fyp work\transformer_health_index\data\raw\images\3185.jpg,3,1,1,1,1,1,6,1,1,6,1,1,1,25
E:\anas\uni\semester 7\fyp\fyp work\transformer_health_index\data\raw\images\992.jpg,2,3,3,2,4,3,0,3,0,2,1,4,2,13
E:\anas\uni\semester 7\fyp\fyp work\transformer_health_index\data\raw\images\4223.jpg,5,3,2,2,3,1,4,1,5,0,3,5,5,33
E:\anas\uni\semester 7\fyp\fyp work\transformer_health_index\data\raw\images\4727.jpg,1,2,0,0,2,1,0,3,5,1,0,3,2,23
E:\anas\uni\semester 7\fyp\fyp work\transformer_health_index\data\raw\images\4152.jpg,1,2,2,2,4,4,2,3,3,5,2,1,5,39
E:\anas\uni\semester 7\fyp\fyp work\transformer_health_index\data\raw\images\1908.jpg,3,1,1,6,6,1,3,1,1,6,1,1,1,32
E:\anas\uni\semester 7\fyp\fyp work\transformer_health_index\data\raw\images\1527.jpg,2,4,0,3,4,2,0,0,5,3,0,0,3,11
E:\anas\uni\semester 7\fyp\fyp work\transformer_health_index\data\raw\images\1039.jpg,4,0,3,4,3,4,5,0,0,0,3,5,5,43
E:\anas\uni\semester 7\fyp\fyp work\transformer_health_index\data\raw\images\1403.jpg,4,4,1,5,1,2,2,5,1,3,0,1,1,59
E:\anas\uni\semester 7\fyp\fyp work\transformer_health_index\data\raw\images\865.jpg,5,5,5,3,5,2,5,5,4,2,2,1,5,16
E:\anas\uni\semester 7\fyp\fyp work\transformer_health_index\data\raw\images\2899.jpg,3,3,1,6,6,1,3,1,1,6,1,1,1,34
E:\anas\uni\semester 7\fyp\fyp work\transformer_health_index\data\raw\images\3037.jpg,3,1,1,3,1,1,6,1,1,6,1,1,1,27
E:\anas\uni\semester 7\fyp\fyp work\transformer_health_index\data\raw\images\4288.jpg,5,4,2,2,2,5,3,3,0,3,5,4,5,16
E:\anas\uni\semester 7\fyp\fyp work\transformer_health_index\data\raw\images\2245.jpg,3,1,1,6,1,1,3,1,1,6,1,1,1,27
E:\anas\uni\semester 7\fyp\fyp work\transformer_health_index\data\raw\images\101.jpg,1,1,3,3,3,5,3,1,3,1,1,1,6,28
E:\anas\uni\semester 7\fyp\fyp work\transformer_health_index\data\raw\images\3230.jpg,3,1,1,1,1,1,6,1,1,6,1,1,1,25
E:\anas\uni\semester 7\fyp\fyp work\transformer_health_index\data\raw\images\4784.jpg,0,3,3,3,2,0,0,2,2,1,5,2,1,42
E:\anas\uni\semester 7\fyp\fyp work\transformer_health_index\data\raw\images\1238.jpg,3,1,2,3,3,0,2,0,0,3,3,5,4,20
E:\anas\uni\semester 7\fyp\fyp work\transformer_health_index\data\raw\images\2593.jpg,3,1,1,6,1,1,3,1,1,6,1,1,1,27
E:\anas\uni\semester 7\fyp\fyp work\transformer_health_index\data\raw\images\2376.jpg,3,3,3,6,6,1,6,1,1,6,1,1,1,39
E:\anas\uni\semester 7\fyp\fyp work\transformer_health_index\data\raw\images\1057.jpg,3,2,5,1,2,5,0,4,3,3,5,3,2,18
E:\anas\uni\semester 7\fyp\fyp work\transformer_health_index\data\raw\images\2929.jpg,3,3,3,1,6,1,3,1,1,6,1,1,1,31
E:\anas\uni\semester 7\fyp\fyp work\transformer_health_index\data\raw\images\2672.jpg,3,1,1,6,6,1,6,1,1,6,1,1,1,35
E:\anas\uni\semester 7\fyp\fyp work\transformer_health_index\data\raw\images\3232.jpg,3,1,1,1,1,1,6,1,1,6,1,1,1,25
E:\anas\uni\semester 7\fyp\fyp work\transformer_health_index\data\raw\images\2071.jpg,3,1,1,6,1,1,6,1,1,6,1,1,1,30
E:\anas\uni\semester 7\fyp\fyp work\transformer_health_index\data\raw\images\1202.jpg,0,2,0,5,0,1,4,3,0,3,0,5,5,60
E:\anas\uni\semester 7\fyp\fyp work\transformer_health_index\data\raw\images\620.jpg,1,2,1,1,3,3,3,1,1,1,1,1,3,22
E:\anas\uni\semester 7\fyp\fyp work\transformer_health_index\data\raw\images\4504.jpg,5,4,3,1,5,0,3,1,2,4,3,3,3,16
E:\anas\uni\semester 7\fyp\fyp work\transformer_health_index\data\raw\images\4360.jpg,3,0,1,3,5,0,5,0,3,2,2,4,5,10
E:\anas\uni\semester 7\fyp\fyp work\transformer_health_index\data\raw\images\4237.jpg,5,3,2,2,3,1,4,1,5,0,3,5,5,33
E:\anas\uni\semester 7\fyp\fyp work\transformer_health_index\data\raw\images\4655.jpg,3,0,5,0,2,1,3,2,3,2,5,3,2,60
E:\anas\uni\semester 7\fyp\fyp work\transformer_health_index\data\raw\images\497.jpg,1,2,1,1,3,3,3,1,1,1,1,1,3,22
E:\anas\uni\semester 7\fyp\fyp work\transformer_health_index\data\raw\images\914.jpg,1,1,1,4,2,3,2,2,4,0,4,1,5,29
E:\anas\uni\semester 7\fyp\fyp work\transformer_health_index\data\raw\images\2369.jpg,3,3,3,6,6,1,6,1,1,6,1,1,1,39
E:\anas\uni\semester 7\fyp\fyp work\transformer_health_index\data\raw\images\4120.jpg,0,4,3,1,2,4,1,5,0,1,2,0,1,14
E:\anas\uni\semester 7\fyp\fyp work\transformer_health_index\data\raw\images\1085.jpg,0,3,0,2,1,0,3,5,4,5,1,2,1,24
E:\anas\uni\semester 7\fyp\fyp work\transformer_health_index\data\raw\images\2279.jpg,3,3,3,1,6,1,1,1,1,6,1,1,1,29
E:\anas\uni\semester 7\fyp\fyp work\transformer_health_index\data\raw\images\2888.jpg,3,1,1,6,6,1,6,1,1,6,1,1,1,35
E:\anas\uni\semester 7\fyp\fyp work\transformer_health_index\data\raw\images\2257.jpg,3,1,1,6,1,1,6,1,1,6,1,1,1,30
E:\anas\uni\semester 7\fyp\fyp work\transformer_health_index\data\raw\images\3777.jpg,1,2,1,1,3,3,3,1,1,1,1,1,3,22
E:\anas\uni\semester 7\fyp\fyp work\transformer_health_index\data\raw\images\4595.jpg,4,4,5,0,1,1,1,0,5,0,5,2,1,22
E:\anas\uni\semester 7\fyp\fyp work\transformer_health_index\data\raw\images\1135.jpg,1,3,3,2,1,1,0,3,3,3,3,1,5,18
E:\anas\uni\semester 7\fyp\fyp work\transformer_health_index\data\raw\images\2915.jpg,3,3,1,6,6,1,3,1,1,6,1,1,1,34
E:\anas\uni\semester 7\fyp\fyp work\transformer_health_index\data\raw\images\613.jpg,1,2,1,1,3,3,3,1,1,1,1,1,3,22
E:\anas\uni\semester 7\fyp\fyp work\transformer_health_index\data\raw\images\4846.jpg,3,3,2,4,5,2,0,3,4,5,5,4,5,16
E:\anas\uni\semester 7\fyp\fyp work\transformer_health_index\data\raw\images\4064.jpg,5,5,2,2,2,4,2,5,3,1,4,4,2,35
E:\anas\uni\semester 7\fyp\fyp work\transformer_health_index\data\raw\images\4063.jpg,5,5,2,2,2,4,2,5,3,1,4,4,2,35
E:\anas\uni\semester 7\fyp\fyp work\transformer_health_index\data\raw\images\1867.jpg,3,1,1,6,6,1,3,1,1,6,1,1,1,32
E:\anas\uni\semester 7\fyp\fyp work\transformer_health_index\data\raw\images\601.jpg,1,2,1,1,3,5,3,1,1,1,1,1,6,27
E:\anas\uni\semester 7\fyp\fyp work\transformer_health_index\data\raw\images\3929.jpg,1,2,3,5,1,5,1,2,1,0,1,3,1,58
E:\anas\uni\semester 7\fyp\fyp work\transformer_health_index\data\raw\images\2191.jpg,3,1,1,6,1,1,6,1,1,6,1,1,1,30
E:\anas\uni\semester 7\fyp\fyp work\transformer_health_index\data\raw\images\2734.jpg,3,1,1,6,6,1,6,1,1,6,1,1,1,35
E:\anas\uni\semester 7\fyp\fyp work\transformer_health_index\data\raw\images\959.jpg,0,2,3,0,2,0,5,4,2,0,3,3,1,52
E:\anas\uni\semester 7\fyp\fyp work\transformer_health_index\data\raw\images\393.jpg,1,1,1,1,3,5,3,1,1,1,1,1,6,26
E:\anas\uni\semester 7\fyp\fyp work\transformer_health_index\data\raw\images\1700.jpg,3,3,3,6,1,1,3,1,1,6,1,1,1,31
E:\anas\uni\semester 7\fyp\fyp work\transformer_health_index\data\raw\images\2109.jpg,3,1,1,6,1,1,3,1,1,6,1,1,1,27
E:\anas\uni\semester 7\fyp\fyp work\transformer_health_index\data\raw\images\3725.jpg,1,3,3,3,3,5,3,1,3,1,1,1,6,30
E:\anas\uni\semester 7\fyp\fyp work\transformer_health_index\data\raw\images\2027.jpg,3,1,1,6,1,1,6,1,1,6,1,1,1,30
E:\anas\uni\semester 7\fyp\fyp work\transformer_health_index\data\raw\images\494.jpg,1,2,1,1,3,3,3,1,1,1,1,1,3,22
E:\anas\uni\semester 7\fyp\fyp work\transformer_health_index\data\raw\images\861.jpg,4,4,3,2,4,0,4,5,1,5,5,2,5,42
E:\anas\uni\semester 7\fyp\fyp work\transformer_health_index\data\raw\images\2260.jpg,3,1,1,6,1,1,6,1,1,6,1,1,1,30
E:\anas\uni\semester 7\fyp\fyp work\transformer_health_index\data\raw\images\1801.jpg,1,1,1,1,1,1,1,1,1,1,1,1,1,13
E:\anas\uni\semester 7\fyp\fyp work\transformer_health_index\data\raw\images\220.jpg,4,1,1,1,3,5,3,1,1,4,2,4,6,36
E:\anas\uni\semester 7\fyp\fyp work\transformer_health_index\data\raw\images\1617.jpg,1,1,1,1,1,1,1,1,1,1,1,1,1,13
E:\anas\uni\semester 7\fyp\fyp work\transformer_health_index\data\raw\images\2689.jpg,3,1,1,6,6,1,6,1,1,6,1,1,1,35
E:\anas\uni\semester 7\fyp\fyp work\transformer_health_index\data\raw\images\4503.jpg,5,4,3,1,5,0,3,1,2,4,3,3,3,16
E:\anas\uni\semester 7\fyp\fyp work\transformer_health_index\data\raw\images\3370.jpg,3,1,1,1,1,1,6,1,1,6,1,1,1,25
E:\anas\uni\semester 7\fyp\fyp work\transformer_health_index\data\raw\images\1974.jpg,3,1,1,6,1,1,3,1,1,6,1,1,1,27
E:\anas\uni\semester 7\fyp\fyp work\transformer_health_index\data\raw\images\1693.jpg,3,3,3,6,1,1,3,1,1,6,1,1,1,31
E:\anas\uni\semester 7\fyp\fyp work\transformer_health_index\data\raw\images\722.jpg,1,2,3,3,3,5,3,1,3,1,1,1,6,33
E:\anas\uni\semester 7\fyp\fyp work\transformer_health_index\data\raw\images\5184.jpg,3,0,3,2,0,5,2,3,0,0,2,2,1,42
E:\anas\uni\semester 7\fyp\fyp work\transformer_health_index\data\raw\images\5185.jpg,3,0,3,2,0,5,2,3,0,0,2,2,1,42
E:\anas\uni\semester 7\fyp\fyp work\transformer_health_index\data\raw\images\3188.jpg,3,1,1,1,1,1,6,1,1,6,1,1,1,25
E:\anas\uni\semester 7\fyp\fyp work\transformer_health_index\data\raw\images\1559.jpg,0,3,4,2,5,2,0,3,4,3,0,4,2,38
E:\anas\uni\semester 7\fyp\fyp work\transformer_health_index\data\raw\images\3116.jpg,3,1,1,1,1,1,6,1,1,6,1,1,1,25
E:\anas\uni\semester 7\fyp\fyp work\transformer_health_index\data\raw\images\398.jpg,1,1,1,1,3,5,3,1,1,1,1,1,6,26
E:\anas\uni\semester 7\fyp\fyp work\transformer_health_index\data\raw\images\4908.jpg,4,2,4,2,3,5,4,4,0,3,0,3,5,55
E:\anas\uni\semester 7\fyp\fyp work\transformer_health_index\data\raw\images\289.jpg,4,3,3,3,3,3,3,3,3,4,2,4,6,44
E:\anas\uni\semester 7\fyp\fyp work\transformer_health_index\data\raw\images\2453.jpg,3,3,3,1,6,1,3,1,1,6,1,1,1,31
E:\anas\uni\semester 7\fyp\fyp work\transformer_health_index\data\raw\images\4398.jpg,4,2,2,5,2,4,0,0,5,0,4,5,5,10
E:\anas\uni\semester 7\fyp\fyp work\transformer_health_index\data\raw\images\219.jpg,4,1,1,1,3,5,3,1,1,4,2,4,6,36
E:\anas\uni\semester 7\fyp\fyp work\transformer_health_index\data\raw\images\2559.jpg,3,1,1,6,6,1,3,1,1,6,1,1,1,32
E:\anas\uni\semester 7\fyp\fyp work\transformer_health_index\data\raw\images\363.jpg,1,1,3,3,3,5,3,1,3,1,1,1,6,33
E:\anas\uni\semester 7\fyp\fyp work\transformer_health_index\data\raw\images\1809.jpg,1,1,1,1,1,1,1,1,1,1,1,1,1,13
E:\anas\uni\semester 7\fyp\fyp work\transformer_health_index\data\raw\images\3881.jpg,1,3,3,3,3,3,3,1,3,1,1,1,6,27
E:\anas\uni\semester 7\fyp\fyp work\transformer_health_index\data\raw\images\2748.jpg,3,1,1,6,6,1,6,1,1,6,1,1,1,35
E:\anas\uni\semester 7\fyp\fyp work\transformer_health_index\data\raw\images\5109.jpg,3,1,1,0,5,1,4,3,2,5,0,0,0,46
E:\anas\uni\semester 7\fyp\fyp work\transformer_health_index\data\raw\images\3619.jpg,3,1,1,1,1,1,3,1,1,6,1,1,1,22
E:\anas\uni\semester 7\fyp\fyp work\transformer_health_index\data\raw\images\387.jpg,1,1,1,1,3,5,3,1,1,1,1,1,6,26
E:\anas\uni\semester 7\fyp\fyp work\transformer_health_index\data\raw\images\2842.jpg,3,3,1,1,6,6,3,1,1,6,1,1,1,34
E:\anas\uni\semester 7\fyp\fyp work\transformer_health_index\data\raw\images\4184.jpg,3,1,0,0,3,2,3,0,4,4,3,2,3,24
E:\anas\uni\semester 7\fyp\fyp work\transformer_health_index\data\raw\images\1363.jpg,5,0,5,1,0,1,4,1,0,0,2,2,3,34
E:\anas\uni\semester 7\fyp\fyp work\transformer_health_index\data\raw\images\3435.jpg,3,1,1,1,1,1,6,1,1,6,1,1,1,25
E:\anas\uni\semester 7\fyp\fyp work\transformer_health_index\data\raw\images\4731.jpg,1,2,0,0,2,1,0,3,5,1,0,3,2,23
E:\anas\uni\semester 7\fyp\fyp work\transformer_health_index\data\raw\images\955.jpg,0,2,3,0,2,0,5,4,2,0,3,3,1,52
E:\anas\uni\semester 7\fyp\fyp work\transformer_health_index\data\raw\images\5187.jpg,3,0,3,2,0,5,2,3,0,0,2,2,1,42
E:\anas\uni\semester 7\fyp\fyp work\transformer_health_index\data\raw\images\3596.jpg,3,1,1,1,1,1,3,1,1,6,1,1,1,22
E:\anas\uni\semester 7\fyp\fyp work\transformer_health_index\data\raw\images\3056.jpg,3,1,1,1,1,1,6,1,1,6,1,1,1,25
E:\anas\uni\semester 7\fyp\fyp work\transformer_health_index\data\raw\images\3211.jpg,3,1,1,6,6,1,6,1,1,6,1,1,1,35
E:\anas\uni\semester 7\fyp\fyp work\transformer_health_index\data\raw\images\2860.jpg,3,1,1,6,6,1,6,1,1,6,1,1,1,35
E:\anas\uni\semester 7\fyp\fyp work\transformer_health_index\data\raw\images\3855.jpg,1,3,3,3,3,5,3,1,3,1,1,1,6,30
E:\anas\uni\semester 7\fyp\fyp work\transformer_health_index\data\raw\images\606.jpg,1,2,1,1,3,5,3,1,1,1,1,1,6,27
E:\anas\uni\semester 7\fyp\fyp work\transformer_health_index\data\raw\images\4980.jpg,4,3,1,4,5,3,2,5,0,5,1,5,5,33
E:\anas\uni\semester 7\fyp\fyp work\transformer_health_index\data\raw\images\4762.jpg,0,4,0,0,0,3,2,3,3,0,4,0,3,48
E:\anas\uni\semester 7\fyp\fyp work\transformer_health_index\data\raw\images\1785.jpg,1,1,1,1,1,1,1,1,1,1,1,1,1,13
E:\anas\uni\semester 7\fyp\fyp work\transformer_health_index\data\raw\images\2862.jpg,3,1,1,6,6,1,6,1,1,6,1,1,1,35
E:\anas\uni\semester 7\fyp\fyp work\transformer_health_index\data\raw\images\4706.jpg,1,1,1,3,5,5,3,0,4,1,2,5,1,13
E:\anas\uni\semester 7\fyp\fyp work\transformer_health_index\data\raw\images\2149.jpg,3,1,1,6,1,1,3,1,1,6,1,1,1,27
E:\anas\uni\semester 7\fyp\fyp work\transformer_health_index\data\raw\images\1795.jpg,1,1,1,1,1,1,1,1,1,1,1,1,1,13
E:\anas\uni\semester 7\fyp\fyp work\transformer_health_index\data\raw\images\4054.jpg,5,5,2,2,2,4,2,5,3,1,4,4,2,35
E:\anas\uni\semester 7\fyp\fyp work\transformer_health_index\data\raw\images\3528.jpg,3,1,1,1,1,1,3,1,1,6,1,1,1,22
E:\anas\uni\semester 7\fyp\fyp work\transformer_health_index\data\raw\images\3842.jpg,1,3,3,3,3,5,3,1,3,1,1,1,6,30
E:\anas\uni\semester 7\fyp\fyp work\transformer_health_index\data\raw\images\320.jpg,1,1,3,3,3,5,3,1,3,1,1,1,6,28
E:\anas\uni\semester 7\fyp\fyp work\transformer_health_index\data\raw\images\1275.jpg,4,0,5,2,3,3,0,4,4,3,4,2,3,45
E:\anas\uni\semester 7\fyp\fyp work\transformer_health_index\data\raw\images\3946.jpg,1,2,3,5,1,5,1,2,1,0,1,3,1,58
E:\anas\uni\semester 7\fyp\fyp work\transformer_health_index\data\raw\images\1444.jpg,1,0,4,1,1,0,4,0,5,3,2,0,4,32
E:\anas\uni\semester 7\fyp\fyp work\transformer_health_index\data\raw\images\2763.jpg,3,1,1,6,6,1,6,1,1,6,1,1,1,35
E:\anas\uni\semester 7\fyp\fyp work\transformer_health_index\data\raw\images\682.jpg,1,2,1,1,3,5,3,1,1,1,1,1,6,27
E:\anas\uni\semester 7\fyp\fyp work\transformer_health_index\data\raw\images\4052.jpg,5,0,4,2,2,2,3,2,2,3,2,4,3,23
E:\anas\uni\semester 7\fyp\fyp work\transformer_health_index\data\raw\images\957.jpg,0,2,3,0,2,0,5,4,2,0,3,3,1,52
E:\anas\uni\semester 7\fyp\fyp work\transformer_health_index\data\raw\images\345.jpg,1,1,3,3,3,5,3,1,3,1,1,1,6,28
E:\anas\uni\semester 7\fyp\fyp work\transformer_health_index\data\raw\images\421.jpg,1,1,1,1,3,5,3,1,1,1,1,1,6,26
E:\anas\uni\semester 7\fyp\fyp work\transformer_health_index\data\raw\images\432.jpg,1,1,1,1,3,5,3,1,1,1,1,1,6,26
E:\anas\uni\semester 7\fyp\fyp work\transformer_health_index\data\raw\images\3513.jpg,3,1,1,1,1,1,3,1,1,6,1,1,1,22
E:\anas\uni\semester 7\fyp\fyp work\transformer_health_index\data\raw\images\3592.jpg,3,1,1,1,1,1,3,1,1,6,1,1,1,22
E:\anas\uni\semester 7\fyp\fyp work\transformer_health_index\data\raw\images\1889.jpg,3,1,1,6,6,1,3,1,1,6,1,1,1,32
E:\anas\uni\semester 7\fyp\fyp work\transformer_health_index\data\raw\images\2348.jpg,3,3,3,1,6,1,1,1,1,6,1,1,1,29
E:\anas\uni\semester 7\fyp\fyp work\transformer_health_index\data\raw\images\2318.jpg,3,3,3,1,6,1,1,1,1,6,1,1,1,29
E:\anas\uni\semester 7\fyp\fyp work\transformer_health_index\data\raw\images\944.jpg,3,2,5,2,0,4,1,5,0,3,1,0,3,14
E:\anas\uni\semester 7\fyp\fyp work\transformer_health_index\data\raw\images\304.jpg,4,3,3,3,3,3,3,3,3,4,2,4,6,44
E:\anas\uni\semester 7\fyp\fyp work\transformer_health_index\data\raw\images\1472.jpg,1,2,0,3,0,5,5,1,4,1,0,4,3,51
E:\anas\uni\semester 7\fyp\fyp work\transformer_health_index\data\raw\images\4230.jpg,5,3,2,2,3,1,4,1,5,0,3,5,5,33
E:\anas\uni\semester 7\fyp\fyp work\transformer_health_index\data\raw\images\1053.jpg,3,2,5,1,2,5,0,4,3,3,5,3,2,18
E:\anas\uni\semester 7\fyp\fyp work\transformer_health_index\data\raw\images\84.jpg,4,1,1,1,3,3,3,1,1,4,2,4,1,29
E:\anas\uni\semester 7\fyp\fyp work\transformer_health_index\data\raw\images\2406.jpg,1,1,1,1,1,1,1,1,1,1,1,1,1,13
E:\anas\uni\semester 7\fyp\fyp work\transformer_health_index\data\raw\images\1312.jpg,5,1,5,5,5,5,5,3,3,5,5,2,3,27
E:\anas\uni\semester 7\fyp\fyp work\transformer_health_index\data\raw\images\4873.jpg,5,3,5,1,5,3,1,3,0,1,1,0,1,46
E:\anas\uni\semester 7\fyp\fyp work\transformer_health_index\data\raw\images\2526.jpg,3,1,1,1,1,1,3,1,1,6,1,1,1,22
E:\anas\uni\semester 7\fyp\fyp work\transformer_health_index\data\raw\images\626.jpg,1,2,1,1,3,3,3,1,1,1,1,1,3,22
E:\anas\uni\semester 7\fyp\fyp work\transformer_health_index\data\raw\images\1670.jpg,3,3,3,6,1,1,3,1,1,6,1,1,1,31
E:\anas\uni\semester 7\fyp\fyp work\transformer_health_index\data\raw\images\3420.jpg,3,1,1,1,1,1,6,1,1,6,1,1,1,25
E:\anas\uni\semester 7\fyp\fyp work\transformer_health_index\data\raw\images\1929.jpg,3,1,1,6,6,1,3,1,1,6,1,1,1,32
E:\anas\uni\semester 7\fyp\fyp work\transformer_health_index\data\raw\images\1581.jpg,2,0,5,3,2,1,5,5,5,2,3,4,2,38
E:\anas\uni\semester 7\fyp\fyp work\transformer_health_index\data\raw\images\1895.jpg,3,1,1,6,6,1,3,1,1,6,1,1,1,32
E:\anas\uni\semester 7\fyp\fyp work\transformer_health_index\data\raw\images\94.jpg,1,1,3,3,3,5,3,1,3,1,1,1,6,28
E:\anas\uni\semester 7\fyp\fyp work\transformer_health_index\data\raw\images\4269.jpg,3,3,1,4,3,2,2,2,5,2,4,5,5,28
E:\anas\uni\semester 7\fyp\fyp work\transformer_health_index\data\raw\images\4493.jpg,0,5,1,5,0,0,0,0,0,5,1,4,1,16
E:\anas\uni\semester 7\fyp\fyp work\transformer_health_index\data\raw\images\3322.jpg,3,1,1,1,1,1,6,1,1,6,1,1,1,25
E:\anas\uni\semester 7\fyp\fyp work\transformer_health_index\data\raw\images\41.jpg,1,1,3,3,3,5,3,1,3,3,2,6,6,28
E:\anas\uni\semester 7\fyp\fyp work\transformer_health_index\data\raw\images\3698.jpg,1,3,3,3,3,5,3,1,3,1,1,1,6,30
E:\anas\uni\semester 7\fyp\fyp work\transformer_health_index\data\raw\images\575.jpg,1,1,1,1,3,5,3,1,1,1,1,1,6,26
E:\anas\uni\semester 7\fyp\fyp work\transformer_health_index\data\raw\images\2587.jpg,3,1,1,6,1,1,3,1,1,6,1,1,1,27
E:\anas\uni\semester 7\fyp\fyp work\transformer_health_index\data\raw\images\4332.jpg,5,1,0,5,5,5,2,1,2,0,3,5,4,15
E:\anas\uni\semester 7\fyp\fyp work\transformer_health_index\data\raw\images\967.jpg,2,2,0,3,3,1,2,0,0,4,0,2,4,55
E:\anas\uni\semester 7\fyp\fyp work\transformer_health_index\data\raw\images\2785.jpg,3,1,1,6,6,1,6,1,1,6,1,1,1,35
E:\anas\uni\semester 7\fyp\fyp work\transformer_health_index\data\raw\images\4653.jpg,3,0,5,0,2,1,3,2,3,2,5,3,2,60
E:\anas\uni\semester 7\fyp\fyp work\transformer_health_index\data\raw\images\2477.jpg,3,3,3,1,6,1,3,1,1,6,1,1,1,31
E:\anas\uni\semester 7\fyp\fyp work\transformer_health_index\data\raw\images\2321.jpg,3,3,3,1,6,1,1,1,1,6,1,1,1,29
E:\anas\uni\semester 7\fyp\fyp work\transformer_health_index\data\raw\images\3793.jpg,1,2,1,1,3,3,3,1,1,1,1,1,3,22
E:\anas\uni\semester 7\fyp\fyp work\transformer_health_index\data\raw\images\3707.jpg,1,3,3,3,3,5,3,1,3,1,1,1,6,30
E:\anas\uni\semester 7\fyp\fyp work\transformer_health_index\data\raw\images\2144.jpg,3,1,1,6,1,1,3,1,1,6,1,1,1,27
E:\anas\uni\semester 7\fyp\fyp work\transformer_health_index\data\raw\images\2304.jpg,3,3,3,1,6,1,6,1,1,6,1,1,1,34
E:\anas\uni\semester 7\fyp\fyp work\transformer_health_index\data\raw\images\3183.jpg,3,1,1,1,1,1,6,1,1,6,1,1,1,25
E:\anas\uni\semester 7\fyp\fyp work\transformer_health_index\data\raw\images\3178.jpg,3,1,1,1,1,1,6,1,1,6,1,1,1,25
E:\anas\uni\semester 7\fyp\fyp work\transformer_health_index\data\raw\images\4477.jpg,0,5,1,5,0,0,0,0,0,5,1,4,1,16
E:\anas\uni\semester 7\fyp\fyp work\transformer_health_index\data\raw\images\4042.jpg,5,0,4,2,2,2,3,2,2,3,2,4,3,23
E:\anas\uni\semester 7\fyp\fyp work\transformer_health_index\data\raw\images\4251.jpg,4,4,3,0,3,5,5,3,3,3,1,2,3,17
E:\anas\uni\semester 7\fyp\fyp work\transformer_health_index\data\raw\images\2181.jpg,3,3,1,3,6,1,3,1,1,6,1,1,1,31
E:\anas\uni\semester 7\fyp\fyp work\transformer_health_index\data\raw\images\2206.jpg,3,1,1,3,1,1,3,1,1,6,1,1,1,24
E:\anas\uni\semester 7\fyp\fyp work\transformer_health_index\data\raw\images\2841.jpg,3,3,1,1,6,6,3,1,1,6,1,1,1,34
E:\anas\uni\semester 7\fyp\fyp work\transformer_health_index\data\raw\images\2908.jpg,3,3,1,6,6,1,3,1,1,6,1,1,1,34
E:\anas\uni\semester 7\fyp\fyp work\transformer_health_index\data\raw\images\3549.jpg,3,1,1,1,1,1,3,1,1,6,1,1,1,22
E:\anas\uni\semester 7\fyp\fyp work\transformer_health_index\data\raw\images\2057.jpg,3,1,1,6,1,1,3,1,1,6,1,1,1,27
E:\anas\uni\semester 7\fyp\fyp work\transformer_health_index\data\raw\images\4566.jpg,1,5,5,0,1,4,0,4,1,5,1,1,4,26
E:\anas\uni\semester 7\fyp\fyp work\transformer_health_index\data\raw\images\1221.jpg,3,1,2,3,3,0,2,0,0,3,3,5,4,20
E:\anas\uni\semester 7\fyp\fyp work\transformer_health_index\data\raw\images\478.jpg,1,3,3,3,3,5,3,1,3,1,1,1,6,35
E:\anas\uni\semester 7\fyp\fyp work\transformer_health_index\data\raw\images\20.jpg,1,1,3,3,3,5,3,1,3,3,2,6,6,28
E:\anas\uni\semester 7\fyp\fyp work\transformer_health_index\data\raw\images\4349.jpg,3,0,1,3,5,0,5,0,3,2,2,4,5,10
E:\anas\uni\semester 7\fyp\fyp work\transformer_health_index\data\raw\images\1478.jpg,1,2,0,3,0,5,5,1,4,1,0,4,3,51
E:\anas\uni\semester 7\fyp\fyp work\transformer_health_index\data\raw\images\1199.jpg,0,2,0,5,0,1,4,3,0,3,0,5,5,60
E:\anas\uni\semester 7\fyp\fyp work\transformer_health_index\data\raw\images\4593.jpg,4,4,5,0,1,1,1,0,5,0,5,2,1,22
E:\anas\uni\semester 7\fyp\fyp work\transformer_health_index\data\raw\images\4585.jpg,4,4,5,0,1,1,1,0,5,0,5,2,1,22
E:\anas\uni\semester 7\fyp\fyp work\transformer_health_index\data\raw\images\2718.jpg,3,1,1,6,6,1,6,1,1,6,1,1,1,35
E:\anas\uni\semester 7\fyp\fyp work\transformer_health_index\data\raw\images\3541.jpg,3,1,1,1,1,1,3,1,1,6,1,1,1,22
E:\anas\uni\semester 7\fyp\fyp work\transformer_health_index\data\raw\images\1602.jpg,1,1,1,1,1,1,1,1,1,1,1,1,1,13
E:\anas\uni\semester 7\fyp\fyp work\transformer_health_index\data\raw\images\2434.jpg,3,1,1,6,1,1,3,1,1,6,1,1,1,27
E:\anas\uni\semester 7\fyp\fyp work\transformer_health_index\data\raw\images\4073.jpg,5,5,2,2,2,4,2,5,3,1,4,4,2,35
E:\anas\uni\semester 7\fyp\fyp work\transformer_health_index\data\raw\images\485.jpg,1,2,1,1,3,3,3,1,1,1,1,1,3,22
E:\anas\uni\semester 7\fyp\fyp work\transformer_health_index\data\raw\images\4298.jpg,5,4,2,2,2,5,3,3,0,3,5,4,5,16
E:\anas\uni\semester 7\fyp\fyp work\transformer_health_index\data\raw\images\2143.jpg,3,1,1,6,1,1,3,1,1,6,1,1,1,27
E:\anas\uni\semester 7\fyp\fyp work\transformer_health_index\data\raw\images\2953.jpg,3,3,3,1,6,1,3,1,1,6,1,1,1,31
E:\anas\uni\semester 7\fyp\fyp work\transformer_health_index\data\raw\images\3912.jpg,2,3,1,3,1,2,2,0,5,5,1,1,1,13
E:\anas\uni\semester 7\fyp\fyp work\transformer_health_index\data\raw\images\3120.jpg,3,1,1,1,1,1,6,1,1,6,1,1,1,25
E:\anas\uni\semester 7\fyp\fyp work\transformer_health_index\data\raw\images\2303.jpg,3,3,3,1,6,1,6,1,1,6,1,1,1,34
E:\anas\uni\semester 7\fyp\fyp work\transformer_health_index\data\raw\images\460.jpg,1,1,1,1,3,5,3,1,1,1,1,1,6,26
E:\anas\uni\semester 7\fyp\fyp work\transformer_health_index\data\raw\images\3352.jpg,3,1,1,1,1,1,6,1,1,6,1,1,1,25
E:\anas\uni\semester 7\fyp\fyp work\transformer_health_index\data\raw\images\3174.jpg,3,1,1,1,1,1,6,1,1,6,1,1,1,25
E:\anas\uni\semester 7\fyp\fyp work\transformer_health_index\data\raw\images\3009.jpg,3,1,1,3,1,1,6,1,1,6,1,1,1,27
E:\anas\uni\semester 7\fyp\fyp work\transformer_health_index\data\raw\images\2685.jpg,3,1,1,6,6,1,6,1,1,6,1,1,1,35
E:\anas\uni\semester 7\fyp\fyp work\transformer_health_index\data\raw\images\4309.jpg,4,4,0,3,1,3,4,1,0,2,4,2,0,45
E:\anas\uni\semester 7\fyp\fyp work\transformer_health_index\data\raw\images\1719.jpg,1,1,1,1,1,1,1,1,1,1,1,1,1,13
E:\anas\uni\semester 7\fyp\fyp work\transformer_health_index\data\raw\images\4409.jpg,4,2,2,5,2,4,0,0,5,0,4,5,5,10
E:\anas\uni\semester 7\fyp\fyp work\transformer_health_index\data\raw\images\1010.jpg,3,4,3,2,3,4,3,2,2,2,0,4,2,29
E:\anas\uni\semester 7\fyp\fyp work\transformer_health_index\data\raw\images\1519.jpg,2,4,0,3,4,2,0,0,5,3,0,0,3,11
E:\anas\uni\semester 7\fyp\fyp work\transformer_health_index\data\raw\images\2339.jpg,3,3,3,1,6,1,1,1,1,6,1,1,1,29
E:\anas\uni\semester 7\fyp\fyp work\transformer_health_index\data\raw\images\670.jpg,1,2,1,1,3,5,3,1,1,1,1,1,6,27
E:\anas\uni\semester 7\fyp\fyp work\transformer_health_index\data\raw\images\1033.jpg,4,0,3,4,3,4,5,0,0,0,3,5,5,43
E:\anas\uni\semester 7\fyp\fyp work\transformer_health_index\data\raw\images\1507.jpg,3,0,3,2,4,1,0,4,5,5,1,1,3,55
E:\anas\uni\semester 7\fyp\fyp work\transformer_health_index\data\raw\images\674.jpg,1,2,1,1,3,5,3,1,1,1,1,1,6,27
E:\anas\uni\semester 7\fyp\fyp work\transformer_health_index\data\raw\images\2691.jpg,3,1,1,6,6,1,6,1,1,6,1,1,1,35
E:\anas\uni\semester 7\fyp\fyp work\transformer_health_index\data\raw\images\214.jpg,4,1,1,1,3,5,3,1,1,4,2,4,6,36
E:\anas\uni\semester 7\fyp\fyp work\transformer_health_index\data\raw\images\2716.jpg,3,1,1,6,6,1,6,1,1,6,1,1,1,35
E:\anas\uni\semester 7\fyp\fyp work\transformer_health_index\data\raw\images\3806.jpg,1,3,3,3,3,5,3,1,3,1,1,1,6,30
E:\anas\uni\semester 7\fyp\fyp work\transformer_health_index\data\raw\images\336.jpg,1,1,3,3,3,5,3,1,3,1,1,1,6,28
E:\anas\uni\semester 7\fyp\fyp work\transformer_health_index\data\raw\images\4777.jpg,0,3,3,3,2,0,0,2,2,1,5,2,1,42
E:\anas\uni\semester 7\fyp\fyp work\transformer_health_index\data\raw\images\2865.jpg,3,1,1,6,6,1,6,1,1,6,1,1,1,35
E:\anas\uni\semester 7\fyp\fyp work\transformer_health_index\data\raw\images\1376.jpg,1,1,3,2,3,5,2,2,5,2,4,1,1,37
E:\anas\uni\semester 7\fyp\fyp work\transformer_health_index\data\raw\images\1918.jpg,3,1,1,6,6,1,3,1,1,6,1,1,1,32
E:\anas\uni\semester 7\fyp\fyp work\transformer_health_index\data\raw\images\4396.jpg,4,2,2,5,2,4,0,0,5,0,4,5,5,10
E:\anas\uni\semester 7\fyp\fyp work\transformer_health_index\data\raw\images\3347.jpg,3,1,1,1,1,1,6,1,1,6,1,1,1,25
E:\anas\uni\semester 7\fyp\fyp work\transformer_health_index\data\raw\images\2913.jpg,3,3,1,6,6,1,3,1,1,6,1,1,1,34
E:\anas\uni\semester 7\fyp\fyp work\transformer_health_index\data\raw\images\4291.jpg,5,4,2,2,2,5,3,3,0,3,5,4,5,16
E:\anas\uni\semester 7\fyp\fyp work\transformer_health_index\data\raw\images\4133.jpg,0,4,3,1,2,4,1,5,0,1,2,0,1,14
E:\anas\uni\semester 7\fyp\fyp work\transformer_health_index\data\raw\images\3339.jpg,3,1,1,1,1,1,6,1,1,6,1,1,1,25
E:\anas\uni\semester 7\fyp\fyp work\transformer_health_index\data\raw\images\362.jpg,1,1,3,3,3,5,3,1,3,1,1,1,6,33
E:\anas\uni\semester 7\fyp\fyp work\transformer_health_index\data\raw\images\2074.jpg,3,1,1,6,1,1,6,1,1,6,1,1,1,30
E:\anas\uni\semester 7\fyp\fyp work\transformer_health_index\data\raw\images\1380.jpg,1,1,3,2,3,5,2,2,5,2,4,1,1,37
E:\anas\uni\semester 7\fyp\fyp work\transformer_health_index\data\raw\images\4538.jpg,5,4,4,1,1,1,0,2,4,5,5,5,4,11
E:\anas\uni\semester 7\fyp\fyp work\transformer_health_index\data\raw\images\1140.jpg,1,3,3,2,1,1,0,3,3,3,3,1,5,18
E:\anas\uni\semester 7\fyp\fyp work\transformer_health_index\data\raw\images\2562.jpg,3,1,1,6,6,1,3,1,1,6,1,1,1,32
E:\anas\uni\semester 7\fyp\fyp work\transformer_health_index\data\raw\images\1614.jpg,1,1,1,1,1,1,1,1,1,1,1,1,1,13
E:\anas\uni\semester 7\fyp\fyp work\transformer_health_index\data\raw\images\354.jpg,1,1,3,3,3,5,3,1,3,1,1,1,6,28
E:\anas\uni\semester 7\fyp\fyp work\transformer_health_index\data\raw\images\4505.jpg,5,4,3,1,5,0,3,1,2,4,3,3,3,16
E:\anas\uni\semester 7\fyp\fyp work\transformer_health_index\data\raw\images\4869.jpg,3,3,1,0,1,4,2,3,2,5,3,3,3,12
E:\anas\uni\semester 7\fyp\fyp work\transformer_health_index\data\raw\images\1874.jpg,3,1,1,6,6,1,3,1,1,6,1,1,1,32
E:\anas\uni\semester 7\fyp\fyp work\transformer_health_index\data\raw\images\4612.jpg,3,4,5,4,1,3,3,3,2,4,3,3,1,27
E:\anas\uni\semester 7\fyp\fyp work\transformer_health_index\data\raw\images\1587.jpg,2,0,5,3,2,1,5,5,5,2,3,4,2,38
E:\anas\uni\semester 7\fyp\fyp work\transformer_health_index\data\raw\images\2394.jpg,3,3,3,6,6,1,6,1,1,6,1,1,1,39
E:\anas\uni\semester 7\fyp\fyp work\transformer_health_index\data\raw\images\440.jpg,1,1,1,1,3,5,3,1,1,1,1,1,6,26
E:\anas\uni\semester 7\fyp\fyp work\transformer_health_index\data\raw\images\2988.jpg,1,1,1,1,1,1,1,1,1,6,1,1,1,18
E:\anas\uni\semester 7\fyp\fyp work\transformer_health_index\data\raw\images\4236.jpg,5,3,2,2,3,1,4,1,5,0,3,5,5,33
E:\anas\uni\semester 7\fyp\fyp work\transformer_health_index\data\raw\images\5129.jpg,4,0,4,3,3,2,3,5,0,3,3,4,4,57
E:\anas\uni\semester 7\fyp\fyp work\transformer_health_index\data\raw\images\1987.jpg,3,1,1,6,1,1,6,1,1,6,1,1,1,30
E:\anas\uni\semester 7\fyp\fyp work\transformer_health_index\data\raw\images\1502.jpg,3,0,3,2,4,1,0,4,5,5,1,1,3,55
E:\anas\uni\semester 7\fyp\fyp work\transformer_health_index\data\raw\images\305.jpg,4,3,3,3,3,3,3,3,3,4,2,4,6,44
E:\anas\uni\semester 7\fyp\fyp work\transformer_health_index\data\raw\images\3226.jpg,3,1,1,1,1,1,6,1,1,6,1,1,1,25
E:\anas\uni\semester 7\fyp\fyp work\transformer_health_index\data\raw\images\3629.jpg,3,1,1,1,1,1,3,1,1,6,1,1,1,22
E:\anas\uni\semester 7\fyp\fyp work\transformer_health_index\data\raw\images\2238.jpg,3,1,1,6,1,1,3,1,1,6,1,1,1,27
E:\anas\uni\semester 7\fyp\fyp work\transformer_health_index\data\raw\images\63.jpg,4,1,1,1,3,3,3,1,1,4,2,4,1,29
E:\anas\uni\semester 7\fyp\fyp work\transformer_health_index\data\raw\images\5149.jpg,5,4,0,2,0,5,3,1,4,1,0,4,1,43
E:\anas\uni\semester 7\fyp\fyp work\transformer_health_index\data\raw\images\4250.jpg,4,4,3,0,3,5,5,3,3,3,1,2,3,17
E:\anas\uni\semester 7\fyp\fyp work\transformer_health_index\data\raw\images\2349.jpg,3,3,3,1,6,1,1,1,1,6,1,1,1,29
E:\anas\uni\semester 7\fyp\fyp work\transformer_health_index\data\raw\images\1149.jpg,1,3,3,2,1,1,0,3,3,3,3,1,5,18
E:\anas\uni\semester 7\fyp\fyp work\transformer_health_index\data\raw\images\4449.jpg,1,0,4,1,1,1,4,1,2,0,2,2,0,21
E:\anas\uni\semester 7\fyp\fyp work\transformer_health_index\data\raw\images\1001.jpg,2,3,3,2,4,3,0,3,0,2,1,4,2,13
E:\anas\uni\semester 7\fyp\fyp work\transformer_health_index\data\raw\images\4323.jpg,4,4,0,3,1,3,4,1,0,2,4,2,0,45
E:\anas\uni\semester 7\fyp\fyp work\transformer_health_index\data\raw\images\5158.jpg,5,4,0,2,0,5,3,1,4,1,0,4,1,43
E:\anas\uni\semester 7\fyp\fyp work\transformer_health_index\data\raw\images\4910.jpg,4,2,4,2,3,5,4,4,0,3,0,3,5,55
E:\anas\uni\semester 7\fyp\fyp work\transformer_health_index\data\raw\images\2983.jpg,1,1,1,1,1,1,1,1,1,6,1,1,1,18
E:\anas\uni\semester 7\fyp\fyp work\transformer_health_index\data\raw\images\4091.jpg,2,0,1,5,4,1,5,2,0,5,4,4,5,54
E:\anas\uni\semester 7\fyp\fyp work\transformer_health_index\data\raw\images\1457.jpg,1,0,3,3,2,4,5,1,0,0,1,5,0,49
E:\anas\uni\semester 7\fyp\fyp work\transformer_health_index\data\raw\images\1256.jpg,5,3,4,2,3,2,5,1,0,2,4,2,2,46
E:\anas\uni\semester 7\fyp\fyp work\transformer_health_index\data\raw\images\2986.jpg,1,1,1,1,1,1,1,1,1,6,1,1,1,18
E:\anas\uni\semester 7\fyp\fyp work\transformer_health_index\data\raw\images\4627.jpg,3,5,5,5,2,3,5,2,2,5,3,5,5,52
E:\anas\uni\semester 7\fyp\fyp work\transformer_health_index\data\raw\images\568.jpg,1,1,1,1,3,5,3,1,1,1,1,1,6,26
E:\anas\uni\semester 7\fyp\fyp work\transformer_health_index\data\raw\images\3221.jpg,3,1,1,1,1,1,6,1,1,6,1,1,1,25
E:\anas\uni\semester 7\fyp\fyp work\transformer_health_index\data\raw\images\2120.jpg,3,1,1,6,1,1,3,1,1,6,1,1,1,27
E:\anas\uni\semester 7\fyp\fyp work\transformer_health_index\data\raw\images\1979.jpg,3,1,1,6,1,1,6,1,1,6,1,1,1,30
E:\anas\uni\semester 7\fyp\fyp work\transformer_health_index\data\raw\images\2801.jpg,3,1,1,6,6,1,6,1,1,6,1,1,1,35
E:\anas\uni\semester 7\fyp\fyp work\transformer_health_index\data\raw\images\540.jpg,1,2,3,3,3,3,3,1,3,1,1,1,6,32
E:\anas\uni\semester 7\fyp\fyp work\transformer_health_index\data\raw\images\1648.jpg,3,3,3,6,1,1,3,1,1,6,1,1,1,31
E:\anas\uni\semester 7\fyp\fyp work\transformer_health_index\data\raw\images\2679.jpg,3,1,1,6,6,1,6,1,1,6,1,1,1,35
E:\anas\uni\semester 7\fyp\fyp work\transformer_health_index\data\raw\images\2696.jpg,3,1,1,6,6,1,6,1,1,6,1,1,1,35
E:\anas\uni\semester 7\fyp\fyp work\transformer_health_index\data\raw\images\1521.jpg,2,4,0,3,4,2,0,0,5,3,0,0,3,11
E:\anas\uni\semester 7\fyp\fyp work\transformer_health_index\data\raw\images\1100.jpg,3,3,5,0,4,2,0,4,0,1,4,1,1,15
E:\anas\uni\semester 7\fyp\fyp work\transformer_health_index\data\raw\images\4021.jpg,3,3,2,2,2,3,1,2,3,4,2,0,4,57
E:\anas\uni\semester 7\fyp\fyp work\transformer_health_index\data\raw\images\5108.jpg,3,1,1,0,5,1,4,3,2,5,0,0,0,46
E:\anas\uni\semester 7\fyp\fyp work\transformer_health_index\data\raw\images\4851.jpg,3,3,2,4,5,2,0,3,4,5,5,4,5,16
E:\anas\uni\semester 7\fyp\fyp work\transformer_health_index\data\raw\images\4364.jpg,3,0,1,3,5,0,5,0,3,2,2,4,5,10
E:\anas\uni\semester 7\fyp\fyp work\transformer_health_index\data\raw\images\1658.jpg,3,3,3,6,1,1,3,1,1,6,1,1,1,31
E:\anas\uni\semester 7\fyp\fyp work\transformer_health_index\data\raw\images\3329.jpg,3,1,1,1,1,1,6,1,1,6,1,1,1,25
E:\anas\uni\semester 7\fyp\fyp work\transformer_health_index\data\raw\images\3434.jpg,3,1,1,1,1,1,6,1,1,6,1,1,1,25
E:\anas\uni\semester 7\fyp\fyp work\transformer_health_index\data\raw\images\1688.jpg,3,3,3,6,1,1,3,1,1,6,1,1,1,31
E:\anas\uni\semester 7\fyp\fyp work\transformer_health_index\data\raw\images\5113.jpg,3,1,1,0,5,1,4,3,2,5,0,0,0,46
E:\anas\uni\semester 7\fyp\fyp work\transformer_health_index\data\raw\images\2829.jpg,3,1,1,6,6,1,6,1,1,6,1,1,1,35
E:\anas\uni\semester 7\fyp\fyp work\transformer_health_index\data\raw\images\2839.jpg,3,3,1,1,6,6,3,1,1,6,1,1,1,34
E:\anas\uni\semester 7\fyp\fyp work\transformer_health_index\data\raw\images\97.jpg,1,1,3,3,3,5,3,1,3,1,1,1,6,28
E:\anas\uni\semester 7\fyp\fyp work\transformer_health_index\data\raw\images\430.jpg,1,1,1,1,3,5,3,1,1,1,1,1,6,26
E:\anas\uni\semester 7\fyp\fyp work\transformer_health_index\data\raw\images\4922.jpg,3,2,3,3,2,2,1,4,0,1,2,3,2,13
E:\anas\uni\semester 7\fyp\fyp work\transformer_health_index\data\raw\images\3840.jpg,1,3,3,3,3,5,3,1,3,1,1,1,6,30
E:\anas\uni\semester 7\fyp\fyp work\transformer_health_index\data\raw\images\3152.jpg,3,1,1,1,1,1,6,1,1,6,1,1,1,25
E:\anas\uni\semester 7\fyp\fyp work\transformer_health_index\data\raw\images\1760.jpg,1,1,1,1,1,1,1,1,1,1,1,1,1,13
E:\anas\uni\semester 7\fyp\fyp work\transformer_health_index\data\raw\images\1707.jpg,1,1,1,1,1,1,1,1,1,1,1,1,1,13
E:\anas\uni\semester 7\fyp\fyp work\transformer_health_index\data\raw\images\315.jpg,4,3,3,3,3,3,3,3,3,4,2,4,6,44
E:\anas\uni\semester 7\fyp\fyp work\transformer_health_index\data\raw\images\4552.jpg,5,4,4,1,1,1,0,2,4,5,5,5,4,11
E:\anas\uni\semester 7\fyp\fyp work\transformer_health_index\data\raw\images\482.jpg,1,3,3,3,3,5,3,1,3,1,1,1,6,35
E:\anas\uni\semester 7\fyp\fyp work\transformer_health_index\data\raw\images\2486.jpg,3,3,3,1,6,1,3,1,1,6,1,1,1,31
E:\anas\uni\semester 7\fyp\fyp work\transformer_health_index\data\raw\images\4154.jpg,1,2,2,2,4,4,2,3,3,5,2,1,5,39
E:\anas\uni\semester 7\fyp\fyp work\transformer_health_index\data\raw\images\3087.jpg,3,1,1,6,6,1,6,1,1,6,1,1,1,35
E:\anas\uni\semester 7\fyp\fyp work\transformer_health_index\data\raw\images\1959.jpg,3,1,1,6,1,1,3,1,1,6,1,1,1,27
E:\anas\uni\semester 7\fyp\fyp work\transformer_health_index\data\raw\images\2038.jpg,3,1,1,6,1,1,3,1,1,6,1,1,1,27
E:\anas\uni\semester 7\fyp\fyp work\transformer_health_index\data\raw\images\2622.jpg,1,1,1,1,1,1,1,1,1,6,1,1,1,18
E:\anas\uni\semester 7\fyp\fyp work\transformer_health_index\data\raw\images\1736.jpg,1,1,1,1,1,1,1,1,1,1,1,1,1,13
E:\anas\uni\semester 7\fyp\fyp work\transformer_health_index\data\raw\images\3122.jpg,3,1,1,1,1,1,6,1,1,6,1,1,1,25
E:\anas\uni\semester 7\fyp\fyp work\transformer_health_index\data\raw\images\3885.jpg,1,3,3,3,3,3,3,1,3,1,1,1,6,27
E:\anas\uni\semester 7\fyp\fyp work\transformer_health_index\data\raw\images\757.jpg,2,1,1,4,4,4,0,5,3,0,5,2,3,15
E:\anas\uni\semester 7\fyp\fyp work\transformer_health_index\data\raw\images\468.jpg,1,3,3,3,3,5,3,1,3,1,1,1,6,35
E:\anas\uni\semester 7\fyp\fyp work\transformer_health_index\data\raw\images\3610.jpg,3,1,1,1,1,1,3,1,1,6,1,1,1,22
E:\anas\uni\semester 7\fyp\fyp work\transformer_health_index\data\raw\images\4214.jpg,0,4,5,3,2,3,4,1,0,4,5,3,0,53
E:\anas\uni\semester 7\fyp\fyp work\transformer_health_index\data\raw\images\1547.jpg,2,4,2,3,1,0,3,5,1,0,0,0,5,50
E:\anas\uni\semester 7\fyp\fyp work\transformer_health_index\data\raw\images\1142.jpg,1,3,3,2,1,1,0,3,3,3,3,1,5,18
E:\anas\uni\semester 7\fyp\fyp work\transformer_health_index\data\raw\images\3047.jpg,3,1,1,1,1,1,6,1,1,6,1,1,1,25
E:\anas\uni\semester 7\fyp\fyp work\transformer_health_index\data\raw\images\1299.jpg,0,4,0,2,3,3,0,3,5,2,5,3,1,32
E:\anas\uni\semester 7\fyp\fyp work\transformer_health_index\data\raw\images\2762.jpg,3,1,1,6,6,1,6,1,1,6,1,1,1,35
E:\anas\uni\semester 7\fyp\fyp work\transformer_health_index\data\raw\images\3945.jpg,1,2,3,5,1,5,1,2,1,0,1,3,1,58
E:\anas\uni\semester 7\fyp\fyp work\transformer_health_index\data\raw\images\3665.jpg,1,1,1,1,1,1,3,1,1,6,1,1,1,20
E:\anas\uni\semester 7\fyp\fyp work\transformer_health_index\data\raw\images\2416.jpg,3,1,1,6,1,1,3,1,1,6,1,1,1,27
E:\anas\uni\semester 7\fyp\fyp work\transformer_health_index\data\raw\images\1896.jpg,3,1,1,6,6,1,3,1,1,6,1,1,1,32
E:\anas\uni\semester 7\fyp\fyp work\transformer_health_index\data\raw\images\483.jpg,1,3,3,3,3,5,3,1,3,1,1,1,6,35
E:\anas\uni\semester 7\fyp\fyp work\transformer_health_index\data\raw\images\961.jpg,0,2,3,0,2,0,5,4,2,0,3,3,1,52
E:\anas\uni\semester 7\fyp\fyp work\transformer_health_index\data\raw\images\4432.jpg,1,0,4,1,1,1,4,1,2,0,2,2,0,21
E:\anas\uni\semester 7\fyp\fyp work\transformer_health_index\data\raw\images\4728.jpg,1,2,0,0,2,1,0,3,5,1,0,3,2,23
E:\anas\uni\semester 7\fyp\fyp work\transformer_health_index\data\raw\images\4400.jpg,4,2,2,5,2,4,0,0,5,0,4,5,5,10
E:\anas\uni\semester 7\fyp\fyp work\transformer_health_index\data\raw\images\2935.jpg,3,3,3,1,6,1,3,1,1,6,1,1,1,31
E:\anas\uni\semester 7\fyp\fyp work\transformer_health_index\data\raw\images\1323.jpg,5,1,5,5,5,5,5,3,3,5,5,2,3,27
E:\anas\uni\semester 7\fyp\fyp work\transformer_health_index\data\raw\images\3196.jpg,3,1,1,6,6,1,6,1,1,6,1,1,1,35
E:\anas\uni\semester 7\fyp\fyp work\transformer_health_index\data\raw\images\486.jpg,1,2,1,1,3,3,3,1,1,1,1,1,3,22
E:\anas\uni\semester 7\fyp\fyp work\transformer_health_index\data\raw\images\794.jpg,2,0,5,1,1,3,5,0,4,4,3,2,1,47
E:\anas\uni\semester 7\fyp\fyp work\transformer_health_index\data\raw\images\1657.jpg,3,3,3,6,1,1,3,1,1,6,1,1,1,31
E:\anas\uni\semester 7\fyp\fyp work\transformer_health_index\data\raw\images\2830.jpg,3,1,1,6,6,1,6,1,1,6,1,1,1,35
E:\anas\uni\semester 7\fyp\fyp work\transformer_health_index\data\raw\images\3671.jpg,1,1,1,1,1,1,3,1,1,6,1,1,1,20
E:\anas\uni\semester 7\fyp\fyp work\transformer_health_index\data\raw\images\165.jpg,4,1,1,1,3,3,3,1,1,4,2,4,6,35
E:\anas\uni\semester 7\fyp\fyp work\transformer_health_index\data\raw\images\997.jpg,2,3,3,2,4,3,0,3,0,2,1,4,2,13
E:\anas\uni\semester 7\fyp\fyp work\transformer_health_index\data\raw\images\3966.jpg,4,1,2,1,2,5,3,3,4,5,1,4,0,48
E:\anas\uni\semester 7\fyp\fyp work\transformer_health_index\data\raw\images\3872.jpg,1,3,3,3,3,3,3,1,3,1,1,1,6,27
E:\anas\uni\semester 7\fyp\fyp work\transformer_health_index\data\raw\images\1936.jpg,3,1,1,6,1,1,3,1,1,6,1,1,1,27
E:\anas\uni\semester 7\fyp\fyp work\transformer_health_index\data\raw\images\3398.jpg,3,1,1,1,1,1,3,1,1,6,1,1,1,22
E:\anas\uni\semester 7\fyp\fyp work\transformer_health_index\data\raw\images\4379.jpg,0,1,0,2,1,2,1,5,0,1,2,4,2,21
E:\anas\uni\semester 7\fyp\fyp work\transformer_health_index\data\raw\images\472.jpg,1,3,3,3,3,5,3,1,3,1,1,1,6,35
E:\anas\uni\semester 7\fyp\fyp work\transformer_health_index\data\raw\images\4030.jpg,3,3,2,2,2,3,1,2,3,4,2,0,4,57
E:\anas\uni\semester 7\fyp\fyp work\transformer_health_index\data\raw\images\5098.jpg,2,5,1,5,5,5,0,4,3,1,1,1,1,36
E:\anas\uni\semester 7\fyp\fyp work\transformer_health_index\data\raw\images\451.jpg,1,1,1,1,3,5,3,1,1,1,1,1,6,26
E:\anas\uni\semester 7\fyp\fyp work\transformer_health_index\data\raw\images\4085.jpg,2,0,1,5,4,1,5,2,0,5,4,4,5,54
E:\anas\uni\semester 7\fyp\fyp work\transformer_health_index\data\raw\images\1941.jpg,3,1,1,6,1,1,3,1,1,6,1,1,1,27
E:\anas\uni\semester 7\fyp\fyp work\transformer_health_index\data\raw\images\840.jpg,0,5,1,3,0,0,5,1,1,0,0,1,2,28
E:\anas\uni\semester 7\fyp\fyp work\transformer_health_index\data\raw\images\463.jpg,1,3,3,3,3,5,3,1,3,1,1,1,6,35
E:\anas\uni\semester 7\fyp\fyp work\transformer_health_index\data\raw\images\2746.jpg,3,1,1,6,6,1,6,1,1,6,1,1,1,35
E:\anas\uni\semester 7\fyp\fyp work\transformer_health_index\data\raw\images\5166.jpg,5,4,0,2,0,5,3,1,4,1,0,4,1,43
E:\anas\uni\semester 7\fyp\fyp work\transformer_health_index\data\raw\images\4755.jpg,0,4,0,0,0,3,2,3,3,0,4,0,3,48
E:\anas\uni\semester 7\fyp\fyp work\transformer_health_index\data\raw\images\3823.jpg,1,3,3,3,3,5,3,1,3,1,1,1,6,30
E:\anas\uni\semester 7\fyp\fyp work\transformer_health_index\data\raw\images\3873.jpg,1,3,3,3,3,3,3,1,3,1,1,1,6,27
E:\anas\uni\semester 7\fyp\fyp work\transformer_health_index\data\raw\images\1914.jpg,3,1,1,6,6,1,3,1,1,6,1,1,1,32
E:\anas\uni\semester 7\fyp\fyp work\transformer_health_index\data\raw\images\3091.jpg,3,1,1,1,1,1,6,1,1,6,1,1,1,25
E:\anas\uni\semester 7\fyp\fyp work\transformer_health_index\data\raw\images\4540.jpg,5,4,4,1,1,1,0,2,4,5,5,5,4,11
E:\anas\uni\semester 7\fyp\fyp work\transformer_health_index\data\raw\images\1314.jpg,5,1,5,5,5,5,5,3,3,5,5,2,3,27
E:\anas\uni\semester 7\fyp\fyp work\transformer_health_index\data\raw\images\793.jpg,2,0,5,1,1,3,5,0,4,4,3,2,1,47
E:\anas\uni\semester 7\fyp\fyp work\transformer_health_index\data\raw\images\135.jpg,6,3,3,3,3,3,3,3,3,4,2,6,6,48
E:\anas\uni\semester 7\fyp\fyp work\transformer_health_index\data\raw\images\760.jpg,2,1,1,4,4,4,0,5,3,0,5,2,3,15
E:\anas\uni\semester 7\fyp\fyp work\transformer_health_index\data\raw\images\3527.jpg,3,1,1,1,1,1,3,1,1,6,1,1,1,22
E:\anas\uni\semester 7\fyp\fyp work\transformer_health_index\data\raw\images\4990.jpg,4,3,1,4,5,3,2,5,0,5,1,5,5,33
E:\anas\uni\semester 7\fyp\fyp work\transformer_health_index\data\raw\images\1226.jpg,3,1,2,3,3,0,2,0,0,3,3,5,4,20
E:\anas\uni\semester 7\fyp\fyp work\transformer_health_index\data\raw\images\349.jpg,1,1,3,3,3,5,3,1,3,1,1,1,6,28
E:\anas\uni\semester 7\fyp\fyp work\transformer_health_index\data\raw\images\3832.jpg,1,3,3,3,3,5,3,1,3,1,1,1,6,30
E:\anas\uni\semester 7\fyp\fyp work\transformer_health_index\data\raw\images\3898.jpg,4,1,4,4,5,0,0,2,3,1,1,2,2,45
E:\anas\uni\semester 7\fyp\fyp work\transformer_health_index\data\raw\images\2549.jpg,3,1,1,6,6,1,3,1,1,6,1,1,1,32
E:\anas\uni\semester 7\fyp\fyp work\transformer_health_index\data\raw\images\614.jpg,1,2,1,1,3,3,3,1,1,1,1,1,3,22
E:\anas\uni\semester 7\fyp\fyp work\transformer_health_index\data\raw\images\3839.jpg,1,3,3,3,3,5,3,1,3,1,1,1,6,30
E:\anas\uni\semester 7\fyp\fyp work\transformer_health_index\data\raw\images\4836.jpg,3,3,2,4,5,2,0,3,4,5,5,4,5,16
E:\anas\uni\semester 7\fyp\fyp work\transformer_health_index\data\raw\images\5052.jpg,2,5,5,5,0,4,2,2,0,5,3,0,1,21
E:\anas\uni\semester 7\fyp\fyp work\transformer_health_index\data\raw\images\33.jpg,1,1,3,3,3,5,3,1,3,3,2,6,6,28
E:\anas\uni\semester 7\fyp\fyp work\transformer_health_index\data\raw\images\4140.jpg,1,2,2,2,4,4,2,3,3,5,2,1,5,39
E:\anas\uni\semester 7\fyp\fyp work\transformer_health_index\data\raw\images\603.jpg,1,2,1,1,3,5,3,1,1,1,1,1,6,27
E:\anas\uni\semester 7\fyp\fyp work\transformer_health_index\data\raw\images\3109.jpg,3,1,1,1,1,1,6,1,1,6,1,1,1,25
E:\anas\uni\semester 7\fyp\fyp work\transformer_health_index\data\raw\images\162.jpg,4,1,1,1,3,3,3,1,1,4,2,4,6,35
E:\anas\uni\semester 7\fyp\fyp work\transformer_health_index\data\raw\images\647.jpg,1,2,1,1,3,3,3,1,1,1,1,1,3,22
E:\anas\uni\semester 7\fyp\fyp work\transformer_health_index\data\raw\images\980.jpg,2,2,0,3,3,1,2,0,0,4,0,2,4,55
E:\anas\uni\semester 7\fyp\fyp work\transformer_health_index\data\raw\images\3829.jpg,1,3,3,3,3,5,3,1,3,1,1,1,6,30
E:\anas\uni\semester 7\fyp\fyp work\transformer_health_index\data\raw\images\5036.jpg,5,3,2,5,3,4,0,2,2,3,3,2,1,17
E:\anas\uni\semester 7\fyp\fyp work\transformer_health_index\data\raw\images\3447.jpg,3,1,1,1,1,1,6,1,1,6,1,1,1,25
E:\anas\uni\semester 7\fyp\fyp work\transformer_health_index\data\raw\images\136.jpg,6,3,3,3,3,3,3,3,3,4,2,6,6,48
E:\anas\uni\semester 7\fyp\fyp work\transformer_health_index\data\raw\images\2095.jpg,3,1,1,1,6,1,3,1,1,6,1,1,1,27
E:\anas\uni\semester 7\fyp\fyp work\transformer_health_index\data\raw\images\3193.jpg,3,1,1,6,6,1,6,1,1,6,1,1,1,35
E:\anas\uni\semester 7\fyp\fyp work\transformer_health_index\data\raw\images\188.jpg,4,1,1,1,3,3,3,1,1,4,2,4,6,35
E:\anas\uni\semester 7\fyp\fyp work\transformer_health_index\data\raw\images\4876.jpg,5,3,5,1,5,3,1,3,0,1,1,0,1,46
E:\anas\uni\semester 7\fyp\fyp work\transformer_health_index\data\raw\images\592.jpg,1,2,1,1,3,5,3,1,1,1,1,1,6,27
E:\anas\uni\semester 7\fyp\fyp work\transformer_health_index\data\raw\images\3119.jpg,3,1,1,1,1,1,6,1,1,6,1,1,1,25
E:\anas\uni\semester 7\fyp\fyp work\transformer_health_index\data\raw\images\1405.jpg,4,4,1,5,1,2,2,5,1,3,0,1,1,59
E:\anas\uni\semester 7\fyp\fyp work\transformer_health_index\data\raw\images\4496.jpg,5,4,3,1,5,0,3,1,2,4,3,3,3,16
E:\anas\uni\semester 7\fyp\fyp work\transformer_health_index\data\raw\images\157.jpg,4,1,1,1,3,3,3,1,1,4,2,4,6,35
E:\anas\uni\semester 7\fyp\fyp work\transformer_health_index\data\raw\images\615.jpg,1,2,1,1,3,3,3,1,1,1,1,1,3,22
E:\anas\uni\semester 7\fyp\fyp work\transformer_health_index\data\raw\images\317.jpg,1,1,3,3,3,5,3,1,3,1,1,1,6,28
E:\anas\uni\semester 7\fyp\fyp work\transformer_health_index\data\raw\images\2372.jpg,3,3,3,6,6,1,6,1,1,6,1,1,1,39
E:\anas\uni\semester 7\fyp\fyp work\transformer_health_index\data\raw\images\2323.jpg,3,3,3,1,6,1,1,1,1,6,1,1,1,29
E:\anas\uni\semester 7\fyp\fyp work\transformer_health_index\data\raw\images\2923.jpg,3,3,3,1,6,1,3,1,1,6,1,1,1,31
E:\anas\uni\semester 7\fyp\fyp work\transformer_health_index\data\raw\images\713.jpg,1,2,3,3,3,5,3,1,3,1,1,1,6,33
E:\anas\uni\semester 7\fyp\fyp work\transformer_health_index\data\raw\images\2884.jpg,3,1,1,6,6,1,6,1,1,6,1,1,1,35
E:\anas\uni\semester 7\fyp\fyp work\transformer_health_index\data\raw\images\3846.jpg,1,3,3,3,3,5,3,1,3,1,1,1,6,30
E:\anas\uni\semester 7\fyp\fyp work\transformer_health_index\data\raw\images\3670.jpg,1,1,1,1,1,1,3,1,1,6,1,1,1,20
E:\anas\uni\semester 7\fyp\fyp work\transformer_health_index\data\raw\images\2725.jpg,3,1,1,6,6,1,6,1,1,6,1,1,1,35
E:\anas\uni\semester 7\fyp\fyp work\transformer_health_index\data\raw\images\2806.jpg,3,1,1,6,6,1,6,1,1,6,1,1,1,35
E:\anas\uni\semester 7\fyp\fyp work\transformer_health_index\data\raw\images\2568.jpg,1,1,1,1,1,1,1,1,1,6,1,1,1,18
E:\anas\uni\semester 7\fyp\fyp work\transformer_health_index\data\raw\images\2817.jpg,3,1,1,6,6,1,6,1,1,6,1,1,1,35
E:\anas\uni\semester 7\fyp\fyp work\transformer_health_index\data\raw\images\3664.jpg,1,1,1,1,1,1,3,1,1,6,1,1,1,20
E:\anas\uni\semester 7\fyp\fyp work\transformer_health_index\data\raw\images\1040.jpg,4,0,3,4,3,4,5,0,0,0,3,5,5,43
E:\anas\uni\semester 7\fyp\fyp work\transformer_health_index\data\raw\images\186.jpg,4,1,1,1,3,3,3,1,1,4,2,4,6,35
E:\anas\uni\semester 7\fyp\fyp work\transformer_health_index\data\raw\images\3403.jpg,3,1,1,1,1,1,6,1,1,6,1,1,1,25
E:\anas\uni\semester 7\fyp\fyp work\transformer_health_index\data\raw\images\4114.jpg,2,4,3,2,3,3,3,3,5,5,3,4,1,40
E:\anas\uni\semester 7\fyp\fyp work\transformer_health_index\data\raw\images\54.jpg,4,1,1,1,3,3,3,1,1,4,2,4,1,29
E:\anas\uni\semester 7\fyp\fyp work\transformer_health_index\data\raw\images\4109.jpg,2,4,3,2,3,3,3,3,5,5,3,4,1,40
E:\anas\uni\semester 7\fyp\fyp work\transformer_health_index\data\raw\images\533.jpg,1,2,3,3,3,3,3,1,3,1,1,1,6,32
E:\anas\uni\semester 7\fyp\fyp work\transformer_health_index\data\raw\images\4965.jpg,4,0,1,2,3,3,0,5,3,0,3,1,5,54
E:\anas\uni\semester 7\fyp\fyp work\transformer_health_index\data\raw\images\1660.jpg,3,3,3,6,1,1,3,1,1,6,1,1,1,31
E:\anas\uni\semester 7\fyp\fyp work\transformer_health_index\data\raw\images\3415.jpg,3,1,1,1,1,1,6,1,1,6,1,1,1,25
E:\anas\uni\semester 7\fyp\fyp work\transformer_health_index\data\raw\images\39.jpg,1,1,3,3,3,5,3,1,3,3,2,6,6,28
E:\anas\uni\semester 7\fyp\fyp work\transformer_health_index\data\raw\images\4561.jpg,1,5,5,0,1,4,0,4,1,5,1,1,4,26
E:\anas\uni\semester 7\fyp\fyp work\transformer_health_index\data\raw\images\149.jpg,4,1,1,1,3,3,3,1,1,4,2,4,6,35
E:\anas\uni\semester 7\fyp\fyp work\transformer_health_index\data\raw\images\1253.jpg,5,3,4,2,3,2,5,1,0,2,4,2,2,46
E:\anas\uni\semester 7\fyp\fyp work\transformer_health_index\data\raw\images\4124.jpg,0,4,3,1,2,4,1,5,0,1,2,0,1,14
E:\anas\uni\semester 7\fyp\fyp work\transformer_health_index\data\raw\images\3637.jpg,3,1,1,1,1,1,3,1,1,6,1,1,1,22
E:\anas\uni\semester 7\fyp\fyp work\transformer_health_index\data\raw\images\2381.jpg,3,3,3,6,6,1,6,1,1,6,1,1,1,39
E:\anas\uni\semester 7\fyp\fyp work\transformer_health_index\data\raw\images\1271.jpg,4,0,5,2,3,3,0,4,4,3,4,2,3,45
E:\anas\uni\semester 7\fyp\fyp work\transformer_health_index\data\raw\images\3263.jpg,3,1,1,6,1,1,6,1,1,6,1,1,1,30
E:\anas\uni\semester 7\fyp\fyp work\transformer_health_index\data\raw\images\2093.jpg,3,1,1,1,6,1,3,1,1,6,1,1,1,27
E:\anas\uni\semester 7\fyp\fyp work\transformer_health_index\data\raw\images\3011.jpg,3,1,1,3,1,1,6,1,1,6,1,1,1,27
E:\anas\uni\semester 7\fyp\fyp work\transformer_health_index\data\raw\images\5161.jpg,5,4,0,2,0,5,3,1,4,1,0,4,1,43
E:\anas\uni\semester 7\fyp\fyp work\transformer_health_index\data\raw\images\3443.jpg,3,1,1,1,1,1,6,1,1,6,1,1,1,25
E:\anas\uni\semester 7\fyp\fyp work\transformer_health_index\data\raw\images\2075.jpg,3,1,1,6,1,1,6,1,1,6,1,1,1,30
E:\anas\uni\semester 7\fyp\fyp work\transformer_health_index\data\raw\images\2118.jpg,3,1,1,6,1,1,3,1,1,6,1,1,1,27
E:\anas\uni\semester 7\fyp\fyp work\transformer_health_index\data\raw\images\5013.jpg,2,3,4,5,3,3,5,5,3,5,3,0,1,29
E:\anas\uni\semester 7\fyp\fyp work\transformer_health_index\data\raw\images\1068.jpg,3,2,5,1,2,5,0,4,3,3,5,3,2,18
E:\anas\uni\semester 7\fyp\fyp work\transformer_health_index\data\raw\images\1686.jpg,3,3,3,6,1,1,3,1,1,6,1,1,1,31
E:\anas\uni\semester 7\fyp\fyp work\transformer_health_index\data\raw\images\2399.jpg,1,1,1,1,1,1,1,1,1,1,1,1,1,13
E:\anas\uni\semester 7\fyp\fyp work\transformer_health_index\data\raw\images\2160.jpg,3,1,1,6,1,1,3,1,1,6,1,1,1,27
E:\anas\uni\semester 7\fyp\fyp work\transformer_health_index\data\raw\images\3275.jpg,3,1,1,6,1,1,6,1,1,6,1,1,1,30
E:\anas\uni\semester 7\fyp\fyp work\transformer_health_index\data\raw\images\5027.jpg,5,3,2,5,3,4,0,2,2,3,3,2,1,17
E:\anas\uni\semester 7\fyp\fyp work\transformer_health_index\data\raw\images\200.jpg,4,3,3,3,3,3,3,3,3,4,2,4,6,40
E:\anas\uni\semester 7\fyp\fyp work\transformer_health_index\data\raw\images\937.jpg,3,2,5,2,0,4,1,5,0,3,1,0,3,14
E:\anas\uni\semester 7\fyp\fyp work\transformer_health_index\data\raw\images\689.jpg,1,2,1,1,3,5,3,1,1,1,1,1,6,27
E:\anas\uni\semester 7\fyp\fyp work\transformer_health_index\data\raw\images\3673.jpg,1,1,1,1,1,1,3,1,1,6,1,1,1,20
E:\anas\uni\semester 7\fyp\fyp work\transformer_health_index\data\raw\images\907.jpg,1,1,1,4,2,3,2,2,4,0,4,1,5,29
E:\anas\uni\semester 7\fyp\fyp work\transformer_health_index\data\raw\images\1316.jpg,5,1,5,5,5,5,5,3,3,5,5,2,3,27
E:\anas\uni\semester 7\fyp\fyp work\transformer_health_index\data\raw\images\963.jpg,0,2,3,0,2,0,5,4,2,0,3,3,1,52
E:\anas\uni\semester 7\fyp\fyp work\transformer_health_index\data\raw\images\2429.jpg,3,1,1,6,1,1,3,1,1,6,1,1,1,27
E:\anas\uni\semester 7\fyp\fyp work\transformer_health_index\data\raw\images\2837.jpg,3,3,1,1,6,6,3,1,1,6,1,1,1,34
E:\anas\uni\semester 7\fyp\fyp work\transformer_health_index\data\raw\images\4803.jpg,1,3,3,5,5,0,3,4,5,1,4,2,0,42
E:\anas\uni\semester 7\fyp\fyp work\transformer_health_index\data\raw\images\4638.jpg,3,5,5,5,2,3,5,2,2,5,3,5,5,52
E:\anas\uni\semester 7\fyp\fyp work\transformer_health_index\data\raw\images\1982.jpg,3,1,1,6,1,1,6,1,1,6,1,1,1,30
E:\anas\uni\semester 7\fyp\fyp work\transformer_health_index\data\raw\images\4231.jpg,5,3,2,2,3,1,4,1,5,0,3,5,5,33
E:\anas\uni\semester 7\fyp\fyp work\transformer_health_index\data\raw\images\1470.jpg,1,0,3,3,2,4,5,1,0,0,1,5,0,49
E:\anas\uni\semester 7\fyp\fyp work\transformer_health_index\data\raw\images\979.jpg,2,2,0,3,3,1,2,0,0,4,0,2,4,55
E:\anas\uni\semester 7\fyp\fyp work\transformer_health_index\data\raw\images\1168.jpg,3,0,4,0,3,5,4,4,4,0,4,4,3,23
E:\anas\uni\semester 7\fyp\fyp work\transformer_health_index\data\raw\images\1326.jpg,1,4,3,3,2,5,4,4,4,2,3,0,5,26
E:\anas\uni\semester 7\fyp\fyp work\transformer_health_index\data\raw\images\4940.jpg,4,1,2,3,1,4,1,0,5,2,2,2,5,34
E:\anas\uni\semester 7\fyp\fyp work\transformer_health_index\data\raw\images\1348.jpg,5,0,5,1,0,1,4,1,0,0,2,2,3,34
E:\anas\uni\semester 7\fyp\fyp work\transformer_health_index\data\raw\images\1458.jpg,1,0,3,3,2,4,5,1,0,0,1,5,0,49
E:\anas\uni\semester 7\fyp\fyp work\transformer_health_index\data\raw\images\2502.jpg,3,3,3,1,6,1,3,1,1,6,1,1,1,31
E:\anas\uni\semester 7\fyp\fyp work\transformer_health_index\data\raw\images\4424.jpg,5,3,4,0,2,1,3,4,0,4,3,4,2,45
E:\anas\uni\semester 7\fyp\fyp work\transformer_health_index\data\raw\images\1839.jpg,3,1,1,1,1,1,5,1,1,1,1,1,1,19
E:\anas\uni\semester 7\fyp\fyp work\transformer_health_index\data\raw\images\716.jpg,1,2,3,3,3,5,3,1,3,1,1,1,6,33
E:\anas\uni\semester 7\fyp\fyp work\transformer_health_index\data\raw\images\3393.jpg,3,1,1,1,1,1,3,1,1,6,1,1,1,22
E:\anas\uni\semester 7\fyp\fyp work\transformer_health_index\data\raw\images\4469.jpg,0,4,5,2,0,3,2,2,2,2,2,1,5,25
E:\anas\uni\semester 7\fyp\fyp work\transformer_health_index\data\raw\images\987.jpg,2,2,0,3,3,1,2,0,0,4,0,2,4,55
E:\anas\uni\semester 7\fyp\fyp work\transformer_health_index\data\raw\images\2882.jpg,3,1,1,6,6,1,6,1,1,6,1,1,1,35
E:\anas\uni\semester 7\fyp\fyp work\transformer_health_index\data\raw\images\3480.jpg,3,1,1,1,1,1,6,1,1,6,1,1,1,25
E:\anas\uni\semester 7\fyp\fyp work\transformer_health_index\data\raw\images\3799.jpg,1,2,1,1,3,3,3,1,1,1,1,1,3,22
E:\anas\uni\semester 7\fyp\fyp work\transformer_health_index\data\raw\images\2151.jpg,3,1,1,6,1,1,3,1,1,6,1,1,1,27
E:\anas\uni\semester 7\fyp\fyp work\transformer_health_index\data\raw\images\922.jpg,1,1,1,4,2,3,2,2,4,0,4,1,5,29
E:\anas\uni\semester 7\fyp\fyp work\transformer_health_index\data\raw\images\663.jpg,1,2,1,1,3,5,3,1,1,1,1,1,6,27
E:\anas\uni\semester 7\fyp\fyp work\transformer_health_index\data\raw\images\928.jpg,3,2,5,2,0,4,1,5,0,3,1,0,3,14
E:\anas\uni\semester 7\fyp\fyp work\transformer_health_index\data\raw\images\1938.jpg,3,1,1,6,1,1,3,1,1,6,1,1,1,27
E:\anas\uni\semester 7\fyp\fyp work\transformer_health_index\data\raw\images\2114.jpg,3,1,1,6,1,1,3,1,1,6,1,1,1,27
E:\anas\uni\semester 7\fyp\fyp work\transformer_health_index\data\raw\images\1630.jpg,3,3,3,6,1,1,3,1,1,6,1,1,1,31
E:\anas\uni\semester 7\fyp\fyp work\transformer_health_index\data\raw\images\4680.jpg,2,4,2,5,0,2,0,3,4,5,4,2,4,30
E:\anas\uni\semester 7\fyp\fyp work\transformer_health_index\data\raw\images\2512.jpg,3,3,3,1,6,1,3,1,1,6,1,1,1,31
E:\anas\uni\semester 7\fyp\fyp work\transformer_health_index\data\raw\images\44.jpg,4,1,1,1,3,3,3,1,1,4,2,4,1,29
E:\anas\uni\semester 7\fyp\fyp work\transformer_health_index\data\raw\images\765.jpg,2,1,1,4,4,4,0,5,3,0,5,2,3,15
E:\anas\uni\semester 7\fyp\fyp work\transformer_health_index\data\raw\images\3621.jpg,3,1,1,1,1,1,3,1,1,6,1,1,1,22
E:\anas\uni\semester 7\fyp\fyp work\transformer_health_index\data\raw\images\940.jpg,3,2,5,2,0,4,1,5,0,3,1,0,3,14
E:\anas\uni\semester 7\fyp\fyp work\transformer_health_index\data\raw\images\1756.jpg,1,1,1,1,1,1,1,1,1,1,1,1,1,13
E:\anas\uni\semester 7\fyp\fyp work\transformer_health_index\data\raw\images\4489.jpg,0,5,1,5,0,0,0,0,0,5,1,4,1,16
E:\anas\uni\semester 7\fyp\fyp work\transformer_health_index\data\raw\images\4445.jpg,1,0,4,1,1,1,4,1,2,0,2,2,0,21
E:\anas\uni\semester 7\fyp\fyp work\transformer_health_index\data\raw\images\2717.jpg,3,1,1,6,6,1,6,1,1,6,1,1,1,35
E:\anas\uni\semester 7\fyp\fyp work\transformer_health_index\data\raw\images\5135.jpg,4,0,4,3,3,2,3,5,0,3,3,4,4,57
E:\anas\uni\semester 7\fyp\fyp work\transformer_health_index\data\raw\images\141.jpg,6,3,3,3,3,3,3,3,3,4,2,6,6,48
E:\anas\uni\semester 7\fyp\fyp work\transformer_health_index\data\raw\images\943.jpg,3,2,5,2,0,4,1,5,0,3,1,0,3,14
E:\anas\uni\semester 7\fyp\fyp work\transformer_health_index\data\raw\images\1307.jpg,5,1,5,5,5,5,5,3,3,5,5,2,3,27
E:\anas\uni\semester 7\fyp\fyp work\transformer_health_index\data\raw\images\2796.jpg,3,1,1,6,6,1,6,1,1,6,1,1,1,35
E:\anas\uni\semester 7\fyp\fyp work\transformer_health_index\data\raw\images\2315.jpg,3,3,3,1,6,1,1,1,1,6,1,1,1,29
E:\anas\uni\semester 7\fyp\fyp work\transformer_health_index\data\raw\images\4284.jpg,3,3,1,4,3,2,2,2,5,2,4,5,5,28
E:\anas\uni\semester 7\fyp\fyp work\transformer_health_index\data\raw\images\32.jpg,1,1,3,3,3,5,3,1,3,3,2,6,6,28
E:\anas\uni\semester 7\fyp\fyp work\transformer_health_index\data\raw\images\3641.jpg,3,1,1,1,1,1,3,1,1,6,1,1,1,22
E:\anas\uni\semester 7\fyp\fyp work\transformer_health_index\data\raw\images\2741.jpg,3,1,1,6,6,1,6,1,1,6,1,1,1,35
E:\anas\uni\semester 7\fyp\fyp work\transformer_health_index\data\raw\images\339.jpg,1,1,3,3,3,5,3,1,3,1,1,1,6,28
E:\anas\uni\semester 7\fyp\fyp work\transformer_health_index\data\raw\images\148.jpg,4,1,1,1,3,3,3,1,1,4,2,4,6,35
E:\anas\uni\semester 7\fyp\fyp work\transformer_health_index\data\raw\images\3894.jpg,4,1,4,4,5,0,0,2,3,1,1,2,2,45
E:\anas\uni\semester 7\fyp\fyp work\transformer_health_index\data\raw\images\4080.jpg,2,0,1,5,4,1,5,2,0,5,4,4,5,54
E:\anas\uni\semester 7\fyp\fyp work\transformer_health_index\data\raw\images\4857.jpg,3,3,1,0,1,4,2,3,2,5,3,3,3,12
E:\anas\uni\semester 7\fyp\fyp work\transformer_health_index\data\raw\images\3074.jpg,3,1,1,6,6,1,6,1,1,6,1,1,1,35
E:\anas\uni\semester 7\fyp\fyp work\transformer_health_index\data\raw\images\2042.jpg,3,1,1,6,1,1,3,1,1,6,1,1,1,27
E:\anas\uni\semester 7\fyp\fyp work\transformer_health_index\data\raw\images\470.jpg,1,3,3,3,3,5,3,1,3,1,1,1,6,35
E:\anas\uni\semester 7\fyp\fyp work\transformer_health_index\data\raw\images\1557.jpg,0,3,4,2,5,2,0,3,4,3,0,4,2,38
E:\anas\uni\semester 7\fyp\fyp work\transformer_health_index\data\raw\images\212.jpg,4,1,1,1,3,5,3,1,1,4,2,4,6,36
E:\anas\uni\semester 7\fyp\fyp work\transformer_health_index\data\raw\images\1456.jpg,1,0,3,3,2,4,5,1,0,0,1,5,0,49
E:\anas\uni\semester 7\fyp\fyp work\transformer_health_index\data\raw\images\3967.jpg,4,1,2,1,2,5,3,3,4,5,1,4,0,48
E:\anas\uni\semester 7\fyp\fyp work\transformer_health_index\data\raw\images\4546.jpg,5,4,4,1,1,1,0,2,4,5,5,5,4,11
E:\anas\uni\semester 7\fyp\fyp work\transformer_health_index\data\raw\images\3102.jpg,3,1,1,1,1,1,6,1,1,6,1,1,1,25
E:\anas\uni\semester 7\fyp\fyp work\transformer_health_index\data\raw\images\3148.jpg,3,1,1,1,1,1,6,1,1,6,1,1,1,25
E:\anas\uni\semester 7\fyp\fyp work\transformer_health_index\data\raw\images\4601.jpg,3,4,5,4,1,3,3,3,2,4,3,3,1,27
E:\anas\uni\semester 7\fyp\fyp work\transformer_health_index\data\raw\images\4365.jpg,3,0,1,3,5,0,5,0,3,2,2,4,5,10
E:\anas\uni\semester 7\fyp\fyp work\transformer_health_index\data\raw\images\3305.jpg,3,1,1,1,1,1,6,1,1,6,1,1,1,25
E:\anas\uni\semester 7\fyp\fyp work\transformer_health_index\data\raw\images\1799.jpg,1,1,1,1,1,1,1,1,1,1,1,1,1,13
E:\anas\uni\semester 7\fyp\fyp work\transformer_health_index\data\raw\images\4060.jpg,5,5,2,2,2,4,2,5,3,1,4,4,2,35
E:\anas\uni\semester 7\fyp\fyp work\transformer_health_index\data\raw\images\2579.jpg,1,1,1,1,1,1,1,1,1,6,1,1,1,18
E:\anas\uni\semester 7\fyp\fyp work\transformer_health_index\data\raw\images\4524.jpg,0,4,1,1,0,4,4,4,5,2,3,4,4,34
E:\anas\uni\semester 7\fyp\fyp work\transformer_health_index\data\raw\images\4988.jpg,4,3,1,4,5,3,2,5,0,5,1,5,5,33
E:\anas\uni\semester 7\fyp\fyp work\transformer_health_index\data\raw\images\829.jpg,0,5,1,3,0,0,5,1,1,0,0,1,2,28
E:\anas\uni\semester 7\fyp\fyp work\transformer_health_index\data\raw\images\2724.jpg,3,1,1,6,6,1,6,1,1,6,1,1,1,35
E:\anas\uni\semester 7\fyp\fyp work\transformer_health_index\data\raw\images\83.jpg,4,1,1,1,3,3,3,1,1,4,2,4,1,29
E:\anas\uni\semester 7\fyp\fyp work\transformer_health_index\data\raw\images\4787.jpg,0,3,3,3,2,0,0,2,2,1,5,2,1,42
E:\anas\uni\semester 7\fyp\fyp work\transformer_health_index\data\raw\images\3212.jpg,3,1,1,6,6,1,6,1,1,6,1,1,1,35
E:\anas\uni\semester 7\fyp\fyp work\transformer_health_index\data\raw\images\4523.jpg,0,4,1,1,0,4,4,4,5,2,3,4,4,34
E:\anas\uni\semester 7\fyp\fyp work\transformer_health_index\data\raw\images\4722.jpg,1,1,1,3,5,5,3,0,4,1,2,5,1,13
E:\anas\uni\semester 7\fyp\fyp work\transformer_health_index\data\raw\images\4043.jpg,5,0,4,2,2,2,3,2,2,3,2,4,3,23
E:\anas\uni\semester 7\fyp\fyp work\transformer_health_index\data\raw\images\694.jpg,1,2,3,3,3,5,3,1,3,1,1,1,6,33
E:\anas\uni\semester 7\fyp\fyp work\transformer_health_index\data\raw\images\1325.jpg,1,4,3,3,2,5,4,4,4,2,3,0,5,26
E:\anas\uni\semester 7\fyp\fyp work\transformer_health_index\data\raw\images\4772.jpg,0,3,3,3,2,0,0,2,2,1,5,2,1,42
E:\anas\uni\semester 7\fyp\fyp work\transformer_health_index\data\raw\images\2141.jpg,3,1,1,6,1,1,3,1,1,6,1,1,1,27
E:\anas\uni\semester 7\fyp\fyp work\transformer_health_index\data\raw\images\608.jpg,1,2,1,1,3,5,3,1,1,1,1,1,6,27
E:\anas\uni\semester 7\fyp\fyp work\transformer_health_index\data\raw\images\2283.jpg,3,3,3,1,6,1,1,1,1,6,1,1,1,29
E:\anas\uni\semester 7\fyp\fyp work\transformer_health_index\data\raw\images\55.jpg,4,1,1,1,3,3,3,1,1,4,2,4,1,29
E:\anas\uni\semester 7\fyp\fyp work\transformer_health_index\data\raw\images\2781.jpg,3,1,1,6,6,1,6,1,1,6,1,1,1,35
E:\anas\uni\semester 7\fyp\fyp work\transformer_health_index\data\raw\images\1342.jpg,1,4,3,3,2,5,4,4,4,2,3,0,5,26
E:\anas\uni\semester 7\fyp\fyp work\transformer_health_index\data\raw\images\2937.jpg,3,3,3,1,6,1,3,1,1,6,1,1,1,31
E:\anas\uni\semester 7\fyp\fyp work\transformer_health_index\data\raw\images\1537.jpg,2,4,2,3,1,0,3,5,1,0,0,0,5,50
E:\anas\uni\semester 7\fyp\fyp work\transformer_health_index\data\raw\images\3446.jpg,3,1,1,1,1,1,6,1,1,6,1,1,1,25
E:\anas\uni\semester 7\fyp\fyp work\transformer_health_index\data\raw\images\1280.jpg,4,0,5,2,3,3,0,4,4,3,4,2,3,45
E:\anas\uni\semester 7\fyp\fyp work\transformer_health_index\data\raw\images\4571.jpg,1,5,5,0,1,4,0,4,1,5,1,1,4,26
E:\anas\uni\semester 7\fyp\fyp work\transformer_health_index\data\raw\images\3533.jpg,3,1,1,1,1,1,3,1,1,6,1,1,1,22
E:\anas\uni\semester 7\fyp\fyp work\transformer_health_index\data\raw\images\156.jpg,4,1,1,1,3,3,3,1,1,4,2,4,6,35
E:\anas\uni\semester 7\fyp\fyp work\transformer_health_index\data\raw\images\1814.jpg,1,1,1,1,1,1,1,1,1,1,1,1,1,13
E:\anas\uni\semester 7\fyp\fyp work\transformer_health_index\data\raw\images\3373.jpg,3,1,1,1,1,1,6,1,1,6,1,1,1,25
E:\anas\uni\semester 7\fyp\fyp work\transformer_health_index\data\raw\images\3128.jpg,3,1,1,1,1,1,6,1,1,6,1,1,1,25
E:\anas\uni\semester 7\fyp\fyp work\transformer_health_index\data\raw\images\4996.jpg,4,3,1,4,5,3,2,5,0,5,1,5,5,33
E:\anas\uni\semester 7\fyp\fyp work\transformer_health_index\data\raw\images\637.jpg,1,2,1,1,3,3,3,1,1,1,1,1,3,22
E:\anas\uni\semester 7\fyp\fyp work\transformer_health_index\data\raw\images\4034.jpg,5,0,4,2,2,2,3,2,2,3,2,4,3,23
E:\anas\uni\semester 7\fyp\fyp work\transformer_health_index\data\raw\images\1810.jpg,1,1,1,1,1,1,1,1,1,1,1,1,1,13
E:\anas\uni\semester 7\fyp\fyp work\transformer_health_index\data\raw\images\2163.jpg,3,1,1,6,1,1,3,1,1,6,1,1,1,27
E:\anas\uni\semester 7\fyp\fyp work\transformer_health_index\data\raw\images\4119.jpg,0,4,3,1,2,4,1,5,0,1,2,0,1,14
E:\anas\uni\semester 7\fyp\fyp work\transformer_health_index\data\raw\images\1655.jpg,3,3,3,6,1,1,3,1,1,6,1,1,1,31
E:\anas\uni\semester 7\fyp\fyp work\transformer_health_index\data\raw\images\1261.jpg,4,0,5,2,3,3,0,4,4,3,4,2,3,45
E:\anas\uni\semester 7\fyp\fyp work\transformer_health_index\data\raw\images\2232.jpg,3,1,1,6,1,1,3,1,1,6,1,1,1,27
E:\anas\uni\semester 7\fyp\fyp work\transformer_health_index\data\raw\images\578.jpg,1,1,1,1,3,5,3,1,1,1,1,1,6,26
E:\anas\uni\semester 7\fyp\fyp work\transformer_health_index\data\raw\images\2199.jpg,3,1,1,6,1,1,6,1,1,6,1,1,1,30
E:\anas\uni\semester 7\fyp\fyp work\transformer_health_index\data\raw\images\3773.jpg,1,2,1,1,3,3,3,1,1,1,1,1,3,22
E:\anas\uni\semester 7\fyp\fyp work\transformer_health_index\data\raw\images\4660.jpg,3,0,5,0,2,1,3,2,3,2,5,3,2,60
E:\anas\uni\semester 7\fyp\fyp work\transformer_health_index\data\raw\images\4853.jpg,3,3,1,0,1,4,2,3,2,5,3,3,3,12
E:\anas\uni\semester 7\fyp\fyp work\transformer_health_index\data\raw\images\57.jpg,4,1,1,1,3,3,3,1,1,4,2,4,1,29
E:\anas\uni\semester 7\fyp\fyp work\transformer_health_index\data\raw\images\4813.jpg,0,4,2,0,2,3,4,5,4,3,5,0,4,14
E:\anas\uni\semester 7\fyp\fyp work\transformer_health_index\data\raw\images\2751.jpg,3,1,1,6,6,1,6,1,1,6,1,1,1,35
E:\anas\uni\semester 7\fyp\fyp work\transformer_health_index\data\raw\images\1601.jpg,1,1,1,1,1,1,1,1,1,1,1,1,1,13
E:\anas\uni\semester 7\fyp\fyp work\transformer_health_index\data\raw\images\3514.jpg,3,1,1,1,1,1,3,1,1,6,1,1,1,22
E:\anas\uni\semester 7\fyp\fyp work\transformer_health_index\data\raw\images\4437.jpg,1,0,4,1,1,1,4,1,2,0,2,2,0,21
E:\anas\uni\semester 7\fyp\fyp work\transformer_health_index\data\raw\images\773.jpg,2,1,1,4,4,4,0,5,3,0,5,2,3,15
E:\anas\uni\semester 7\fyp\fyp work\transformer_health_index\data\raw\images\1246.jpg,5,3,4,2,3,2,5,1,0,2,4,2,2,46
E:\anas\uni\semester 7\fyp\fyp work\transformer_health_index\data\raw\images\374.jpg,1,1,3,3,3,5,3,1,3,1,1,1,6,33
E:\anas\uni\semester 7\fyp\fyp work\transformer_health_index\data\raw\images\1347.jpg,5,0,5,1,0,1,4,1,0,0,2,2,3,34
E:\anas\uni\semester 7\fyp\fyp work\transformer_health_index\data\raw\images\2880.jpg,3,1,1,6,6,1,6,1,1,6,1,1,1,35
E:\anas\uni\semester 7\fyp\fyp work\transformer_health_index\data\raw\images\1159.jpg,3,0,4,0,3,5,4,4,4,0,4,4,3,23
E:\anas\uni\semester 7\fyp\fyp work\transformer_health_index\data\raw\images\1114.jpg,5,4,1,2,3,2,5,5,1,4,2,0,5,56
E:\anas\uni\semester 7\fyp\fyp work\transformer_health_index\data\raw\images\1204.jpg,0,2,0,5,0,1,4,3,0,3,0,5,5,60
E:\anas\uni\semester 7\fyp\fyp work\transformer_health_index\data\raw\images\3013.jpg,3,1,1,3,1,1,6,1,1,6,1,1,1,27
E:\anas\uni\semester 7\fyp\fyp work\transformer_health_index\data\raw\images\4001.jpg,1,2,3,3,4,2,0,0,1,2,2,4,1,32
E:\anas\uni\semester 7\fyp\fyp work\transformer_health_index\data\raw\images\547.jpg,1,1,1,1,3,5,3,1,1,1,1,1,6,26
E:\anas\uni\semester 7\fyp\fyp work\transformer_health_index\data\raw\images\672.jpg,1,2,1,1,3,5,3,1,1,1,1,1,6,27
E:\anas\uni\semester 7\fyp\fyp work\transformer_health_index\data\raw\images\3915.jpg,2,3,1,3,1,2,2,0,5,5,1,1,1,13
E:\anas\uni\semester 7\fyp\fyp work\transformer_health_index\data\raw\images\385.jpg,1,1,1,1,3,5,3,1,1,1,1,1,6,26
E:\anas\uni\semester 7\fyp\fyp work\transformer_health_index\data\raw\images\5009.jpg,2,3,4,5,3,3,5,5,3,5,3,0,1,29
E:\anas\uni\semester 7\fyp\fyp work\transformer_health_index\data\raw\images\378.jpg,1,1,3,3,3,5,3,1,3,1,1,1,6,33
E:\anas\uni\semester 7\fyp\fyp work\transformer_health_index\data\raw\images\2708.jpg,3,1,1,6,6,1,6,1,1,6,1,1,1,35
E:\anas\uni\semester 7\fyp\fyp work\transformer_health_index\data\raw\images\2971.jpg,1,1,1,1,1,1,1,1,1,6,1,1,1,18
E:\anas\uni\semester 7\fyp\fyp work\transformer_health_index\data\raw\images\5061.jpg,2,5,5,5,0,4,2,2,0,5,3,0,1,21
E:\anas\uni\semester 7\fyp\fyp work\transformer_health_index\data\raw\images\2417.jpg,3,1,1,6,1,1,3,1,1,6,1,1,1,27
E:\anas\uni\semester 7\fyp\fyp work\transformer_health_index\data\raw\images\3526.jpg,3,1,1,1,1,1,3,1,1,6,1,1,1,22
E:\anas\uni\semester 7\fyp\fyp work\transformer_health_index\data\raw\images\1210.jpg,0,2,0,5,0,1,4,3,0,3,0,5,5,60
E:\anas\uni\semester 7\fyp\fyp work\transformer_health_index\data\raw\images\4066.jpg,5,5,2,2,2,4,2,5,3,1,4,4,2,35
E:\anas\uni\semester 7\fyp\fyp work\transformer_health_index\data\raw\images\4954.jpg,4,1,2,3,1,4,1,0,5,2,2,2,5,34
E:\anas\uni\semester 7\fyp\fyp work\transformer_health_index\data\raw\images\3879.jpg,1,3,3,3,3,3,3,1,3,1,1,1,6,27
E:\anas\uni\semester 7\fyp\fyp work\transformer_health_index\data\raw\images\450.jpg,1,1,1,1,3,5,3,1,1,1,1,1,6,26
E:\anas\uni\semester 7\fyp\fyp work\transformer_health_index\data\raw\images\1912.jpg,3,1,1,6,6,1,3,1,1,6,1,1,1,32
E:\anas\uni\semester 7\fyp\fyp work\transformer_health_index\data\raw\images\660.jpg,1,2,1,1,3,5,3,1,1,1,1,1,6,27
E:\anas\uni\semester 7\fyp\fyp work\transformer_health_index\data\raw\images\2006.jpg,3,1,1,6,1,1,3,1,1,6,1,1,1,27
E:\anas\uni\semester 7\fyp\fyp work\transformer_health_index\data\raw\images\4786.jpg,0,3,3,3,2,0,0,2,2,1,5,2,1,42
E:\anas\uni\semester 7\fyp\fyp work\transformer_health_index\data\raw\images\2998.jpg,1,1,1,1,1,1,1,1,1,6,1,1,1,18
E:\anas\uni\semester 7\fyp\fyp work\transformer_health_index\data\raw\images\727.jpg,1,2,3,3,3,5,3,1,3,1,1,1,6,33
E:\anas\uni\semester 7\fyp\fyp work\transformer_health_index\data\raw\images\3385.jpg,3,1,1,1,1,1,3,1,1,6,1,1,1,22
E:\anas\uni\semester 7\fyp\fyp work\transformer_health_index\data\raw\images\1144.jpg,1,3,3,2,1,1,0,3,3,3,3,1,5,18
E:\anas\uni\semester 7\fyp\fyp work\transformer_health_index\data\raw\images\748.jpg,2,3,3,2,0,3,3,0,2,4,4,2,2,39
E:\anas\uni\semester 7\fyp\fyp work\transformer_health_index\data\raw\images\2170.jpg,3,3,1,3,6,1,3,1,1,6,1,1,1,31
E:\anas\uni\semester 7\fyp\fyp work\transformer_health_index\data\raw\images\1367.jpg,1,1,3,2,3,5,2,2,5,2,4,1,1,37
E:\anas\uni\semester 7\fyp\fyp work\transformer_health_index\data\raw\images\4329.jpg,5,1,0,5,5,5,2,1,2,0,3,5,4,15
E:\anas\uni\semester 7\fyp\fyp work\transformer_health_index\data\raw\images\235.jpg,6,3,3,3,3,5,3,3,3,4,2,6,6,46
E:\anas\uni\semester 7\fyp\fyp work\transformer_health_index\data\raw\images\731.jpg,1,2,3,3,3,5,3,1,3,1,1,1,6,33
E:\anas\uni\semester 7\fyp\fyp work\transformer_health_index\data\raw\images\4514.jpg,5,4,3,1,5,0,3,1,2,4,3,3,3,16
E:\anas\uni\semester 7\fyp\fyp work\transformer_health_index\data\raw\images\3245.jpg,3,1,1,1,1,1,6,1,1,6,1,1,1,25
E:\anas\uni\semester 7\fyp\fyp work\transformer_health_index\data\raw\images\68.jpg,4,1,1,1,3,3,3,1,1,4,2,4,1,29
E:\anas\uni\semester 7\fyp\fyp work\transformer_health_index\data\raw\images\3368.jpg,3,1,1,1,1,1,6,1,1,6,1,1,1,25
E:\anas\uni\semester 7\fyp\fyp work\transformer_health_index\data\raw\images\4457.jpg,0,4,5,2,0,3,2,2,2,2,2,1,5,25
E:\anas\uni\semester 7\fyp\fyp work\transformer_health_index\data\raw\images\4924.jpg,3,2,3,3,2,2,1,4,0,1,2,3,2,13
E:\anas\uni\semester 7\fyp\fyp work\transformer_health_index\data\raw\images\1513.jpg,2,4,0,3,4,2,0,0,5,3,0,0,3,11
E:\anas\uni\semester 7\fyp\fyp work\transformer_health_index\data\raw\images\990.jpg,2,3,3,2,4,3,0,3,0,2,1,4,2,13
E:\anas\uni\semester 7\fyp\fyp work\transformer_health_index\data\raw\images\4711.jpg,1,1,1,3,5,5,3,0,4,1,2,5,1,13
E:\anas\uni\semester 7\fyp\fyp work\transformer_health_index\data\raw\images\4197.jpg,3,1,0,0,3,2,3,0,4,4,3,2,3,24
E:\anas\uni\semester 7\fyp\fyp work\transformer_health_index\data\raw\images\2561.jpg,3,1,1,6,6,1,3,1,1,6,1,1,1,32
E:\anas\uni\semester 7\fyp\fyp work\transformer_health_index\data\raw\images\3663.jpg,1,1,1,1,1,1,3,1,1,6,1,1,1,20
E:\anas\uni\semester 7\fyp\fyp work\transformer_health_index\data\raw\images\1638.jpg,3,3,3,6,1,1,3,1,1,6,1,1,1,31
E:\anas\uni\semester 7\fyp\fyp work\transformer_health_index\data\raw\images\2111.jpg,3,1,1,6,1,1,3,1,1,6,1,1,1,27
E:\anas\uni\semester 7\fyp\fyp work\transformer_health_index\data\raw\images\2932.jpg,3,3,3,1,6,1,3,1,1,6,1,1,1,31
E:\anas\uni\semester 7\fyp\fyp work\transformer_health_index\data\raw\images\181.jpg,4,1,1,1,3,3,3,1,1,4,2,4,6,35
E:\anas\uni\semester 7\fyp\fyp work\transformer_health_index\data\raw\images\4213.jpg,0,4,5,3,2,3,4,1,0,4,5,3,0,53
E:\anas\uni\semester 7\fyp\fyp work\transformer_health_index\data\raw\images\3125.jpg,3,1,1,1,1,1,6,1,1,6,1,1,1,25
E:\anas\uni\semester 7\fyp\fyp work\transformer_health_index\data\raw\images\1862.jpg,3,1,1,6,6,1,3,1,1,6,1,1,1,32
E:\anas\uni\semester 7\fyp\fyp work\transformer_health_index\data\raw\images\1818.jpg,1,1,1,1,1,1,1,1,1,1,1,1,1,13
E:\anas\uni\semester 7\fyp\fyp work\transformer_health_index\data\raw\images\4811.jpg,0,4,2,0,2,3,4,5,4,3,5,0,4,14
E:\anas\uni\semester 7\fyp\fyp work\transformer_health_index\data\raw\images\2825.jpg,3,1,1,6,6,1,6,1,1,6,1,1,1,35
E:\anas\uni\semester 7\fyp\fyp work\transformer_health_index\data\raw\images\1249.jpg,5,3,4,2,3,2,5,1,0,2,4,2,2,46
E:\anas\uni\semester 7\fyp\fyp work\transformer_health_index\data\raw\images\597.jpg,1,2,1,1,3,5,3,1,1,1,1,1,6,27
E:\anas\uni\semester 7\fyp\fyp work\transformer_health_index\data\raw\images\4800.jpg,1,3,3,5,5,0,3,4,5,1,4,2,0,42
E:\anas\uni\semester 7\fyp\fyp work\transformer_health_index\data\raw\images\2695.jpg,3,1,1,6,6,1,6,1,1,6,1,1,1,35
E:\anas\uni\semester 7\fyp\fyp work\transformer_health_index\data\raw\images\2415.jpg,1,1,1,1,1,1,1,1,1,1,1,1,1,13
E:\anas\uni\semester 7\fyp\fyp work\transformer_health_index\data\raw\images\712.jpg,1,2,3,3,3,5,3,1,3,1,1,1,6,33
E:\anas\uni\semester 7\fyp\fyp work\transformer_health_index\data\raw\images\2957.jpg,3,3,3,1,6,1,3,1,1,6,1,1,1,31
E:\anas\uni\semester 7\fyp\fyp work\transformer_health_index\data\raw\images\3581.jpg,3,1,1,1,1,1,3,1,1,6,1,1,1,22
E:\anas\uni\semester 7\fyp\fyp work\transformer_health_index\data\raw\images\3359.jpg,3,1,1,1,1,1,6,1,1,6,1,1,1,25
E:\anas\uni\semester 7\fyp\fyp work\transformer_health_index\data\raw\images\1163.jpg,3,0,4,0,3,5,4,4,4,0,4,4,3,23
E:\anas\uni\semester 7\fyp\fyp work\transformer_health_index\data\raw\images\657.jpg,1,2,1,1,3,5,3,1,1,1,1,1,6,27
E:\anas\uni\semester 7\fyp\fyp work\transformer_health_index\data\raw\images\1432.jpg,1,0,4,1,1,0,4,0,5,3,2,0,4,32
E:\anas\uni\semester 7\fyp\fyp work\transformer_health_index\data\raw\images\5085.jpg,2,5,1,5,5,5,0,4,3,1,1,1,1,36
E:\anas\uni\semester 7\fyp\fyp work\transformer_health_index\data\raw\images\5175.jpg,3,0,3,2,0,5,2,3,0,0,2,2,1,42
E:\anas\uni\semester 7\fyp\fyp work\transformer_health_index\data\raw\images\2500.jpg,3,3,3,1,6,1,3,1,1,6,1,1,1,31
E:\anas\uni\semester 7\fyp\fyp work\transformer_health_index\data\raw\images\1187.jpg,0,4,5,2,5,2,0,4,3,5,0,2,0,43
E:\anas\uni\semester 7\fyp\fyp work\transformer_health_index\data\raw\images\635.jpg,1,2,1,1,3,3,3,1,1,1,1,1,3,22
E:\anas\uni\semester 7\fyp\fyp work\transformer_health_index\data\raw\images\2793.jpg,3,1,1,6,6,1,6,1,1,6,1,1,1,35
E:\anas\uni\semester 7\fyp\fyp work\transformer_health_index\data\raw\images\4218.jpg,0,4,5,3,2,3,4,1,0,4,5,3,0,53
E:\anas\uni\semester 7\fyp\fyp work\transformer_health_index\data\raw\images\4881.jpg,5,3,5,1,5,3,1,3,0,1,1,0,1,46
E:\anas\uni\semester 7\fyp\fyp work\transformer_health_index\data\raw\images\2001.jpg,3,1,1,6,1,1,3,1,1,6,1,1,1,27
E:\anas\uni\semester 7\fyp\fyp work\transformer_health_index\data\raw\images\3828.jpg,1,3,3,3,3,5,3,1,3,1,1,1,6,30
E:\anas\uni\semester 7\fyp\fyp work\transformer_health_index\data\raw\images\12.jpg,1,1,3,3,3,5,3,1,3,3,2,6,6,28
E:\anas\uni\semester 7\fyp\fyp work\transformer_health_index\data\raw\images\3941.jpg,1,2,3,5,1,5,1,2,1,0,1,3,1,58
E:\anas\uni\semester 7\fyp\fyp work\transformer_health_index\data\raw\images\2285.jpg,3,3,3,1,6,1,1,1,1,6,1,1,1,29
E:\anas\uni\semester 7\fyp\fyp work\transformer_health_index\data\raw\images\2499.jpg,3,3,3,1,6,1,3,1,1,6,1,1,1,31
E:\anas\uni\semester 7\fyp\fyp work\transformer_health_index\data\raw\images\5138.jpg,4,0,4,3,3,2,3,5,0,3,3,4,4,57
E:\anas\uni\semester 7\fyp\fyp work\transformer_health_index\data\raw\images\4607.jpg,3,4,5,4,1,3,3,3,2,4,3,3,1,27
E:\anas\uni\semester 7\fyp\fyp work\transformer_health_index\data\raw\images\4147.jpg,1,2,2,2,4,4,2,3,3,5,2,1,5,39
E:\anas\uni\semester 7\fyp\fyp work\transformer_health_index\data\raw\images\4240.jpg,5,3,2,2,3,1,4,1,5,0,3,5,5,33
E:\anas\uni\semester 7\fyp\fyp work\transformer_health_index\data\raw\images\122.jpg,6,3,3,3,3,3,3,3,3,4,2,6,6,48
E:\anas\uni\semester 7\fyp\fyp work\transformer_health_index\data\raw\images\2583.jpg,1,1,1,1,1,1,1,1,1,6,1,1,1,18
E:\anas\uni\semester 7\fyp\fyp work\transformer_health_index\data\raw\images\1415.jpg,3,0,5,3,0,1,1,1,1,3,4,1,1,16
E:\anas\uni\semester 7\fyp\fyp work\transformer_health_index\data\raw\images\3216.jpg,3,1,1,1,1,1,6,1,1,6,1,1,1,25
E:\anas\uni\semester 7\fyp\fyp work\transformer_health_index\data\raw\images\916.jpg,1,1,1,4,2,3,2,2,4,0,4,1,5,29
E:\anas\uni\semester 7\fyp\fyp work\transformer_health_index\data\raw\images\4618.jpg,3,4,5,4,1,3,3,3,2,4,3,3,1,27
E:\anas\uni\semester 7\fyp\fyp work\transformer_health_index\data\raw\images\4263.jpg,4,4,3,0,3,5,5,3,3,3,1,2,3,17
E:\anas\uni\semester 7\fyp\fyp work\transformer_health_index\data\raw\images\120.jpg,6,3,3,3,3,3,3,3,3,4,2,6,6,48
E:\anas\uni\semester 7\fyp\fyp work\transformer_health_index\data\raw\images\4745.jpg,1,2,0,0,2,1,0,3,5,1,0,3,2,23
E:\anas\uni\semester 7\fyp\fyp work\transformer_health_index\data\raw\images\4305.jpg,5,4,2,2,2,5,3,3,0,3,5,4,5,16
E:\anas\uni\semester 7\fyp\fyp work\transformer_health_index\data\raw\images\2229.jpg,3,1,1,6,1,1,3,1,1,6,1,1,1,27
E:\anas\uni\semester 7\fyp\fyp work\transformer_health_index\data\raw\images\951.jpg,0,2,3,0,2,0,5,4,2,0,3,3,1,52
E:\anas\uni\semester 7\fyp\fyp work\transformer_health_index\data\raw\images\1977.jpg,3,1,1,6,1,1,6,1,1,6,1,1,1,30
E:\anas\uni\semester 7\fyp\fyp work\transformer_health_index\data\raw\images\5132.jpg,4,0,4,3,3,2,3,5,0,3,3,4,4,57
E:\anas\uni\semester 7\fyp\fyp work\transformer_health_index\data\raw\images\1243.jpg,5,3,4,2,3,2,5,1,0,2,4,2,2,46
E:\anas\uni\semester 7\fyp\fyp work\transformer_health_index\data\raw\images\1930.jpg,3,1,1,6,6,1,3,1,1,6,1,1,1,32
E:\anas\uni\semester 7\fyp\fyp work\transformer_health_index\data\raw\images\5162.jpg,5,4,0,2,0,5,3,1,4,1,0,4,1,43
E:\anas\uni\semester 7\fyp\fyp work\transformer_health_index\data\raw\images\27.jpg,1,1,3,3,3,5,3,1,3,3,2,6,6,28
E:\anas\uni\semester 7\fyp\fyp work\transformer_health_index\data\raw\images\2286.jpg,3,3,3,1,6,1,1,1,1,6,1,1,1,29
E:\anas\uni\semester 7\fyp\fyp work\transformer_health_index\data\raw\images\2878.jpg,3,1,1,6,6,1,6,1,1,6,1,1,1,35
E:\anas\uni\semester 7\fyp\fyp work\transformer_health_index\data\raw\images\4439.jpg,1,0,4,1,1,1,4,1,2,0,2,2,0,21
E:\anas\uni\semester 7\fyp\fyp work\transformer_health_index\data\raw\images\4915.jpg,3,2,3,3,2,2,1,4,0,1,2,3,2,13
E:\anas\uni\semester 7\fyp\fyp work\transformer_health_index\data\raw\images\3061.jpg,3,1,1,1,1,1,6,1,1,6,1,1,1,25
E:\anas\uni\semester 7\fyp\fyp work\transformer_health_index\data\raw\images\1770.jpg,1,1,1,1,1,1,1,1,1,1,1,1,1,13
E:\anas\uni\semester 7\fyp\fyp work\transformer_health_index\data\raw\images\2834.jpg,3,1,1,6,6,1,6,1,1,6,1,1,1,35
E:\anas\uni\semester 7\fyp\fyp work\transformer_health_index\data\raw\images\171.jpg,4,1,1,1,3,3,3,1,1,4,2,4,6,35
E:\anas\uni\semester 7\fyp\fyp work\transformer_health_index\data\raw\images\1107.jpg,3,3,5,0,4,2,0,4,0,1,4,1,1,15
E:\anas\uni\semester 7\fyp\fyp work\transformer_health_index\data\raw\images\4620.jpg,3,4,5,4,1,3,3,3,2,4,3,3,1,27
E:\anas\uni\semester 7\fyp\fyp work\transformer_health_index\data\raw\images\768.jpg,2,1,1,4,4,4,0,5,3,0,5,2,3,15
E:\anas\uni\semester 7\fyp\fyp work\transformer_health_index\data\raw\images\4535.jpg,0,4,1,1,0,4,4,4,5,2,3,4,4,34
E:\anas\uni\semester 7\fyp\fyp work\transformer_health_index\data\raw\images\234.jpg,6,3,3,3,3,5,3,3,3,4,2,6,6,46
E:\anas\uni\semester 7\fyp\fyp work\transformer_health_index\data\raw\images\4842.jpg,3,3,2,4,5,2,0,3,4,5,5,4,5,16
E:\anas\uni\semester 7\fyp\fyp work\transformer_health_index\data\raw\images\2383.jpg,3,3,3,6,6,1,6,1,1,6,1,1,1,39
E:\anas\uni\semester 7\fyp\fyp work\transformer_health_index\data\raw\images\2330.jpg,3,3,3,1,6,1,1,1,1,6,1,1,1,29
E:\anas\uni\semester 7\fyp\fyp work\transformer_health_index\data\raw\images\2287.jpg,3,3,3,1,6,1,1,1,1,6,1,1,1,29
E:\anas\uni\semester 7\fyp\fyp work\transformer_health_index\data\raw\images\2205.jpg,3,1,1,6,1,1,6,1,1,6,1,1,1,30
E:\anas\uni\semester 7\fyp\fyp work\transformer_health_index\data\raw\images\882.jpg,5,5,5,3,5,2,5,5,4,2,2,1,5,16
E:\anas\uni\semester 7\fyp\fyp work\transformer_health_index\data\raw\images\5177.jpg,3,0,3,2,0,5,2,3,0,0,2,2,1,42
E:\anas\uni\semester 7\fyp\fyp work\transformer_health_index\data\raw\images\1607.jpg,1,1,1,1,1,1,1,1,1,1,1,1,1,13
E:\anas\uni\semester 7\fyp\fyp work\transformer_health_index\data\raw\images\114.jpg,6,3,3,3,3,3,3,3,3,4,2,6,6,48
E:\anas\uni\semester 7\fyp\fyp work\transformer_health_index\data\raw\images\3573.jpg,3,1,1,1,1,1,3,1,1,6,1,1,1,22
E:\anas\uni\semester 7\fyp\fyp work\transformer_health_index\data\raw\images\2128.jpg,3,1,1,6,1,1,3,1,1,6,1,1,1,27
E:\anas\uni\semester 7\fyp\fyp work\transformer_health_index\data\raw\images\4350.jpg,3,0,1,3,5,0,5,0,3,2,2,4,5,10
E:\anas\uni\semester 7\fyp\fyp work\transformer_health_index\data\raw\images\848.jpg,4,4,3,2,4,0,4,5,1,5,5,2,5,42
E:\anas\uni\semester 7\fyp\fyp work\transformer_health_index\data\raw\images\4674.jpg,2,4,2,5,0,2,0,3,4,5,4,2,4,30
E:\anas\uni\semester 7\fyp\fyp work\transformer_health_index\data\raw\images\4128.jpg,0,4,3,1,2,4,1,5,0,1,2,0,1,14
E:\anas\uni\semester 7\fyp\fyp work\transformer_health_index\data\raw\images\3892.jpg,4,1,4,4,5,0,0,2,3,1,1,2,2,45
E:\anas\uni\semester 7\fyp\fyp work\transformer_health_index\data\raw\images\1368.jpg,1,1,3,2,3,5,2,2,5,2,4,1,1,37
E:\anas\uni\semester 7\fyp\fyp work\transformer_health_index\data\raw\images\2849.jpg,3,3,1,1,6,6,3,1,1,6,1,1,1,34
E:\anas\uni\semester 7\fyp\fyp work\transformer_health_index\data\raw\images\717.jpg,1,2,3,3,3,5,3,1,3,1,1,1,6,33
E:\anas\uni\semester 7\fyp\fyp work\transformer_health_index\data\raw\images\1322.jpg,5,1,5,5,5,5,5,3,3,5,5,2,3,27
E:\anas\uni\semester 7\fyp\fyp work\transformer_health_index\data\raw\images\3095.jpg,3,1,1,1,1,1,6,1,1,6,1,1,1,25
E:\anas\uni\semester 7\fyp\fyp work\transformer_health_index\data\raw\images\1203.jpg,0,2,0,5,0,1,4,3,0,3,0,5,5,60
E:\anas\uni\semester 7\fyp\fyp work\transformer_health_index\data\raw\images\1845.jpg,3,1,1,1,1,1,5,1,1,1,1,1,1,19
E:\anas\uni\semester 7\fyp\fyp work\transformer_health_index\data\raw\images\128.jpg,6,3,3,3,3,3,3,3,3,4,2,6,6,48
E:\anas\uni\semester 7\fyp\fyp work\transformer_health_index\data\raw\images\531.jpg,1,2,3,3,3,3,3,1,3,1,1,1,6,32
E:\anas\uni\semester 7\fyp\fyp work\transformer_health_index\data\raw\images\2442.jpg,3,3,3,1,6,1,3,1,1,6,1,1,1,31
E:\anas\uni\semester 7\fyp\fyp work\transformer_health_index\data\raw\images\2812.jpg,3,1,1,6,6,1,6,1,1,6,1,1,1,35
E:\anas\uni\semester 7\fyp\fyp work\transformer_health_index\data\raw\images\1333.jpg,1,4,3,3,2,5,4,4,4,2,3,0,5,26
E:\anas\uni\semester 7\fyp\fyp work\transformer_health_index\data\raw\images\4839.jpg,3,3,2,4,5,2,0,3,4,5,5,4,5,16
E:\anas\uni\semester 7\fyp\fyp work\transformer_health_index\data\raw\images\3296.jpg,3,1,1,1,1,1,3,1,1,6,1,1,1,22
E:\anas\uni\semester 7\fyp\fyp work\transformer_health_index\data\raw\images\3080.jpg,3,1,1,6,6,1,6,1,1,6,1,1,1,35
E:\anas\uni\semester 7\fyp\fyp work\transformer_health_index\data\raw\images\1233.jpg,3,1,2,3,3,0,2,0,0,3,3,5,4,20
E:\anas\uni\semester 7\fyp\fyp work\transformer_health_index\data\raw\images\4456.jpg,0,4,5,2,0,3,2,2,2,2,2,1,5,25
E:\anas\uni\semester 7\fyp\fyp work\transformer_health_index\data\raw\images\4782.jpg,0,3,3,3,2,0,0,2,2,1,5,2,1,42
E:\anas\uni\semester 7\fyp\fyp work\transformer_health_index\data\raw\images\3843.jpg,1,3,3,3,3,5,3,1,3,1,1,1,6,30
E:\anas\uni\semester 7\fyp\fyp work\transformer_health_index\data\raw\images\5047.jpg,2,5,5,5,0,4,2,2,0,5,3,0,1,21
E:\anas\uni\semester 7\fyp\fyp work\transformer_health_index\data\raw\images\2844.jpg,3,3,1,1,6,6,3,1,1,6,1,1,1,34
E:\anas\uni\semester 7\fyp\fyp work\transformer_health_index\data\raw\images\779.jpg,2,0,5,1,1,3,5,0,4,4,3,2,1,47
E:\anas\uni\semester 7\fyp\fyp work\transformer_health_index\data\raw\images\4682.jpg,2,4,2,5,0,2,0,3,4,5,4,2,4,30
E:\anas\uni\semester 7\fyp\fyp work\transformer_health_index\data\raw\images\3375.jpg,3,1,1,1,1,1,6,1,1,6,1,1,1,25
E:\anas\uni\semester 7\fyp\fyp work\transformer_health_index\data\raw\images\2047.jpg,3,1,1,6,1,1,3,1,1,6,1,1,1,27
E:\anas\uni\semester 7\fyp\fyp work\transformer_health_index\data\raw\images\2938.jpg,3,3,3,1,6,1,3,1,1,6,1,1,1,31
E:\anas\uni\semester 7\fyp\fyp work\transformer_health_index\data\raw\images\59.jpg,4,1,1,1,3,3,3,1,1,4,2,4,1,29
E:\anas\uni\semester 7\fyp\fyp work\transformer_health_index\data\raw\images\2517.jpg,3,3,3,1,6,1,3,1,1,6,1,1,1,31
E:\anas\uni\semester 7\fyp\fyp work\transformer_health_index\data\raw\images\1467.jpg,1,0,3,3,2,4,5,1,0,0,1,5,0,49
E:\anas\uni\semester 7\fyp\fyp work\transformer_health_index\data\raw\images\3613.jpg,3,1,1,1,1,1,3,1,1,6,1,1,1,22
E:\anas\uni\semester 7\fyp\fyp work\transformer_health_index\data\raw\images\668.jpg,1,2,1,1,3,5,3,1,1,1,1,1,6,27
E:\anas\uni\semester 7\fyp\fyp work\transformer_health_index\data\raw\images\3761.jpg,1,2,1,1,3,3,3,1,1,1,1,1,3,22
E:\anas\uni\semester 7\fyp\fyp work\transformer_health_index\data\raw\images\4378.jpg,0,1,0,2,1,2,1,5,0,1,2,4,2,21
E:\anas\uni\semester 7\fyp\fyp work\transformer_health_index\data\raw\images\2740.jpg,3,1,1,6,6,1,6,1,1,6,1,1,1,35
E:\anas\uni\semester 7\fyp\fyp work\transformer_health_index\data\raw\images\1042.jpg,4,0,3,4,3,4,5,0,0,0,3,5,5,43
E:\anas\uni\semester 7\fyp\fyp work\transformer_health_index\data\raw\images\376.jpg,1,1,3,3,3,5,3,1,3,1,1,1,6,33
E:\anas\uni\semester 7\fyp\fyp work\transformer_health_index\data\raw\images\3542.jpg,3,1,1,1,1,1,3,1,1,6,1,1,1,22
E:\anas\uni\semester 7\fyp\fyp work\transformer_health_index\data\raw\images\2294.jpg,3,3,3,1,6,1,6,1,1,6,1,1,1,34
E:\anas\uni\semester 7\fyp\fyp work\transformer_health_index\data\raw\images\618.jpg,1,2,1,1,3,3,3,1,1,1,1,1,3,22
E:\anas\uni\semester 7\fyp\fyp work\transformer_health_index\data\raw\images\998.jpg,2,3,3,2,4,3,0,3,0,2,1,4,2,13
E:\anas\uni\semester 7\fyp\fyp work\transformer_health_index\data\raw\images\3751.jpg,1,1,3,3,4,5,3,1,3,1,1,1,6,28
E:\anas\uni\semester 7\fyp\fyp work\transformer_health_index\data\raw\images\4266.jpg,3,3,1,4,3,2,2,2,5,2,4,5,5,28
E:\anas\uni\semester 7\fyp\fyp work\transformer_health_index\data\raw\images\2123.jpg,3,1,1,6,1,1,3,1,1,6,1,1,1,27
E:\anas\uni\semester 7\fyp\fyp work\transformer_health_index\data\raw\images\3372.jpg,3,1,1,1,1,1,6,1,1,6,1,1,1,25
E:\anas\uni\semester 7\fyp\fyp work\transformer_health_index\data\raw\images\5035.jpg,5,3,2,5,3,4,0,2,2,3,3,2,1,17
E:\anas\uni\semester 7\fyp\fyp work\transformer_health_index\data\raw\images\4335.jpg,5,1,0,5,5,5,2,1,2,0,3,5,4,15
E:\anas\uni\semester 7\fyp\fyp work\transformer_health_index\data\raw\images\225.jpg,4,1,1,1,3,5,3,1,1,4,2,4,6,36
E:\anas\uni\semester 7\fyp\fyp work\transformer_health_index\data\raw\images\1126.jpg,5,4,1,2,3,2,5,5,1,4,2,0,5,56
E:\anas\uni\semester 7\fyp\fyp work\transformer_health_index\data\raw\images\3154.jpg,3,1,1,1,1,1,6,1,1,6,1,1,1,25
E:\anas\uni\semester 7\fyp\fyp work\transformer_health_index\data\raw\images\3737.jpg,1,3,3,3,3,5,3,1,3,1,1,1,6,30
E:\anas\uni\semester 7\fyp\fyp work\transformer_health_index\data\raw\images\2490.jpg,3,3,3,1,6,1,3,1,1,6,1,1,1,31
E:\anas\uni\semester 7\fyp\fyp work\transformer_health_index\data\raw\images\1983.jpg,3,1,1,6,1,1,6,1,1,6,1,1,1,30
E:\anas\uni\semester 7\fyp\fyp work\transformer_health_index\data\raw\images\4363.jpg,3,0,1,3,5,0,5,0,3,2,2,4,5,10
E:\anas\uni\semester 7\fyp\fyp work\transformer_health_index\data\raw\images\4716.jpg,1,1,1,3,5,5,3,0,4,1,2,5,1,13
E:\anas\uni\semester 7\fyp\fyp work\transformer_health_index\data\raw\images\4863.jpg,3,3,1,0,1,4,2,3,2,5,3,3,3,12
E:\anas\uni\semester 7\fyp\fyp work\transformer_health_index\data\raw\images\4957.jpg,4,0,1,2,3,3,0,5,3,0,3,1,5,54
E:\anas\uni\semester 7\fyp\fyp work\transformer_health_index\data\raw\images\4217.jpg,0,4,5,3,2,3,4,1,0,4,5,3,0,53
E:\anas\uni\semester 7\fyp\fyp work\transformer_health_index\data\raw\images\3470.jpg,3,1,1,1,1,1,6,1,1,6,1,1,1,25
E:\anas\uni\semester 7\fyp\fyp work\transformer_health_index\data\raw\images\5114.jpg,3,1,1,0,5,1,4,3,2,5,0,0,0,46
E:\anas\uni\semester 7\fyp\fyp work\transformer_health_index\data\raw\images\331.jpg,1,1,3,3,3,5,3,1,3,1,1,1,6,28
E:\anas\uni\semester 7\fyp\fyp work\transformer_health_index\data\raw\images\3604.jpg,3,1,1,1,1,1,3,1,1,6,1,1,1,22
E:\anas\uni\semester 7\fyp\fyp work\transformer_health_index\data\raw\images\4868.jpg,3,3,1,0,1,4,2,3,2,5,3,3,3,12
E:\anas\uni\semester 7\fyp\fyp work\transformer_health_index\data\raw\images\838.jpg,0,5,1,3,0,0,5,1,1,0,0,1,2,28
E:\anas\uni\semester 7\fyp\fyp work\transformer_health_index\data\raw\images\71.jpg,4,1,1,1,3,3,3,1,1,4,2,4,1,29
E:\anas\uni\semester 7\fyp\fyp work\transformer_health_index\data\raw\images\429.jpg,1,1,1,1,3,5,3,1,1,1,1,1,6,26
E:\anas\uni\semester 7\fyp\fyp work\transformer_health_index\data\raw\images\936.jpg,3,2,5,2,0,4,1,5,0,3,1,0,3,14
E:\anas\uni\semester 7\fyp\fyp work\transformer_health_index\data\raw\images\2522.jpg,3,1,1,1,1,1,3,1,1,6,1,1,1,22
E:\anas\uni\semester 7\fyp\fyp work\transformer_health_index\data\raw\images\3502.jpg,3,1,1,1,1,1,3,1,1,6,1,1,1,22
E:\anas\uni\semester 7\fyp\fyp work\transformer_health_index\data\raw\images\1148.jpg,1,3,3,2,1,1,0,3,3,3,3,1,5,18
E:\anas\uni\semester 7\fyp\fyp work\transformer_health_index\data\raw\images\3473.jpg,3,1,1,1,1,1,6,1,1,6,1,1,1,25
E:\anas\uni\semester 7\fyp\fyp work\transformer_health_index\data\raw\images\4689.jpg,2,2,3,1,4,0,4,0,1,0,1,3,3,43
E:\anas\uni\semester 7\fyp\fyp work\transformer_health_index\data\raw\images\3356.jpg,3,1,1,1,1,1,6,1,1,6,1,1,1,25
E:\anas\uni\semester 7\fyp\fyp work\transformer_health_index\data\raw\images\4306.jpg,4,4,0,3,1,3,4,1,0,2,4,2,0,45
E:\anas\uni\semester 7\fyp\fyp work\transformer_health_index\data\raw\images\4994.jpg,4,3,1,4,5,3,2,5,0,5,1,5,5,33
E:\anas\uni\semester 7\fyp\fyp work\transformer_health_index\data\raw\images\1567.jpg,0,3,4,2,5,2,0,3,4,3,0,4,2,38
E:\anas\uni\semester 7\fyp\fyp work\transformer_health_index\data\raw\images\91.jpg,1,1,3,3,3,5,3,1,3,1,1,1,6,28
E:\anas\uni\semester 7\fyp\fyp work\transformer_health_index\data\raw\images\2127.jpg,3,1,1,6,1,1,3,1,1,6,1,1,1,27
E:\anas\uni\semester 7\fyp\fyp work\transformer_health_index\data\raw\images\1311.jpg,5,1,5,5,5,5,5,3,3,5,5,2,3,27
E:\anas\uni\semester 7\fyp\fyp work\transformer_health_index\data\raw\images\4325.jpg,4,4,0,3,1,3,4,1,0,2,4,2,0,45
E:\anas\uni\semester 7\fyp\fyp work\transformer_health_index\data\raw\images\337.jpg,1,1,3,3,3,5,3,1,3,1,1,1,6,28
E:\anas\uni\semester 7\fyp\fyp work\transformer_health_index\data\raw\images\3797.jpg,1,2,1,1,3,3,3,1,1,1,1,1,3,22
E:\anas\uni\semester 7\fyp\fyp work\transformer_health_index\data\raw\images\871.jpg,5,5,5,3,5,2,5,5,4,2,2,1,5,16
E:\anas\uni\semester 7\fyp\fyp work\transformer_health_index\data\raw\images\2926.jpg,3,3,3,1,6,1,3,1,1,6,1,1,1,31
E:\anas\uni\semester 7\fyp\fyp work\transformer_health_index\data\raw\images\4669.jpg,2,4,2,5,0,2,0,3,4,5,4,2,4,30
E:\anas\uni\semester 7\fyp\fyp work\transformer_health_index\data\raw\images\3181.jpg,3,1,1,1,1,1,6,1,1,6,1,1,1,25
E:\anas\uni\semester 7\fyp\fyp work\transformer_health_index\data\raw\images\631.jpg,1,2,1,1,3,3,3,1,1,1,1,1,3,22
E:\anas\uni\semester 7\fyp\fyp work\transformer_health_index\data\raw\images\2049.jpg,3,1,1,6,1,1,3,1,1,6,1,1,1,27
E:\anas\uni\semester 7\fyp\fyp work\transformer_health_index\data\raw\images\2363.jpg,3,3,3,6,6,1,6,1,1,6,1,1,1,39
E:\anas\uni\semester 7\fyp\fyp work\transformer_health_index\data\raw\images\4977.jpg,4,0,1,2,3,3,0,5,3,0,3,1,5,54
E:\anas\uni\semester 7\fyp\fyp work\transformer_health_index\data\raw\images\3708.jpg,1,3,3,3,3,5,3,1,3,1,1,1,6,30
E:\anas\uni\semester 7\fyp\fyp work\transformer_health_index\data\raw\images\651.jpg,1,2,1,1,3,3,3,1,1,1,1,1,3,22
E:\anas\uni\semester 7\fyp\fyp work\transformer_health_index\data\raw\images\5022.jpg,5,3,2,5,3,4,0,2,2,3,3,2,1,17
E:\anas\uni\semester 7\fyp\fyp work\transformer_health_index\data\raw\images\4576.jpg,1,5,5,0,1,4,0,4,1,5,1,1,4,26
E:\anas\uni\semester 7\fyp\fyp work\transformer_health_index\data\raw\images\4845.jpg,3,3,2,4,5,2,0,3,4,5,5,4,5,16
E:\anas\uni\semester 7\fyp\fyp work\transformer_health_index\data\raw\images\516.jpg,1,2,3,3,3,3,3,1,3,1,1,1,6,32
E:\anas\uni\semester 7\fyp\fyp work\transformer_health_index\data\raw\images\1407.jpg,4,4,1,5,1,2,2,5,1,3,0,1,1,59
E:\anas\uni\semester 7\fyp\fyp work\transformer_health_index\data\raw\images\2820.jpg,3,1,1,6,6,1,6,1,1,6,1,1,1,35
E:\anas\uni\semester 7\fyp\fyp work\transformer_health_index\data\raw\images\4917.jpg,3,2,3,3,2,2,1,4,0,1,2,3,2,13
E:\anas\uni\semester 7\fyp\fyp work\transformer_health_index\data\raw\images\239.jpg,6,3,3,3,3,5,3,3,3,4,2,6,6,46
E:\anas\uni\semester 7\fyp\fyp work\transformer_health_index\data\raw\images\3452.jpg,3,1,1,1,1,1,6,1,1,6,1,1,1,25
E:\anas\uni\semester 7\fyp\fyp work\transformer_health_index\data\raw\images\4235.jpg,5,3,2,2,3,1,4,1,5,0,3,5,5,33
E:\anas\uni\semester 7\fyp\fyp work\transformer_health_index\data\raw\images\4794.jpg,1,3,3,5,5,0,3,4,5,1,4,2,0,42
E:\anas\uni\semester 7\fyp\fyp work\transformer_health_index\data\raw\images\3361.jpg,3,1,1,1,1,1,6,1,1,6,1,1,1,25
E:\anas\uni\semester 7\fyp\fyp work\transformer_health_index\data\raw\images\3266.jpg,3,1,1,6,1,1,6,1,1,6,1,1,1,30
E:\anas\uni\semester 7\fyp\fyp work\transformer_health_index\data\raw\images\2471.jpg,3,3,3,1,6,1,3,1,1,6,1,1,1,31
E:\anas\uni\semester 7\fyp\fyp work\transformer_health_index\data\raw\images\4807.jpg,1,3,3,5,5,0,3,4,5,1,4,2,0,42
E:\anas\uni\semester 7\fyp\fyp work\transformer_health_index\data\raw\images\3861.jpg,1,3,3,3,3,5,3,1,3,1,1,1,6,30
E:\anas\uni\semester 7\fyp\fyp work\transformer_health_index\data\raw\images\2527.jpg,3,1,1,1,1,1,3,1,1,6,1,1,1,22
E:\anas\uni\semester 7\fyp\fyp work\transformer_health_index\data\raw\images\4907.jpg,4,2,4,2,3,5,4,4,0,3,0,3,5,55
E:\anas\uni\semester 7\fyp\fyp work\transformer_health_index\data\raw\images\3326.jpg,3,1,1,1,1,1,6,1,1,6,1,1,1,25
E:\anas\uni\semester 7\fyp\fyp work\transformer_health_index\data\raw\images\5077.jpg,2,2,2,4,0,1,5,5,3,0,1,4,4,40
E:\anas\uni\semester 7\fyp\fyp work\transformer_health_index\data\raw\images\2782.jpg,3,1,1,6,6,1,6,1,1,6,1,1,1,35
E:\anas\uni\semester 7\fyp\fyp work\transformer_health_index\data\raw\images\3202.jpg,3,1,1,6,6,1,6,1,1,6,1,1,1,35
E:\anas\uni\semester 7\fyp\fyp work\transformer_health_index\data\raw\images\3880.jpg,1,3,3,3,3,3,3,1,3,1,1,1,6,27
E:\anas\uni\semester 7\fyp\fyp work\transformer_health_index\data\raw\images\1471.jpg,1,2,0,3,0,5,5,1,4,1,0,4,3,51
E:\anas\uni\semester 7\fyp\fyp work\transformer_health_index\data\raw\images\2007.jpg,3,1,1,6,1,1,3,1,1,6,1,1,1,27
E:\anas\uni\semester 7\fyp\fyp work\transformer_health_index\data\raw\images\3869.jpg,1,3,3,3,3,3,3,1,3,1,1,1,6,27
E:\anas\uni\semester 7\fyp\fyp work\transformer_health_index\data\raw\images\4797.jpg,1,3,3,5,5,0,3,4,5,1,4,2,0,42
E:\anas\uni\semester 7\fyp\fyp work\transformer_health_index\data\raw\images\1434.jpg,1,0,4,1,1,0,4,0,5,3,2,0,4,32
E:\anas\uni\semester 7\fyp\fyp work\transformer_health_index\data\raw\images\5127.jpg,4,0,4,3,3,2,3,5,0,3,3,4,4,57
E:\anas\uni\semester 7\fyp\fyp work\transformer_health_index\data\raw\images\656.jpg,1,2,1,1,3,5,3,1,1,1,1,1,6,27
E:\anas\uni\semester 7\fyp\fyp work\transformer_health_index\data\raw\images\4882.jpg,5,3,5,1,5,3,1,3,0,1,1,0,1,46
E:\anas\uni\semester 7\fyp\fyp work\transformer_health_index\data\raw\images\4172.jpg,3,0,0,5,2,0,4,1,2,4,5,2,1,34
E:\anas\uni\semester 7\fyp\fyp work\transformer_health_index\data\raw\images\4446.jpg,1,0,4,1,1,1,4,1,2,0,2,2,0,21
E:\anas\uni\semester 7\fyp\fyp work\transformer_health_index\data\raw\images\5015.jpg,2,3,4,5,3,3,5,5,3,5,3,0,1,29
E:\anas\uni\semester 7\fyp\fyp work\transformer_health_index\data\raw\images\5148.jpg,5,4,0,2,0,5,3,1,4,1,0,4,1,43
E:\anas\uni\semester 7\fyp\fyp work\transformer_health_index\data\raw\images\721.jpg,1,2,3,3,3,5,3,1,3,1,1,1,6,33
E:\anas\uni\semester 7\fyp\fyp work\transformer_health_index\data\raw\images\178.jpg,4,1,1,1,3,3,3,1,1,4,2,4,6,35
E:\anas\uni\semester 7\fyp\fyp work\transformer_health_index\data\raw\images\1989.jpg,3,1,1,6,1,1,6,1,1,6,1,1,1,30
E:\anas\uni\semester 7\fyp\fyp work\transformer_health_index\data\raw\images\2050.jpg,3,1,1,6,1,1,3,1,1,6,1,1,1,27
E:\anas\uni\semester 7\fyp\fyp work\transformer_health_index\data\raw\images\2246.jpg,3,1,1,6,1,1,3,1,1,6,1,1,1,27
E:\anas\uni\semester 7\fyp\fyp work\transformer_health_index\data\raw\images\2550.jpg,3,1,1,6,6,1,3,1,1,6,1,1,1,32
E:\anas\uni\semester 7\fyp\fyp work\transformer_health_index\data\raw\images\2125.jpg,3,1,1,6,1,1,3,1,1,6,1,1,1,27
E:\anas\uni\semester 7\fyp\fyp work\transformer_health_index\data\raw\images\2493.jpg,3,3,3,1,6,1,3,1,1,6,1,1,1,31
E:\anas\uni\semester 7\fyp\fyp work\transformer_health_index\data\raw\images\1072.jpg,0,3,0,2,1,0,3,5,4,5,1,2,1,24
E:\anas\uni\semester 7\fyp\fyp work\transformer_health_index\data\raw\images\1821.jpg,1,1,1,1,1,1,1,1,1,1,1,1,1,13
E:\anas\uni\semester 7\fyp\fyp work\transformer_health_index\data\raw\images\4107.jpg,2,4,3,2,3,3,3,3,5,5,3,4,1,40
E:\anas\uni\semester 7\fyp\fyp work\transformer_health_index\data\raw\images\2752.jpg,3,1,1,6,6,1,6,1,1,6,1,1,1,35
E:\anas\uni\semester 7\fyp\fyp work\transformer_health_index\data\raw\images\2039.jpg,3,1,1,6,1,1,3,1,1,6,1,1,1,27
E:\anas\uni\semester 7\fyp\fyp work\transformer_health_index\data\raw\images\3550.jpg,3,1,1,1,6,1,3,1,1,6,1,1,1,27
E:\anas\uni\semester 7\fyp\fyp work\transformer_health_index\data\raw\images\2765.jpg,3,1,1,6,6,1,6,1,1,6,1,1,1,35
E:\anas\uni\semester 7\fyp\fyp work\transformer_health_index\data\raw\images\1485.jpg,1,2,0,3,0,5,5,1,4,1,0,4,3,51
E:\anas\uni\semester 7\fyp\fyp work\transformer_health_index\data\raw\images\1920.jpg,3,1,1,6,6,1,3,1,1,6,1,1,1,32
E:\anas\uni\semester 7\fyp\fyp work\transformer_health_index\data\raw\images\5110.jpg,3,1,1,0,5,1,4,3,2,5,0,0,0,46
E:\anas\uni\semester 7\fyp\fyp work\transformer_health_index\data\raw\images\3924.jpg,2,3,1,3,1,2,2,0,5,5,1,1,1,13
E:\anas\uni\semester 7\fyp\fyp work\transformer_health_index\data\raw\images\525.jpg,1,2,3,3,3,3,3,1,3,1,1,1,6,32
E:\anas\uni\semester 7\fyp\fyp work\transformer_health_index\data\raw\images\4399.jpg,4,2,2,5,2,4,0,0,5,0,4,5,5,10
E:\anas\uni\semester 7\fyp\fyp work\transformer_health_index\data\raw\images\5120.jpg,3,1,1,0,5,1,4,3,2,5,0,0,0,46
E:\anas\uni\semester 7\fyp\fyp work\transformer_health_index\data\raw\images\2130.jpg,3,1,1,6,1,1,3,1,1,6,1,1,1,27
E:\anas\uni\semester 7\fyp\fyp work\transformer_health_index\data\raw\images\1074.jpg,0,3,0,2,1,0,3,5,4,5,1,2,1,24
E:\anas\uni\semester 7\fyp\fyp work\transformer_health_index\data\raw\images\1699.jpg,3,3,3,6,1,1,3,1,1,6,1,1,1,31
E:\anas\uni\semester 7\fyp\fyp work\transformer_health_index\data\raw\images\4273.jpg,3,3,1,4,3,2,2,2,5,2,4,5,5,28
E:\anas\uni\semester 7\fyp\fyp work\transformer_health_index\data\raw\images\5100.jpg,2,5,1,5,5,5,0,4,3,1,1,1,1,36
E:\anas\uni\semester 7\fyp\fyp work\transformer_health_index\data\raw\images\2423.jpg,3,1,1,6,1,1,3,1,1,6,1,1,1,27
E:\anas\uni\semester 7\fyp\fyp work\transformer_health_index\data\raw\images\3348.jpg,3,1,1,1,1,1,6,1,1,6,1,1,1,25
E:\anas\uni\semester 7\fyp\fyp work\transformer_health_index\data\raw\images\5066.jpg,2,2,2,4,0,1,5,5,3,0,1,4,4,40
E:\anas\uni\semester 7\fyp\fyp work\transformer_health_index\data\raw\images\4914.jpg,4,2,4,2,3,5,4,4,0,3,0,3,5,55
E:\anas\uni\semester 7\fyp\fyp work\transformer_health_index\data\raw\images\1972.jpg,3,1,1,6,1,1,3,1,1,6,1,1,1,27
E:\anas\uni\semester 7\fyp\fyp work\transformer_health_index\data\raw\images\518.jpg,1,2,3,3,3,3,3,1,3,1,1,1,6,32
E:\anas\uni\semester 7\fyp\fyp work\transformer_health_index\data\raw\images\444.jpg,1,1,1,1,3,5,3,1,1,1,1,1,6,26
E:\anas\uni\semester 7\fyp\fyp work\transformer_health_index\data\raw\images\2588.jpg,3,1,1,6,1,1,3,1,1,6,1,1,1,27
E:\anas\uni\semester 7\fyp\fyp work\transformer_health_index\data\raw\images\2019.jpg,3,1,1,6,1,1,6,1,1,6,1,1,1,30
E:\anas\uni\semester 7\fyp\fyp work\transformer_health_index\data\raw\images\4989.jpg,4,3,1,4,5,3,2,5,0,5,1,5,5,33
E:\anas\uni\semester 7\fyp\fyp work\transformer_health_index\data\raw\images\749.jpg,2,3,3,2,0,3,3,0,2,4,4,2,2,39
E:\anas\uni\semester 7\fyp\fyp work\transformer_health_index\data\raw\images\3678.jpg,1,1,1,1,1,1,3,1,1,6,1,1,1,20
E:\anas\uni\semester 7\fyp\fyp work\transformer_health_index\data\raw\images\4894.jpg,4,2,4,2,3,5,4,4,0,3,0,3,5,55
E:\anas\uni\semester 7\fyp\fyp work\transformer_health_index\data\raw\images\4209.jpg,0,4,5,3,2,3,4,1,0,4,5,3,0,53
E:\anas\uni\semester 7\fyp\fyp work\transformer_health_index\data\raw\images\2991.jpg,1,1,1,1,1,1,1,1,1,6,1,1,1,18
E:\anas\uni\semester 7\fyp\fyp work\transformer_health_index\data\raw\images\3999.jpg,1,2,3,3,4,2,0,0,1,2,2,4,1,32
E:\anas\uni\semester 7\fyp\fyp work\transformer_health_index\data\raw\images\508.jpg,1,2,3,3,3,3,3,1,3,1,1,1,6,32
E:\anas\uni\semester 7\fyp\fyp work\transformer_health_index\data\raw\images\543.jpg,1,2,3,3,3,3,3,1,3,1,1,1,6,32
E:\anas\uni\semester 7\fyp\fyp work\transformer_health_index\data\raw\images\1098.jpg,3,3,5,0,4,2,0,4,0,1,4,1,1,15
E:\anas\uni\semester 7\fyp\fyp work\transformer_health_index\data\raw\images\1328.jpg,1,4,3,3,2,5,4,4,4,2,3,0,5,26
E:\anas\uni\semester 7\fyp\fyp work\transformer_health_index\data\raw\images\2941.jpg,3,3,3,1,6,1,3,1,1,6,1,1,1,31
E:\anas\uni\semester 7\fyp\fyp work\transformer_health_index\data\raw\images\4590.jpg,4,4,5,0,1,1,1,0,5,0,5,2,1,22
E:\anas\uni\semester 7\fyp\fyp work\transformer_health_index\data\raw\images\2542.jpg,3,1,1,6,6,1,3,1,1,6,1,1,1,32
E:\anas\uni\semester 7\fyp\fyp work\transformer_health_index\data\raw\images\98.jpg,1,1,3,3,3,5,3,1,3,1,1,1,6,28
E:\anas\uni\semester 7\fyp\fyp work\transformer_health_index\data\raw\images\4941.jpg,4,1,2,3,1,4,1,0,5,2,2,2,5,34
E:\anas\uni\semester 7\fyp\fyp work\transformer_health_index\data\raw\images\1891.jpg,3,1,1,6,6,1,3,1,1,6,1,1,1,32
E:\anas\uni\semester 7\fyp\fyp work\transformer_health_index\data\raw\images\4955.jpg,4,1,2,3,1,4,1,0,5,2,2,2,5,34
E:\anas\uni\semester 7\fyp\fyp work\transformer_health_index\data\raw\images\970.jpg,2,2,0,3,3,1,2,0,0,4,0,2,4,55
E:\anas\uni\semester 7\fyp\fyp work\transformer_health_index\data\raw\images\2843.jpg,3,3,1,1,6,6,3,1,1,6,1,1,1,34
E:\anas\uni\semester 7\fyp\fyp work\transformer_health_index\data\raw\images\2539.jpg,3,1,1,1,1,1,3,1,1,6,1,1,1,22
E:\anas\uni\semester 7\fyp\fyp work\transformer_health_index\data\raw\images\519.jpg,1,2,3,3,3,3,3,1,3,1,1,1,6,32
E:\anas\uni\semester 7\fyp\fyp work\transformer_health_index\data\raw\images\88.jpg,1,1,3,3,3,5,3,1,3,1,1,1,6,28
E:\anas\uni\semester 7\fyp\fyp work\transformer_health_index\data\raw\images\359.jpg,1,1,3,3,3,5,3,1,3,1,1,1,6,33
E:\anas\uni\semester 7\fyp\fyp work\transformer_health_index\data\raw\images\4465.jpg,0,4,5,2,0,3,2,2,2,2,2,1,5,25
E:\anas\uni\semester 7\fyp\fyp work\transformer_health_index\data\raw\images\4312.jpg,4,4,0,3,1,3,4,1,0,2,4,2,0,45
E:\anas\uni\semester 7\fyp\fyp work\transformer_health_index\data\raw\images\4577.jpg,1,5,5,0,1,4,0,4,1,5,1,1,4,26
E:\anas\uni\semester 7\fyp\fyp work\transformer_health_index\data\raw\images\1161.jpg,3,0,4,0,3,5,4,4,4,0,4,4,3,23
E:\anas\uni\semester 7\fyp\fyp work\transformer_health_index\data\raw\images\2736.jpg,3,1,1,6,6,1,6,1,1,6,1,1,1,35
E:\anas\uni\semester 7\fyp\fyp work\transformer_health_index\data\raw\images\215.jpg,4,1,1,1,3,5,3,1,1,4,2,4,6,36
E:\anas\uni\semester 7\fyp\fyp work\transformer_health_index\data\raw\images\2560.jpg,3,1,1,6,6,1,3,1,1,6,1,1,1,32
E:\anas\uni\semester 7\fyp\fyp work\transformer_health_index\data\raw\images\2464.jpg,3,3,3,1,6,1,3,1,1,6,1,1,1,31
E:\anas\uni\semester 7\fyp\fyp work\transformer_health_index\data\raw\images\4906.jpg,4,2,4,2,3,5,4,4,0,3,0,3,5,55
E:\anas\uni\semester 7\fyp\fyp work\transformer_health_index\data\raw\images\2578.jpg,1,1,1,1,1,1,1,1,1,6,1,1,1,18
E:\anas\uni\semester 7\fyp\fyp work\transformer_health_index\data\raw\images\4551.jpg,5,4,4,1,1,1,0,2,4,5,5,5,4,11
E:\anas\uni\semester 7\fyp\fyp work\transformer_health_index\data\raw\images\4642.jpg,3,0,5,0,2,1,3,2,3,2,5,3,2,60
E:\anas\uni\semester 7\fyp\fyp work\transformer_health_index\data\raw\images\677.jpg,1,2,1,1,3,5,3,1,1,1,1,1,6,27
E:\anas\uni\semester 7\fyp\fyp work\transformer_health_index\data\raw\images\5155.jpg,5,4,0,2,0,5,3,1,4,1,0,4,1,43
E:\anas\uni\semester 7\fyp\fyp work\transformer_health_index\data\raw\images\1717.jpg,1,1,1,1,1,1,1,1,1,1,1,1,1,13
E:\anas\uni\semester 7\fyp\fyp work\transformer_health_index\data\raw\images\1064.jpg,3,2,5,1,2,5,0,4,3,3,5,3,2,18
E:\anas\uni\semester 7\fyp\fyp work\transformer_health_index\data\raw\images\1274.jpg,4,0,5,2,3,3,0,4,4,3,4,2,3,45
E:\anas\uni\semester 7\fyp\fyp work\transformer_health_index\data\raw\images\835.jpg,0,5,1,3,0,0,5,1,1,0,0,1,2,28
E:\anas\uni\semester 7\fyp\fyp work\transformer_health_index\data\raw\images\21.jpg,1,1,3,3,3,5,3,1,3,3,2,6,6,28
E:\anas\uni\semester 7\fyp\fyp work\transformer_health_index\data\raw\images\1703.jpg,1,1,1,1,1,1,1,1,1,1,1,1,1,13
E:\anas\uni\semester 7\fyp\fyp work\transformer_health_index\data\raw\images\4333.jpg,5,1,0,5,5,5,2,1,2,0,3,5,4,15
E:\anas\uni\semester 7\fyp\fyp work\transformer_health_index\data\raw\images\2783.jpg,3,1,1,6,6,1,6,1,1,6,1,1,1,35
E:\anas\uni\semester 7\fyp\fyp work\transformer_health_index\data\raw\images\1449.jpg,1,0,4,1,1,0,4,0,5,3,2,0,4,32
E:\anas\uni\semester 7\fyp\fyp work\transformer_health_index\data\raw\images\1158.jpg,3,0,4,0,3,5,4,4,4,0,4,4,3,23
E:\anas\uni\semester 7\fyp\fyp work\transformer_health_index\data\raw\images\894.jpg,2,1,0,4,0,5,1,1,2,1,2,5,4,30
E:\anas\uni\semester 7\fyp\fyp work\transformer_health_index\data\raw\images\1242.jpg,5,3,4,2,3,2,5,1,0,2,4,2,2,46
E:\anas\uni\semester 7\fyp\fyp work\transformer_health_index\data\raw\images\4740.jpg,1,2,0,0,2,1,0,3,5,1,0,3,2,23
E:\anas\uni\semester 7\fyp\fyp work\transformer_health_index\data\raw\images\2586.jpg,3,1,1,6,1,1,3,1,1,6,1,1,1,27
E:\anas\uni\semester 7\fyp\fyp work\transformer_health_index\data\raw\images\4664.jpg,2,4,2,5,0,2,0,3,4,5,4,2,4,30
E:\anas\uni\semester 7\fyp\fyp work\transformer_health_index\data\raw\images\3795.jpg,1,2,1,1,3,3,3,1,1,1,1,1,3,22
E:\anas\uni\semester 7\fyp\fyp work\transformer_health_index\data\raw\images\4167.jpg,3,0,0,5,2,0,4,1,2,4,5,2,1,34
E:\anas\uni\semester 7\fyp\fyp work\transformer_health_index\data\raw\images\3302.jpg,3,1,1,1,1,1,6,1,1,6,1,1,1,25
E:\anas\uni\semester 7\fyp\fyp work\transformer_health_index\data\raw\images\4825.jpg,0,4,2,0,2,3,4,5,4,3,5,0,4,14
E:\anas\uni\semester 7\fyp\fyp work\transformer_health_index\data\raw\images\4852.jpg,3,3,1,0,1,4,2,3,2,5,3,3,3,12
E:\anas\uni\semester 7\fyp\fyp work\transformer_health_index\data\raw\images\4793.jpg,1,3,3,5,5,0,3,4,5,1,4,2,0,42
E:\anas\uni\semester 7\fyp\fyp work\transformer_health_index\data\raw\images\4879.jpg,5,3,5,1,5,3,1,3,0,1,1,0,1,46
E:\anas\uni\semester 7\fyp\fyp work\transformer_health_index\data\raw\images\4700.jpg,2,2,3,1,4,0,4,0,1,0,1,3,3,43
E:\anas\uni\semester 7\fyp\fyp work\transformer_health_index\data\raw\images\781.jpg,2,0,5,1,1,3,5,0,4,4,3,2,1,47
E:\anas\uni\semester 7\fyp\fyp work\transformer_health_index\data\raw\images\9.jpg,1,1,3,3,3,5,3,1,3,3,2,6,6,28
E:\anas\uni\semester 7\fyp\fyp work\transformer_health_index\data\raw\images\4169.jpg,3,0,0,5,2,0,4,1,2,4,5,2,1,34
E:\anas\uni\semester 7\fyp\fyp work\transformer_health_index\data\raw\images\3747.jpg,1,1,3,3,4,5,3,1,3,1,1,1,6,28
E:\anas\uni\semester 7\fyp\fyp work\transformer_health_index\data\raw\images\1500.jpg,3,0,3,2,4,1,0,4,5,5,1,1,3,55
E:\anas\uni\semester 7\fyp\fyp work\transformer_health_index\data\raw\images\2328.jpg,3,3,3,1,6,1,1,1,1,6,1,1,1,29
E:\anas\uni\semester 7\fyp\fyp work\transformer_health_index\data\raw\images\1923.jpg,3,1,1,6,6,1,3,1,1,6,1,1,1,32
E:\anas\uni\semester 7\fyp\fyp work\transformer_health_index\data\raw\images\2638.jpg,3,1,1,6,6,1,3,1,1,6,1,1,1,32
E:\anas\uni\semester 7\fyp\fyp work\transformer_health_index\data\raw\images\3068.jpg,3,1,1,6,6,1,6,1,1,6,1,1,1,35
E:\anas\uni\semester 7\fyp\fyp work\transformer_health_index\data\raw\images\1582.jpg,2,0,5,3,2,1,5,5,5,2,3,4,2,38
E:\anas\uni\semester 7\fyp\fyp work\transformer_health_index\data\raw\images\741.jpg,2,3,3,2,0,3,3,0,2,4,4,2,2,39
E:\anas\uni\semester 7\fyp\fyp work\transformer_health_index\data\raw\images\131.jpg,6,3,3,3,3,3,3,3,3,4,2,6,6,48
E:\anas\uni\semester 7\fyp\fyp work\transformer_health_index\data\raw\images\1349.jpg,5,0,5,1,0,1,4,1,0,0,2,2,3,34
E:\anas\uni\semester 7\fyp\fyp work\transformer_health_index\data\raw\images\2433.jpg,3,1,1,6,1,1,3,1,1,6,1,1,1,27
E:\anas\uni\semester 7\fyp\fyp work\transformer_health_index\data\raw\images\2907.jpg,3,3,1,6,6,1,3,1,1,6,1,1,1,34
E:\anas\uni\semester 7\fyp\fyp work\transformer_health_index\data\raw\images\4998.jpg,4,3,1,4,5,3,2,5,0,5,1,5,5,33
E:\anas\uni\semester 7\fyp\fyp work\transformer_health_index\data\raw\images\3076.jpg,3,1,1,6,6,1,6,1,1,6,1,1,1,35
E:\anas\uni\semester 7\fyp\fyp work\transformer_health_index\data\raw\images\4936.jpg,4,1,2,3,1,4,1,0,5,2,2,2,5,34
E:\anas\uni\semester 7\fyp\fyp work\transformer_health_index\data\raw\images\4413.jpg,5,3,4,0,2,1,3,4,0,4,3,4,2,45
E:\anas\uni\semester 7\fyp\fyp work\transformer_health_index\data\raw\images\2676.jpg,3,1,1,6,6,1,6,1,1,6,1,1,1,35
E:\anas\uni\semester 7\fyp\fyp work\transformer_health_index\data\raw\images\1650.jpg,3,3,3,6,1,1,3,1,1,6,1,1,1,31
E:\anas\uni\semester 7\fyp\fyp work\transformer_health_index\data\raw\images\3586.jpg,3,1,1,1,1,1,3,1,1,6,1,1,1,22
E:\anas\uni\semester 7\fyp\fyp work\transformer_health_index\data\raw\images\257.jpg,1,1,3,3,3,5,3,1,3,1,1,1,6,28
E:\anas\uni\semester 7\fyp\fyp work\transformer_health_index\data\raw\images\763.jpg,2,1,1,4,4,4,0,5,3,0,5,2,3,15
E:\anas\uni\semester 7\fyp\fyp work\transformer_health_index\data\raw\images\3002.jpg,1,1,1,1,1,1,1,1,1,6,1,1,1,18
E:\anas\uni\semester 7\fyp\fyp work\transformer_health_index\data\raw\images\2009.jpg,3,1,1,6,1,1,3,1,1,6,1,1,1,27
E:\anas\uni\semester 7\fyp\fyp work\transformer_health_index\data\raw\images\4222.jpg,5,3,2,2,3,1,4,1,5,0,3,5,5,33
E:\anas\uni\semester 7\fyp\fyp work\transformer_health_index\data\raw\images\4452.jpg,1,0,4,1,1,1,4,1,2,0,2,2,0,21
E:\anas\uni\semester 7\fyp\fyp work\transformer_health_index\data\raw\images\2678.jpg,3,1,1,6,6,1,6,1,1,6,1,1,1,35
E:\anas\uni\semester 7\fyp\fyp work\transformer_health_index\data\raw\images\589.jpg,1,2,1,1,3,5,3,1,1,1,1,1,6,27
E:\anas\uni\semester 7\fyp\fyp work\transformer_health_index\data\raw\images\795.jpg,2,0,5,1,1,3,5,0,4,4,3,2,1,47
E:\anas\uni\semester 7\fyp\fyp work\transformer_health_index\data\raw\images\3482.jpg,3,1,1,1,1,1,6,1,1,6,1,1,1,25
E:\anas\uni\semester 7\fyp\fyp work\transformer_health_index\data\raw\images\1479.jpg,1,2,0,3,0,5,5,1,4,1,0,4,3,51
E:\anas\uni\semester 7\fyp\fyp work\transformer_health_index\data\raw\images\3342.jpg,3,1,1,1,1,1,6,1,1,6,1,1,1,25
E:\anas\uni\semester 7\fyp\fyp work\transformer_health_index\data\raw\images\1990.jpg,3,1,1,6,1,1,6,1,1,6,1,1,1,30
E:\anas\uni\semester 7\fyp\fyp work\transformer_health_index\data\raw\images\1497.jpg,3,0,3,2,4,1,0,4,5,5,1,1,3,55
E:\anas\uni\semester 7\fyp\fyp work\transformer_health_index\data\raw\images\725.jpg,1,2,3,3,3,5,3,1,3,1,1,1,6,33
E:\anas\uni\semester 7\fyp\fyp work\transformer_health_index\data\raw\images\3015.jpg,3,1,1,3,1,1,6,1,1,6,1,1,1,27
E:\anas\uni\semester 7\fyp\fyp work\transformer_health_index\data\raw\images\5021.jpg,5,3,2,5,3,4,0,2,2,3,3,2,1,17
E:\anas\uni\semester 7\fyp\fyp work\transformer_health_index\data\raw\images\5159.jpg,5,4,0,2,0,5,3,1,4,1,0,4,1,43
E:\anas\uni\semester 7\fyp\fyp work\transformer_health_index\data\raw\images\3624.jpg,3,1,1,1,1,1,3,1,1,6,1,1,1,22
E:\anas\uni\semester 7\fyp\fyp work\transformer_health_index\data\raw\images\2921.jpg,3,3,3,1,6,1,3,1,1,6,1,1,1,31
E:\anas\uni\semester 7\fyp\fyp work\transformer_health_index\data\raw\images\2076.jpg,3,1,1,6,1,1,6,1,1,6,1,1,1,30
E:\anas\uni\semester 7\fyp\fyp work\transformer_health_index\data\raw\images\4039.jpg,5,0,4,2,2,2,3,2,2,3,2,4,3,23
E:\anas\uni\semester 7\fyp\fyp work\transformer_health_index\data\raw\images\42.jpg,1,1,3,3,3,5,3,1,3,3,2,6,6,28
E:\anas\uni\semester 7\fyp\fyp work\transformer_health_index\data\raw\images\4053.jpg,5,0,4,2,2,2,3,2,2,3,2,4,3,23
E:\anas\uni\semester 7\fyp\fyp work\transformer_health_index\data\raw\images\471.jpg,1,3,3,3,3,5,3,1,3,1,1,1,6,35
E:\anas\uni\semester 7\fyp\fyp work\transformer_health_index\data\raw\images\2511.jpg,3,3,3,1,6,1,3,1,1,6,1,1,1,31
E:\anas\uni\semester 7\fyp\fyp work\transformer_health_index\data\raw\images\3652.jpg,3,1,1,1,1,1,3,1,1,6,1,1,1,22
E:\anas\uni\semester 7\fyp\fyp work\transformer_health_index\data\raw\images\330.jpg,1,1,3,3,3,5,3,1,3,1,1,1,6,28
E:\anas\uni\semester 7\fyp\fyp work\transformer_health_index\data\raw\images\4025.jpg,3,3,2,2,2,3,1,2,3,4,2,0,4,57
E:\anas\uni\semester 7\fyp\fyp work\transformer_health_index\data\raw\images\4850.jpg,3,3,2,4,5,2,0,3,4,5,5,4,5,16
E:\anas\uni\semester 7\fyp\fyp work\transformer_health_index\data\raw\images\1789.jpg,1,1,1,1,1,1,1,1,1,1,1,1,1,13
E:\anas\uni\semester 7\fyp\fyp work\transformer_health_index\data\raw\images\4373.jpg,0,1,0,2,1,2,1,5,0,1,2,4,2,21
E:\anas\uni\semester 7\fyp\fyp work\transformer_health_index\data\raw\images\775.jpg,2,1,1,4,4,4,0,5,3,0,5,2,3,15
E:\anas\uni\semester 7\fyp\fyp work\transformer_health_index\data\raw\images\673.jpg,1,2,1,1,3,5,3,1,1,1,1,1,6,27
E:\anas\uni\semester 7\fyp\fyp work\transformer_health_index\data\raw\images\1687.jpg,3,3,3,6,1,1,3,1,1,6,1,1,1,31
E:\anas\uni\semester 7\fyp\fyp work\transformer_health_index\data\raw\images\4056.jpg,5,5,2,2,2,4,2,5,3,1,4,4,2,35
E:\anas\uni\semester 7\fyp\fyp work\transformer_health_index\data\raw\images\1962.jpg,3,1,1,6,1,1,3,1,1,6,1,1,1,27
E:\anas\uni\semester 7\fyp\fyp work\transformer_health_index\data\raw\images\4438.jpg,1,0,4,1,1,1,4,1,2,0,2,2,0,21
E:\anas\uni\semester 7\fyp\fyp work\transformer_health_index\data\raw\images\1193.jpg,0,4,5,2,5,2,0,4,3,5,0,2,0,43
E:\anas\uni\semester 7\fyp\fyp work\transformer_health_index\data\raw\images\1721.jpg,1,1,1,1,1,1,1,1,1,1,1,1,1,13
E:\anas\uni\semester 7\fyp\fyp work\transformer_health_index\data\raw\images\3578.jpg,3,1,1,1,1,1,3,1,1,6,1,1,1,22
E:\anas\uni\semester 7\fyp\fyp work\transformer_health_index\data\raw\images\4144.jpg,1,2,2,2,4,4,2,3,3,5,2,1,5,39
E:\anas\uni\semester 7\fyp\fyp work\transformer_health_index\data\raw\images\1446.jpg,1,0,4,1,1,0,4,0,5,3,2,0,4,32
E:\anas\uni\semester 7\fyp\fyp work\transformer_health_index\data\raw\images\3651.jpg,3,1,1,1,1,1,3,1,1,6,1,1,1,22
E:\anas\uni\semester 7\fyp\fyp work\transformer_health_index\data\raw\images\2165.jpg,3,3,1,3,6,1,3,1,1,6,1,1,1,31
E:\anas\uni\semester 7\fyp\fyp work\transformer_health_index\data\raw\images\3428.jpg,3,1,1,1,1,1,6,1,1,6,1,1,1,25
E:\anas\uni\semester 7\fyp\fyp work\transformer_health_index\data\raw\images\1836.jpg,3,1,1,1,1,1,5,1,1,1,1,1,1,19
E:\anas\uni\semester 7\fyp\fyp work\transformer_health_index\data\raw\images\422.jpg,1,1,1,1,3,5,3,1,1,1,1,1,6,26
E:\anas\uni\semester 7\fyp\fyp work\transformer_health_index\data\raw\images\279.jpg,4,3,3,3,3,3,3,3,3,4,2,4,6,44
E:\anas\uni\semester 7\fyp\fyp work\transformer_health_index\data\raw\images\4228.jpg,5,3,2,2,3,1,4,1,5,0,3,5,5,33
E:\anas\uni\semester 7\fyp\fyp work\transformer_health_index\data\raw\images\596.jpg,1,2,1,1,3,5,3,1,1,1,1,1,6,27
E:\anas\uni\semester 7\fyp\fyp work\transformer_health_index\data\raw\images\2135.jpg,3,1,1,6,1,1,3,1,1,6,1,1,1,27
E:\anas\uni\semester 7\fyp\fyp work\transformer_health_index\data\raw\images\3309.jpg,3,1,1,1,1,1,6,1,1,6,1,1,1,25
E:\anas\uni\semester 7\fyp\fyp work\transformer_health_index\data\raw\images\783.jpg,2,0,5,1,1,3,5,0,4,4,3,2,1,47
E:\anas\uni\semester 7\fyp\fyp work\transformer_health_index\data\raw\images\205.jpg,4,3,3,3,3,3,3,3,3,4,2,4,6,40
E:\anas\uni\semester 7\fyp\fyp work\transformer_health_index\data\raw\images\4483.jpg,0,5,1,5,0,0,0,0,0,5,1,4,1,16
E:\anas\uni\semester 7\fyp\fyp work\transformer_health_index\data\raw\images\2368.jpg,3,3,3,6,6,1,6,1,1,6,1,1,1,39
E:\anas\uni\semester 7\fyp\fyp work\transformer_health_index\data\raw\images\4225.jpg,5,3,2,2,3,1,4,1,5,0,3,5,5,33
E:\anas\uni\semester 7\fyp\fyp work\transformer_health_index\data\raw\images\22.jpg,1,1,3,3,3,5,3,1,3,3,2,6,6,28
E:\anas\uni\semester 7\fyp\fyp work\transformer_health_index\data\raw\images\4599.jpg,4,4,5,0,1,1,1,0,5,0,5,2,1,22
E:\anas\uni\semester 7\fyp\fyp work\transformer_health_index\data\raw\images\1145.jpg,1,3,3,2,1,1,0,3,3,3,3,1,5,18
E:\anas\uni\semester 7\fyp\fyp work\transformer_health_index\data\raw\images\4061.jpg,5,5,2,2,2,4,2,5,3,1,4,4,2,35
E:\anas\uni\semester 7\fyp\fyp work\transformer_health_index\data\raw\images\801.jpg,4,0,5,4,2,5,0,0,5,3,3,3,5,53
E:\anas\uni\semester 7\fyp\fyp work\transformer_health_index\data\raw\images\2555.jpg,3,1,1,6,6,1,3,1,1,6,1,1,1,32
E:\anas\uni\semester 7\fyp\fyp work\transformer_health_index\data\raw\images\3495.jpg,3,1,1,1,1,1,3,1,1,6,1,1,1,22
E:\anas\uni\semester 7\fyp\fyp work\transformer_health_index\data\raw\images\4742.jpg,1,2,0,0,2,1,0,3,5,1,0,3,2,23
E:\anas\uni\semester 7\fyp\fyp work\transformer_health_index\data\raw\images\3617.jpg,3,1,1,1,1,1,3,1,1,6,1,1,1,22
E:\anas\uni\semester 7\fyp\fyp work\transformer_health_index\data\raw\images\3638.jpg,3,1,1,1,1,1,3,1,1,6,1,1,1,22
E:\anas\uni\semester 7\fyp\fyp work\transformer_health_index\data\raw\images\3769.jpg,1,2,1,1,3,3,3,1,1,1,1,1,3,22
E:\anas\uni\semester 7\fyp\fyp work\transformer_health_index\data\raw\images\3062.jpg,3,1,1,1,1,1,6,1,1,6,1,1,1,25
E:\anas\uni\semester 7\fyp\fyp work\transformer_health_index\data\raw\images\2775.jpg,3,1,1,6,6,1,6,1,1,6,1,1,1,35
E:\anas\uni\semester 7\fyp\fyp work\transformer_health_index\data\raw\images\2931.jpg,3,3,3,1,6,1,3,1,1,6,1,1,1,31
E:\anas\uni\semester 7\fyp\fyp work\transformer_health_index\data\raw\images\724.jpg,1,2,3,3,3,5,3,1,3,1,1,1,6,33
E:\anas\uni\semester 7\fyp\fyp work\transformer_health_index\data\raw\images\4436.jpg,1,0,4,1,1,1,4,1,2,0,2,2,0,21
E:\anas\uni\semester 7\fyp\fyp work\transformer_health_index\data\raw\images\4934.jpg,3,2,3,3,2,2,1,4,0,1,2,3,2,13
E:\anas\uni\semester 7\fyp\fyp work\transformer_health_index\data\raw\images\3564.jpg,3,1,1,1,6,1,3,1,1,6,1,1,1,27
E:\anas\uni\semester 7\fyp\fyp work\transformer_health_index\data\raw\images\4103.jpg,2,4,3,2,3,3,3,3,5,5,3,4,1,40
E:\anas\uni\semester 7\fyp\fyp work\transformer_health_index\data\raw\images\939.jpg,3,2,5,2,0,4,1,5,0,3,1,0,3,14
E:\anas\uni\semester 7\fyp\fyp work\transformer_health_index\data\raw\images\2531.jpg,3,1,1,1,1,1,3,1,1,6,1,1,1,22
E:\anas\uni\semester 7\fyp\fyp work\transformer_health_index\data\raw\images\2767.jpg,3,1,1,6,6,1,6,1,1,6,1,1,1,35
E:\anas\uni\semester 7\fyp\fyp work\transformer_health_index\data\raw\images\1798.jpg,1,1,1,1,1,1,1,1,1,1,1,1,1,13
E:\anas\uni\semester 7\fyp\fyp work\transformer_health_index\data\raw\images\4253.jpg,4,4,3,0,3,5,5,3,3,3,1,2,3,17
E:\anas\uni\semester 7\fyp\fyp work\transformer_health_index\data\raw\images\4841.jpg,3,3,2,4,5,2,0,3,4,5,5,4,5,16
E:\anas\uni\semester 7\fyp\fyp work\transformer_health_index\data\raw\images\7.jpg,1,1,3,3,3,5,3,1,3,3,2,6,6,28
E:\anas\uni\semester 7\fyp\fyp work\transformer_health_index\data\raw\images\4135.jpg,0,4,3,1,2,4,1,5,0,1,2,0,1,14
E:\anas\uni\semester 7\fyp\fyp work\transformer_health_index\data\raw\images\3583.jpg,3,1,1,1,1,1,3,1,1,6,1,1,1,22
E:\anas\uni\semester 7\fyp\fyp work\transformer_health_index\data\raw\images\1664.jpg,3,3,3,6,1,1,3,1,1,6,1,1,1,31
E:\anas\uni\semester 7\fyp\fyp work\transformer_health_index\data\raw\images\3176.jpg,3,1,1,1,1,1,6,1,1,6,1,1,1,25
E:\anas\uni\semester 7\fyp\fyp work\transformer_health_index\data\raw\images\1886.jpg,3,1,1,6,6,1,3,1,1,6,1,1,1,32
E:\anas\uni\semester 7\fyp\fyp work\transformer_health_index\data\raw\images\1283.jpg,0,4,0,2,3,3,0,3,5,2,5,3,1,32
E:\anas\uni\semester 7\fyp\fyp work\transformer_health_index\data\raw\images\159.jpg,4,1,1,1,3,3,3,1,1,4,2,4,6,35
E:\anas\uni\semester 7\fyp\fyp work\transformer_health_index\data\raw\images\4162.jpg,3,0,0,5,2,0,4,1,2,4,5,2,1,34
E:\anas\uni\semester 7\fyp\fyp work\transformer_health_index\data\raw\images\1876.jpg,3,1,1,6,6,1,3,1,1,6,1,1,1,32
E:\anas\uni\semester 7\fyp\fyp work\transformer_health_index\data\raw\images\1846.jpg,3,1,1,1,1,1,5,1,1,1,1,1,1,19
E:\anas\uni\semester 7\fyp\fyp work\transformer_health_index\data\raw\images\262.jpg,1,1,3,3,3,5,3,1,3,1,1,1,6,28
E:\anas\uni\semester 7\fyp\fyp work\transformer_health_index\data\raw\images\4075.jpg,2,0,1,5,4,1,5,2,0,5,4,4,5,54
E:\anas\uni\semester 7\fyp\fyp work\transformer_health_index\data\raw\images\3034.jpg,3,1,1,3,1,1,6,1,1,6,1,1,1,27
E:\anas\uni\semester 7\fyp\fyp work\transformer_health_index\data\raw\images\1022.jpg,3,4,3,2,3,4,3,2,2,2,0,4,2,29
E:\anas\uni\semester 7\fyp\fyp work\transformer_health_index\data\raw\images\872.jpg,5,5,5,3,5,2,5,5,4,2,2,1,5,16
E:\anas\uni\semester 7\fyp\fyp work\transformer_health_index\data\raw\images\776.jpg,2,1,1,4,4,4,0,5,3,0,5,2,3,15
E:\anas\uni\semester 7\fyp\fyp work\transformer_health_index\data\raw\images\3357.jpg,3,1,1,1,1,1,6,1,1,6,1,1,1,25
E:\anas\uni\semester 7\fyp\fyp work\transformer_health_index\data\raw\images\3983.jpg,5,4,4,4,5,5,1,2,2,2,5,1,2,55
E:\anas\uni\semester 7\fyp\fyp work\transformer_health_index\data\raw\images\535.jpg,1,2,3,3,3,3,3,1,3,1,1,1,6,32
E:\anas\uni\semester 7\fyp\fyp work\transformer_health_index\data\raw\images\4675.jpg,2,4,2,5,0,2,0,3,4,5,4,2,4,30
E:\anas\uni\semester 7\fyp\fyp work\transformer_health_index\data\raw\images\4428.jpg,5,3,4,0,2,1,3,4,0,4,3,4,2,45
E:\anas\uni\semester 7\fyp\fyp work\transformer_health_index\data\raw\images\850.jpg,4,4,3,2,4,0,4,5,1,5,5,2,5,42
E:\anas\uni\semester 7\fyp\fyp work\transformer_health_index\data\raw\images\3818.jpg,1,3,3,3,3,5,3,1,3,1,1,1,6,30
E:\anas\uni\semester 7\fyp\fyp work\transformer_health_index\data\raw\images\4210.jpg,0,4,5,3,2,3,4,1,0,4,5,3,0,53
E:\anas\uni\semester 7\fyp\fyp work\transformer_health_index\data\raw\images\1452.jpg,1,0,3,3,2,4,5,1,0,0,1,5,0,49
E:\anas\uni\semester 7\fyp\fyp work\transformer_health_index\data\raw\images\2403.jpg,1,1,1,1,1,1,1,1,1,1,1,1,1,13
E:\anas\uni\semester 7\fyp\fyp work\transformer_health_index\data\raw\images\4896.jpg,4,2,4,2,3,5,4,4,0,3,0,3,5,55
E:\anas\uni\semester 7\fyp\fyp work\transformer_health_index\data\raw\images\4262.jpg,4,4,3,0,3,5,5,3,3,3,1,2,3,17
E:\anas\uni\semester 7\fyp\fyp work\transformer_health_index\data\raw\images\4405.jpg,4,2,2,5,2,4,0,0,5,0,4,5,5,10
E:\anas\uni\semester 7\fyp\fyp work\transformer_health_index\data\raw\images\3628.jpg,3,1,1,1,1,1,3,1,1,6,1,1,1,22
E:\anas\uni\semester 7\fyp\fyp work\transformer_health_index\data\raw\images\2188.jpg,3,1,1,6,1,1,6,1,1,6,1,1,1,30
E:\anas\uni\semester 7\fyp\fyp work\transformer_health_index\data\raw\images\1998.jpg,3,1,1,6,1,1,3,1,1,6,1,1,1,27
E:\anas\uni\semester 7\fyp\fyp work\transformer_health_index\data\raw\images\4913.jpg,4,2,4,2,3,5,4,4,0,3,0,3,5,55
E:\anas\uni\semester 7\fyp\fyp work\transformer_health_index\data\raw\images\2139.jpg,3,1,1,6,1,1,3,1,1,6,1,1,1,27
E:\anas\uni\semester 7\fyp\fyp work\transformer_health_index\data\raw\images\1775.jpg,1,1,1,1,1,1,1,1,1,1,1,1,1,13
E:\anas\uni\semester 7\fyp\fyp work\transformer_health_index\data\raw\images\16.jpg,1,1,3,3,3,5,3,1,3,3,2,6,6,28
E:\anas\uni\semester 7\fyp\fyp work\transformer_health_index\data\raw\images\341.jpg,1,1,3,3,3,5,3,1,3,1,1,1,6,28
E:\anas\uni\semester 7\fyp\fyp work\transformer_health_index\data\raw\images\3235.jpg,3,1,1,1,1,1,6,1,1,6,1,1,1,25
E:\anas\uni\semester 7\fyp\fyp work\transformer_health_index\data\raw\images\3133.jpg,3,1,1,1,1,1,6,1,1,6,1,1,1,25
E:\anas\uni\semester 7\fyp\fyp work\transformer_health_index\data\raw\images\1180.jpg,0,4,5,2,5,2,0,4,3,5,0,2,0,43
E:\anas\uni\semester 7\fyp\fyp work\transformer_health_index\data\raw\images\4134.jpg,0,4,3,1,2,4,1,5,0,1,2,0,1,14
E:\anas\uni\semester 7\fyp\fyp work\transformer_health_index\data\raw\images\1598.jpg,1,1,1,1,1,1,1,1,1,1,1,1,1,13
E:\anas\uni\semester 7\fyp\fyp work\transformer_health_index\data\raw\images\1574.jpg,0,3,4,2,5,2,0,3,4,3,0,4,2,38
E:\anas\uni\semester 7\fyp\fyp work\transformer_health_index\data\raw\images\2445.jpg,3,3,3,1,6,1,3,1,1,6,1,1,1,31
E:\anas\uni\semester 7\fyp\fyp work\transformer_health_index\data\raw\images\1431.jpg,1,0,4,1,1,0,4,0,5,3,2,0,4,32
E:\anas\uni\semester 7\fyp\fyp work\transformer_health_index\data\raw\images\3644.jpg,3,1,1,1,1,1,3,1,1,6,1,1,1,22
E:\anas\uni\semester 7\fyp\fyp work\transformer_health_index\data\raw\images\3719.jpg,1,3,3,3,3,5,3,1,3,1,1,1,6,30
E:\anas\uni\semester 7\fyp\fyp work\transformer_health_index\data\raw\images\4621.jpg,3,5,5,5,2,3,5,2,2,5,3,5,5,52
E:\anas\uni\semester 7\fyp\fyp work\transformer_health_index\data\raw\images\3035.jpg,3,1,1,3,1,1,6,1,1,6,1,1,1,27
E:\anas\uni\semester 7\fyp\fyp work\transformer_health_index\data\raw\images\3288.jpg,3,1,1,1,1,1,3,1,1,6,1,1,1,22
E:\anas\uni\semester 7\fyp\fyp work\transformer_health_index\data\raw\images\1539.jpg,2,4,2,3,1,0,3,5,1,0,0,0,5,50
E:\anas\uni\semester 7\fyp\fyp work\transformer_health_index\data\raw\images\4613.jpg,3,4,5,4,1,3,3,3,2,4,3,3,1,27
E:\anas\uni\semester 7\fyp\fyp work\transformer_health_index\data\raw\images\2749.jpg,3,1,1,6,6,1,6,1,1,6,1,1,1,35
E:\anas\uni\semester 7\fyp\fyp work\transformer_health_index\data\raw\images\797.jpg,2,0,5,1,1,3,5,0,4,4,3,2,1,47
E:\anas\uni\semester 7\fyp\fyp work\transformer_health_index\data\raw\images\2886.jpg,3,1,1,6,6,1,6,1,1,6,1,1,1,35
E:\anas\uni\semester 7\fyp\fyp work\transformer_health_index\data\raw\images\5020.jpg,5,3,2,5,3,4,0,2,2,3,3,2,1,17
E:\anas\uni\semester 7\fyp\fyp work\transformer_health_index\data\raw\images\5039.jpg,5,3,2,5,3,4,0,2,2,3,3,2,1,17
E:\anas\uni\semester 7\fyp\fyp work\transformer_health_index\data\raw\images\69.jpg,4,1,1,1,3,3,3,1,1,4,2,4,1,29
E:\anas\uni\semester 7\fyp\fyp work\transformer_health_index\data\raw\images\2747.jpg,3,1,1,6,6,1,6,1,1,6,1,1,1,35
E:\anas\uni\semester 7\fyp\fyp work\transformer_health_index\data\raw\images\860.jpg,4,4,3,2,4,0,4,5,1,5,5,2,5,42
E:\anas\uni\semester 7\fyp\fyp work\transformer_health_index\data\raw\images\3961.jpg,4,1,2,1,2,5,3,3,4,5,1,4,0,48
E:\anas\uni\semester 7\fyp\fyp work\transformer_health_index\data\raw\images\4747.jpg,0,4,0,0,0,3,2,3,3,0,4,0,3,48
E:\anas\uni\semester 7\fyp\fyp work\transformer_health_index\data\raw\images\1817.jpg,1,1,1,1,1,1,1,1,1,1,1,1,1,13
E:\anas\uni\semester 7\fyp\fyp work\transformer_health_index\data\raw\images\2227.jpg,3,1,1,6,1,1,3,1,1,6,1,1,1,27
E:\anas\uni\semester 7\fyp\fyp work\transformer_health_index\data\raw\images\4785.jpg,0,3,3,3,2,0,0,2,2,1,5,2,1,42
E:\anas\uni\semester 7\fyp\fyp work\transformer_health_index\data\raw\images\3380.jpg,3,1,1,1,1,1,6,1,1,6,1,1,1,25
E:\anas\uni\semester 7\fyp\fyp work\transformer_health_index\data\raw\images\796.jpg,2,0,5,1,1,3,5,0,4,4,3,2,1,47
E:\anas\uni\semester 7\fyp\fyp work\transformer_health_index\data\raw\images\4614.jpg,3,4,5,4,1,3,3,3,2,4,3,3,1,27
E:\anas\uni\semester 7\fyp\fyp work\transformer_health_index\data\raw\images\1505.jpg,3,0,3,2,4,1,0,4,5,5,1,1,3,55
E:\anas\uni\semester 7\fyp\fyp work\transformer_health_index\data\raw\images\3822.jpg,1,3,3,3,3,5,3,1,3,1,1,1,6,30
E:\anas\uni\semester 7\fyp\fyp work\transformer_health_index\data\raw\images\274.jpg,4,3,3,3,3,3,3,3,3,4,2,4,6,44
E:\anas\uni\semester 7\fyp\fyp work\transformer_health_index\data\raw\images\4690.jpg,2,2,3,1,4,0,4,0,1,0,1,3,3,43
E:\anas\uni\semester 7\fyp\fyp work\transformer_health_index\data\raw\images\2642.jpg,3,1,1,6,6,1,3,1,1,6,1,1,1,32
E:\anas\uni\semester 7\fyp\fyp work\transformer_health_index\data\raw\images\1273.jpg,4,0,5,2,3,3,0,4,4,3,4,2,3,45
E:\anas\uni\semester 7\fyp\fyp work\transformer_health_index\data\raw\images\509.jpg,1,2,3,3,3,3,3,1,3,1,1,1,6,32
E:\anas\uni\semester 7\fyp\fyp work\transformer_health_index\data\raw\images\3422.jpg,3,1,1,1,1,1,6,1,1,6,1,1,1,25
E:\anas\uni\semester 7\fyp\fyp work\transformer_health_index\data\raw\images\2142.jpg,3,1,1,6,1,1,3,1,1,6,1,1,1,27
E:\anas\uni\semester 7\fyp\fyp work\transformer_health_index\data\raw\images\1437.jpg,1,0,4,1,1,0,4,0,5,3,2,0,4,32
E:\anas\uni\semester 7\fyp\fyp work\transformer_health_index\data\raw\images\5150.jpg,5,4,0,2,0,5,3,1,4,1,0,4,1,43
E:\anas\uni\semester 7\fyp\fyp work\transformer_health_index\data\raw\images\1319.jpg,5,1,5,5,5,5,5,3,3,5,5,2,3,27
E:\anas\uni\semester 7\fyp\fyp work\transformer_health_index\data\raw\images\2789.jpg,3,1,1,6,6,1,6,1,1,6,1,1,1,35
E:\anas\uni\semester 7\fyp\fyp work\transformer_health_index\data\raw\images\4292.jpg,5,4,2,2,2,5,3,3,0,3,5,4,5,16
E:\anas\uni\semester 7\fyp\fyp work\transformer_health_index\data\raw\images\3505.jpg,3,1,1,1,1,1,3,1,1,6,1,1,1,22
E:\anas\uni\semester 7\fyp\fyp work\transformer_health_index\data\raw\images\407.jpg,1,1,1,1,3,5,3,1,1,1,1,1,6,26
E:\anas\uni\semester 7\fyp\fyp work\transformer_health_index\data\raw\images\1476.jpg,1,2,0,3,0,5,5,1,4,1,0,4,3,51
E:\anas\uni\semester 7\fyp\fyp work\transformer_health_index\data\raw\images\4573.jpg,1,5,5,0,1,4,0,4,1,5,1,1,4,26
E:\anas\uni\semester 7\fyp\fyp work\transformer_health_index\data\raw\images\1450.jpg,1,0,3,3,2,4,5,1,0,0,1,5,0,49
E:\anas\uni\semester 7\fyp\fyp work\transformer_health_index\data\raw\images\3036.jpg,3,1,1,3,1,1,6,1,1,6,1,1,1,27
E:\anas\uni\semester 7\fyp\fyp work\transformer_health_index\data\raw\images\361.jpg,1,1,3,3,3,5,3,1,3,1,1,1,6,33
E:\anas\uni\semester 7\fyp\fyp work\transformer_health_index\data\raw\images\307.jpg,4,3,3,3,3,3,3,3,3,4,2,4,6,44
E:\anas\uni\semester 7\fyp\fyp work\transformer_health_index\data\raw\images\2848.jpg,3,3,1,1,6,6,3,1,1,6,1,1,1,34
E:\anas\uni\semester 7\fyp\fyp work\transformer_health_index\data\raw\images\4104.jpg,2,4,3,2,3,3,3,3,5,5,3,4,1,40
E:\anas\uni\semester 7\fyp\fyp work\transformer_health_index\data\raw\images\1869.jpg,3,1,1,6,6,1,3,1,1,6,1,1,1,32
E:\anas\uni\semester 7\fyp\fyp work\transformer_health_index\data\raw\images\4354.jpg,3,0,1,3,5,0,5,0,3,2,2,4,5,10
E:\anas\uni\semester 7\fyp\fyp work\transformer_health_index\data\raw\images\1866.jpg,3,1,1,6,6,1,3,1,1,6,1,1,1,32
E:\anas\uni\semester 7\fyp\fyp work\transformer_health_index\data\raw\images\3063.jpg,3,1,1,1,1,1,6,1,1,6,1,1,1,25
E:\anas\uni\semester 7\fyp\fyp work\transformer_health_index\data\raw\images\3600.jpg,3,1,1,1,1,1,3,1,1,6,1,1,1,22
E:\anas\uni\semester 7\fyp\fyp work\transformer_health_index\data\raw\images\1177.jpg,0,4,5,2,5,2,0,4,3,5,0,2,0,43
E:\anas\uni\semester 7\fyp\fyp work\transformer_health_index\data\raw\images\2652.jpg,3,1,1,6,6,1,6,1,1,6,1,1,1,35
E:\anas\uni\semester 7\fyp\fyp work\transformer_health_index\data\raw\images\312.jpg,4,3,3,3,3,3,3,3,3,4,2,4,6,44
E:\anas\uni\semester 7\fyp\fyp work\transformer_health_index\data\raw\images\1282.jpg,0,4,0,2,3,3,0,3,5,2,5,3,1,32
E:\anas\uni\semester 7\fyp\fyp work\transformer_health_index\data\raw\images\4563.jpg,1,5,5,0,1,4,0,4,1,5,1,1,4,26
E:\anas\uni\semester 7\fyp\fyp work\transformer_health_index\data\raw\images\1313.jpg,5,1,5,5,5,5,5,3,3,5,5,2,3,27
E:\anas\uni\semester 7\fyp\fyp work\transformer_health_index\data\raw\images\2670.jpg,3,1,1,6,6,1,6,1,1,6,1,1,1,35
E:\anas\uni\semester 7\fyp\fyp work\transformer_health_index\data\raw\images\4051.jpg,5,0,4,2,2,2,3,2,2,3,2,4,3,23
E:\anas\uni\semester 7\fyp\fyp work\transformer_health_index\data\raw\images\4390.jpg,4,2,2,5,2,4,0,0,5,0,4,5,5,10
E:\anas\uni\semester 7\fyp\fyp work\transformer_health_index\data\raw\images\1647.jpg,3,3,3,6,1,1,3,1,1,6,1,1,1,31
E:\anas\uni\semester 7\fyp\fyp work\transformer_health_index\data\raw\images\1994.jpg,3,1,1,6,1,1,6,1,1,6,1,1,1,30
E:\anas\uni\semester 7\fyp\fyp work\transformer_health_index\data\raw\images\5172.jpg,3,0,3,2,0,5,2,3,0,0,2,2,1,42
E:\anas\uni\semester 7\fyp\fyp work\transformer_health_index\data\raw\images\561.jpg,1,1,1,1,3,5,3,1,1,1,1,1,6,26
E:\anas\uni\semester 7\fyp\fyp work\transformer_health_index\data\raw\images\1591.jpg,2,0,5,3,2,1,5,5,5,2,3,4,2,38
E:\anas\uni\semester 7\fyp\fyp work\transformer_health_index\data\raw\images\2379.jpg,3,3,3,6,6,1,6,1,1,6,1,1,1,39
E:\anas\uni\semester 7\fyp\fyp work\transformer_health_index\data\raw\images\4113.jpg,2,4,3,2,3,3,3,3,5,5,3,4,1,40
E:\anas\uni\semester 7\fyp\fyp work\transformer_health_index\data\raw\images\4372.jpg,0,1,0,2,1,2,1,5,0,1,2,4,2,21
E:\anas\uni\semester 7\fyp\fyp work\transformer_health_index\data\raw\images\2780.jpg,3,1,1,6,6,1,6,1,1,6,1,1,1,35
E:\anas\uni\semester 7\fyp\fyp work\transformer_health_index\data\raw\images\2292.jpg,3,3,3,1,6,1,6,1,1,6,1,1,1,34
E:\anas\uni\semester 7\fyp\fyp work\transformer_health_index\data\raw\images\5075.jpg,2,2,2,4,0,1,5,5,3,0,1,4,4,40
E:\anas\uni\semester 7\fyp\fyp work\transformer_health_index\data\raw\images\4301.jpg,5,4,2,2,2,5,3,3,0,3,5,4,5,16
E:\anas\uni\semester 7\fyp\fyp work\transformer_health_index\data\raw\images\2158.jpg,3,1,1,6,1,1,3,1,1,6,1,1,1,27
E:\anas\uni\semester 7\fyp\fyp work\transformer_health_index\data\raw\images\1499.jpg,3,0,3,2,4,1,0,4,5,5,1,1,3,55
E:\anas\uni\semester 7\fyp\fyp work\transformer_health_index\data\raw\images\3905.jpg,4,1,4,4,5,0,0,2,3,1,1,2,2,45
E:\anas\uni\semester 7\fyp\fyp work\transformer_health_index\data\raw\images\702.jpg,1,2,3,3,3,5,3,1,3,1,1,1,6,33
E:\anas\uni\semester 7\fyp\fyp work\transformer_health_index\data\raw\images\5096.jpg,2,5,1,5,5,5,0,4,3,1,1,1,1,36
E:\anas\uni\semester 7\fyp\fyp work\transformer_health_index\data\raw\images\3606.jpg,3,1,1,1,1,1,3,1,1,6,1,1,1,22
E:\anas\uni\semester 7\fyp\fyp work\transformer_health_index\data\raw\images\2992.jpg,1,1,1,1,1,1,1,1,1,6,1,1,1,18
E:\anas\uni\semester 7\fyp\fyp work\transformer_health_index\data\raw\images\1526.jpg,2,4,0,3,4,2,0,0,5,3,0,0,3,11
E:\anas\uni\semester 7\fyp\fyp work\transformer_health_index\data\raw\images\419.jpg,1,1,1,1,3,5,3,1,1,1,1,1,6,26
E:\anas\uni\semester 7\fyp\fyp work\transformer_health_index\data\raw\images\2946.jpg,3,3,3,1,6,1,3,1,1,6,1,1,1,31
E:\anas\uni\semester 7\fyp\fyp work\transformer_health_index\data\raw\images\1858.jpg,3,1,1,6,6,1,3,1,1,6,1,1,1,32
E:\anas\uni\semester 7\fyp\fyp work\transformer_health_index\data\raw\images\4376.jpg,0,1,0,2,1,2,1,5,0,1,2,4,2,21
E:\anas\uni\semester 7\fyp\fyp work\transformer_health_index\data\raw\images\4856.jpg,3,3,1,0,1,4,2,3,2,5,3,3,3,12
E:\anas\uni\semester 7\fyp\fyp work\transformer_health_index\data\raw\images\3135.jpg,3,1,1,1,1,1,6,1,1,6,1,1,1,25
E:\anas\uni\semester 7\fyp\fyp work\transformer_health_index\data\raw\images\2261.jpg,3,1,1,6,1,1,6,1,1,6,1,1,1,30
E:\anas\uni\semester 7\fyp\fyp work\transformer_health_index\data\raw\images\50.jpg,4,1,1,1,3,3,3,1,1,4,2,4,1,29
E:\anas\uni\semester 7\fyp\fyp work\transformer_health_index\data\raw\images\202.jpg,4,3,3,3,3,3,3,3,3,4,2,4,6,40
E:\anas\uni\semester 7\fyp\fyp work\transformer_health_index\data\raw\images\4497.jpg,5,4,3,1,5,0,3,1,2,4,3,3,3,16
E:\anas\uni\semester 7\fyp\fyp work\transformer_health_index\data\raw\images\5088.jpg,2,5,1,5,5,5,0,4,3,1,1,1,1,36
E:\anas\uni\semester 7\fyp\fyp work\transformer_health_index\data\raw\images\5059.jpg,2,5,5,5,0,4,2,2,0,5,3,0,1,21
E:\anas\uni\semester 7\fyp\fyp work\transformer_health_index\data\raw\images\4956.jpg,4,1,2,3,1,4,1,0,5,2,2,2,5,34
E:\anas\uni\semester 7\fyp\fyp work\transformer_health_index\data\raw\images\491.jpg,1,2,1,1,3,3,3,1,1,1,1,1,3,22
E:\anas\uni\semester 7\fyp\fyp work\transformer_health_index\data\raw\images\5018.jpg,2,3,4,5,3,3,5,5,3,5,3,0,1,29
E:\anas\uni\semester 7\fyp\fyp work\transformer_health_index\data\raw\images\2432.jpg,3,1,1,6,1,1,3,1,1,6,1,1,1,27
E:\anas\uni\semester 7\fyp\fyp work\transformer_health_index\data\raw\images\24.jpg,1,1,3,3,3,5,3,1,3,3,2,6,6,28
E:\anas\uni\semester 7\fyp\fyp work\transformer_health_index\data\raw\images\2110.jpg,3,1,1,6,1,1,3,1,1,6,1,1,1,27
E:\anas\uni\semester 7\fyp\fyp work\transformer_health_index\data\raw\images\3767.jpg,1,2,1,1,3,3,3,1,1,1,1,1,3,22
E:\anas\uni\semester 7\fyp\fyp work\transformer_health_index\data\raw\images\3504.jpg,3,1,1,1,1,1,3,1,1,6,1,1,1,22
E:\anas\uni\semester 7\fyp\fyp work\transformer_health_index\data\raw\images\4757.jpg,0,4,0,0,0,3,2,3,3,0,4,0,3,48
E:\anas\uni\semester 7\fyp\fyp work\transformer_health_index\data\raw\images\743.jpg,2,3,3,2,0,3,3,0,2,4,4,2,2,39
E:\anas\uni\semester 7\fyp\fyp work\transformer_health_index\data\raw\images\2810.jpg,3,1,1,6,6,1,6,1,1,6,1,1,1,35
E:\anas\uni\semester 7\fyp\fyp work\transformer_health_index\data\raw\images\2069.jpg,3,1,1,6,1,1,6,1,1,6,1,1,1,30
E:\anas\uni\semester 7\fyp\fyp work\transformer_health_index\data\raw\images\1341.jpg,1,4,3,3,2,5,4,4,4,2,3,0,5,26
E:\anas\uni\semester 7\fyp\fyp work\transformer_health_index\data\raw\images\4999.jpg,2,3,4,5,3,3,5,5,3,5,3,0,1,29
E:\anas\uni\semester 7\fyp\fyp work\transformer_health_index\data\raw\images\4401.jpg,4,2,2,5,2,4,0,0,5,0,4,5,5,10
E:\anas\uni\semester 7\fyp\fyp work\transformer_health_index\data\raw\images\1741.jpg,1,1,1,1,1,1,1,1,1,1,1,1,1,13
E:\anas\uni\semester 7\fyp\fyp work\transformer_health_index\data\raw\images\3336.jpg,3,1,1,1,1,1,6,1,1,6,1,1,1,25
E:\anas\uni\semester 7\fyp\fyp work\transformer_health_index\data\raw\images\1980.jpg,3,1,1,6,1,1,6,1,1,6,1,1,1,30
E:\anas\uni\semester 7\fyp\fyp work\transformer_health_index\data\raw\images\2889.jpg,3,1,1,6,6,1,6,1,1,6,1,1,1,35
E:\anas\uni\semester 7\fyp\fyp work\transformer_health_index\data\raw\images\890.jpg,2,1,0,4,0,5,1,1,2,1,2,5,4,30
E:\anas\uni\semester 7\fyp\fyp work\transformer_health_index\data\raw\images\1712.jpg,1,1,1,1,1,1,1,1,1,1,1,1,1,13
E:\anas\uni\semester 7\fyp\fyp work\transformer_health_index\data\raw\images\1572.jpg,0,3,4,2,5,2,0,3,4,3,0,4,2,38
E:\anas\uni\semester 7\fyp\fyp work\transformer_health_index\data\raw\images\1802.jpg,1,1,1,1,1,1,1,1,1,1,1,1,1,13
E:\anas\uni\semester 7\fyp\fyp work\transformer_health_index\data\raw\images\3741.jpg,1,1,3,3,4,5,3,1,3,1,1,1,6,28
E:\anas\uni\semester 7\fyp\fyp work\transformer_health_index\data\raw\images\3979.jpg,5,4,4,4,5,5,1,2,2,2,5,1,2,55
E:\anas\uni\semester 7\fyp\fyp work\transformer_health_index\data\raw\images\81.jpg,4,1,1,1,3,3,3,1,1,4,2,4,1,29
E:\anas\uni\semester 7\fyp\fyp work\transformer_health_index\data\raw\images\380.jpg,1,1,1,1,3,5,3,1,1,1,1,1,6,26
E:\anas\uni\semester 7\fyp\fyp work\transformer_health_index\data\raw\images\5124.jpg,3,1,1,0,5,1,4,3,2,5,0,0,0,46
E:\anas\uni\semester 7\fyp\fyp work\transformer_health_index\data\raw\images\3570.jpg,3,1,1,1,6,1,3,1,1,6,1,1,1,27
E:\anas\uni\semester 7\fyp\fyp work\transformer_health_index\data\raw\images\2364.jpg,3,3,3,6,6,1,6,1,1,6,1,1,1,39
E:\anas\uni\semester 7\fyp\fyp work\transformer_health_index\data\raw\images\3252.jpg,3,1,1,1,1,1,6,1,1,6,1,1,1,25
E:\anas\uni\semester 7\fyp\fyp work\transformer_health_index\data\raw\images\4248.jpg,4,4,3,0,3,5,5,3,3,3,1,2,3,17
E:\anas\uni\semester 7\fyp\fyp work\transformer_health_index\data\raw\images\1506.jpg,3,0,3,2,4,1,0,4,5,5,1,1,3,55
E:\anas\uni\semester 7\fyp\fyp work\transformer_health_index\data\raw\images\3276.jpg,3,1,1,6,1,1,6,1,1,6,1,1,1,30
E:\anas\uni\semester 7\fyp\fyp work\transformer_health_index\data\raw\images\1985.jpg,3,1,1,6,1,1,6,1,1,6,1,1,1,30
E:\anas\uni\semester 7\fyp\fyp work\transformer_health_index\data\raw\images\3103.jpg,3,1,1,1,1,1,6,1,1,6,1,1,1,25
E:\anas\uni\semester 7\fyp\fyp work\transformer_health_index\data\raw\images\4012.jpg,3,3,2,2,2,3,1,2,3,4,2,0,4,57
E:\anas\uni\semester 7\fyp\fyp work\transformer_health_index\data\raw\images\864.jpg,5,5,5,3,5,2,5,5,4,2,2,1,5,16
E:\anas\uni\semester 7\fyp\fyp work\transformer_health_index\data\raw\images\1988.jpg,3,1,1,6,1,1,6,1,1,6,1,1,1,30
E:\anas\uni\semester 7\fyp\fyp work\transformer_health_index\data\raw\images\2388.jpg,3,3,3,6,6,1,6,1,1,6,1,1,1,39
E:\anas\uni\semester 7\fyp\fyp work\transformer_health_index\data\raw\images\1811.jpg,1,1,1,1,1,1,1,1,1,1,1,1,1,13
E:\anas\uni\semester 7\fyp\fyp work\transformer_health_index\data\raw\images\1947.jpg,3,1,1,6,1,1,3,1,1,6,1,1,1,27
E:\anas\uni\semester 7\fyp\fyp work\transformer_health_index\data\raw\images\1753.jpg,1,1,1,1,1,1,1,1,1,1,1,1,1,13
E:\anas\uni\semester 7\fyp\fyp work\transformer_health_index\data\raw\images\4597.jpg,4,4,5,0,1,1,1,0,5,0,5,2,1,22
E:\anas\uni\semester 7\fyp\fyp work\transformer_health_index\data\raw\images\2494.jpg,3,3,3,1,6,1,3,1,1,6,1,1,1,31
E:\anas\uni\semester 7\fyp\fyp work\transformer_health_index\data\raw\images\2722.jpg,3,1,1,6,6,1,6,1,1,6,1,1,1,35
E:\anas\uni\semester 7\fyp\fyp work\transformer_health_index\data\raw\images\2895.jpg,3,1,1,6,6,1,6,1,1,6,1,1,1,35
E:\anas\uni\semester 7\fyp\fyp work\transformer_health_index\data\raw\images\3537.jpg,3,1,1,1,1,1,3,1,1,6,1,1,1,22
E:\anas\uni\semester 7\fyp\fyp work\transformer_health_index\data\raw\images\3726.jpg,1,3,3,3,3,5,3,1,3,1,1,1,6,30
E:\anas\uni\semester 7\fyp\fyp work\transformer_health_index\data\raw\images\2148.jpg,3,1,1,6,1,1,3,1,1,6,1,1,1,27
E:\anas\uni\semester 7\fyp\fyp work\transformer_health_index\data\raw\images\1062.jpg,3,2,5,1,2,5,0,4,3,3,5,3,2,18
E:\anas\uni\semester 7\fyp\fyp work\transformer_health_index\data\raw\images\3253.jpg,3,1,1,1,1,1,6,1,1,6,1,1,1,25
E:\anas\uni\semester 7\fyp\fyp work\transformer_health_index\data\raw\images\2183.jpg,3,3,1,3,6,1,3,1,1,6,1,1,1,31
E:\anas\uni\semester 7\fyp\fyp work\transformer_health_index\data\raw\images\3072.jpg,3,1,1,6,6,1,6,1,1,6,1,1,1,35
E:\anas\uni\semester 7\fyp\fyp work\transformer_health_index\data\raw\images\1827.jpg,1,1,1,1,1,1,1,1,1,1,1,1,1,13
E:\anas\uni\semester 7\fyp\fyp work\transformer_health_index\data\raw\images\932.jpg,3,2,5,2,0,4,1,5,0,3,1,0,3,14
E:\anas\uni\semester 7\fyp\fyp work\transformer_health_index\data\raw\images\4939.jpg,4,1,2,3,1,4,1,0,5,2,2,2,5,34
E:\anas\uni\semester 7\fyp\fyp work\transformer_health_index\data\raw\images\3096.jpg,3,1,1,1,1,1,6,1,1,6,1,1,1,25
E:\anas\uni\semester 7\fyp\fyp work\transformer_health_index\data\raw\images\1474.jpg,1,2,0,3,0,5,5,1,4,1,0,4,3,51
E:\anas\uni\semester 7\fyp\fyp work\transformer_health_index\data\raw\images\903.jpg,2,1,0,4,0,5,1,1,2,1,2,5,4,30
E:\anas\uni\semester 7\fyp\fyp work\transformer_health_index\data\raw\images\567.jpg,1,1,1,1,3,5,3,1,1,1,1,1,6,26
E:\anas\uni\semester 7\fyp\fyp work\transformer_health_index\data\raw\images\2759.jpg,3,1,1,6,6,1,6,1,1,6,1,1,1,35
E:\anas\uni\semester 7\fyp\fyp work\transformer_health_index\data\raw\images\5024.jpg,5,3,2,5,3,4,0,2,2,3,3,2,1,17
E:\anas\uni\semester 7\fyp\fyp work\transformer_health_index\data\raw\images\687.jpg,1,2,1,1,3,5,3,1,1,1,1,1,6,27
E:\anas\uni\semester 7\fyp\fyp work\transformer_health_index\data\raw\images\3496.jpg,3,1,1,1,1,1,3,1,1,6,1,1,1,22
E:\anas\uni\semester 7\fyp\fyp work\transformer_health_index\data\raw\images\4830.jpg,0,4,2,0,2,3,4,5,4,3,5,0,4,14
E:\anas\uni\semester 7\fyp\fyp work\transformer_health_index\data\raw\images\4258.jpg,4,4,3,0,3,5,5,3,3,3,1,2,3,17
E:\anas\uni\semester 7\fyp\fyp work\transformer_health_index\data\raw\images\2745.jpg,3,1,1,6,6,1,6,1,1,6,1,1,1,35
E:\anas\uni\semester 7\fyp\fyp work\transformer_health_index\data\raw\images\506.jpg,1,2,3,3,3,3,3,1,3,1,1,1,6,32
E:\anas\uni\semester 7\fyp\fyp work\transformer_health_index\data\raw\images\1616.jpg,1,1,1,1,1,1,1,1,1,1,1,1,1,13
E:\anas\uni\semester 7\fyp\fyp work\transformer_health_index\data\raw\images\3736.jpg,1,3,3,3,3,5,3,1,3,1,1,1,6,30
E:\anas\uni\semester 7\fyp\fyp work\transformer_health_index\data\raw\images\4826.jpg,0,4,2,0,2,3,4,5,4,3,5,0,4,14
E:\anas\uni\semester 7\fyp\fyp work\transformer_health_index\data\raw\images\2101.jpg,3,1,1,6,1,1,3,1,1,6,1,1,1,27
E:\anas\uni\semester 7\fyp\fyp work\transformer_health_index\data\raw\images\3463.jpg,3,1,1,1,1,1,6,1,1,6,1,1,1,25
E:\anas\uni\semester 7\fyp\fyp work\transformer_health_index\data\raw\images\3996.jpg,1,2,3,3,4,2,0,0,1,2,2,4,1,32
E:\anas\uni\semester 7\fyp\fyp work\transformer_health_index\data\raw\images\1186.jpg,0,4,5,2,5,2,0,4,3,5,0,2,0,43
E:\anas\uni\semester 7\fyp\fyp work\transformer_health_index\data\raw\images\560.jpg,1,1,1,1,3,5,3,1,1,1,1,1,6,26
E:\anas\uni\semester 7\fyp\fyp work\transformer_health_index\data\raw\images\4002.jpg,1,2,3,3,4,2,0,0,1,2,2,4,1,32
E:\anas\uni\semester 7\fyp\fyp work\transformer_health_index\data\raw\images\2413.jpg,1,1,1,1,1,1,1,1,1,1,1,1,1,13
E:\anas\uni\semester 7\fyp\fyp work\transformer_health_index\data\raw\images\1110.jpg,3,3,5,0,4,2,0,4,0,1,4,1,1,15
E:\anas\uni\semester 7\fyp\fyp work\transformer_health_index\data\raw\images\5053.jpg,2,5,5,5,0,4,2,2,0,5,3,0,1,21
E:\anas\uni\semester 7\fyp\fyp work\transformer_health_index\data\raw\images\2333.jpg,3,3,3,1,6,1,1,1,1,6,1,1,1,29
E:\anas\uni\semester 7\fyp\fyp work\transformer_health_index\data\raw\images\163.jpg,4,1,1,1,3,3,3,1,1,4,2,4,6,35
E:\anas\uni\semester 7\fyp\fyp work\transformer_health_index\data\raw\images\4095.jpg,2,0,1,5,4,1,5,2,0,5,4,4,5,54
E:\anas\uni\semester 7\fyp\fyp work\transformer_health_index\data\raw\images\3089.jpg,3,1,1,1,1,1,6,1,1,6,1,1,1,25
E:\anas\uni\semester 7\fyp\fyp work\transformer_health_index\data\raw\images\3483.jpg,3,1,1,1,1,1,6,1,1,6,1,1,1,25
E:\anas\uni\semester 7\fyp\fyp work\transformer_health_index\data\raw\images\375.jpg,1,1,3,3,3,5,3,1,3,1,1,1,6,33
E:\anas\uni\semester 7\fyp\fyp work\transformer_health_index\data\raw\images\1621.jpg,3,3,3,6,1,1,3,1,1,6,1,1,1,31
E:\anas\uni\semester 7\fyp\fyp work\transformer_health_index\data\raw\images\4837.jpg,3,3,2,4,5,2,0,3,4,5,5,4,5,16
E:\anas\uni\semester 7\fyp\fyp work\transformer_health_index\data\raw\images\718.jpg,1,2,3,3,3,5,3,1,3,1,1,1,6,33
E:\anas\uni\semester 7\fyp\fyp work\transformer_health_index\data\raw\images\2347.jpg,3,3,3,1,6,1,1,1,1,6,1,1,1,29
E:\anas\uni\semester 7\fyp\fyp work\transformer_health_index\data\raw\images\2326.jpg,3,3,3,1,6,1,1,1,1,6,1,1,1,29
E:\anas\uni\semester 7\fyp\fyp work\transformer_health_index\data\raw\images\1576.jpg,2,0,5,3,2,1,5,5,5,2,3,4,2,38
E:\anas\uni\semester 7\fyp\fyp work\transformer_health_index\data\raw\images\1318.jpg,5,1,5,5,5,5,5,3,3,5,5,2,3,27
E:\anas\uni\semester 7\fyp\fyp work\transformer_health_index\data\raw\images\4984.jpg,4,3,1,4,5,3,2,5,0,5,1,5,5,33
E:\anas\uni\semester 7\fyp\fyp work\transformer_health_index\data\raw\images\1101.jpg,3,3,5,0,4,2,0,4,0,1,4,1,1,15
E:\anas\uni\semester 7\fyp\fyp work\transformer_health_index\data\raw\images\2605.jpg,1,1,1,1,1,1,1,1,1,6,1,1,1,18
E:\anas\uni\semester 7\fyp\fyp work\transformer_health_index\data\raw\images\2240.jpg,3,1,1,6,1,1,3,1,1,6,1,1,1,27
E:\anas\uni\semester 7\fyp\fyp work\transformer_health_index\data\raw\images\3508.jpg,3,1,1,1,1,1,3,1,1,6,1,1,1,22
E:\anas\uni\semester 7\fyp\fyp work\transformer_health_index\data\raw\images\1820.jpg,1,1,1,1,1,1,1,1,1,1,1,1,1,13
E:\anas\uni\semester 7\fyp\fyp work\transformer_health_index\data\raw\images\3431.jpg,3,1,1,1,1,1,6,1,1,6,1,1,1,25
E:\anas\uni\semester 7\fyp\fyp work\transformer_health_index\data\raw\images\1905.jpg,3,1,1,6,6,1,3,1,1,6,1,1,1,32
E:\anas\uni\semester 7\fyp\fyp work\transformer_health_index\data\raw\images\1516.jpg,2,4,0,3,4,2,0,0,5,3,0,0,3,11
E:\anas\uni\semester 7\fyp\fyp work\transformer_health_index\data\raw\images\180.jpg,4,1,1,1,3,3,3,1,1,4,2,4,6,35
E:\anas\uni\semester 7\fyp\fyp work\transformer_health_index\data\raw\images\3231.jpg,3,1,1,1,1,1,6,1,1,6,1,1,1,25
E:\anas\uni\semester 7\fyp\fyp work\transformer_health_index\data\raw\images\728.jpg,1,2,3,3,3,5,3,1,3,1,1,1,6,33
E:\anas\uni\semester 7\fyp\fyp work\transformer_health_index\data\raw\images\3768.jpg,1,2,1,1,3,3,3,1,1,1,1,1,3,22
E:\anas\uni\semester 7\fyp\fyp work\transformer_health_index\data\raw\images\1129.jpg,5,4,1,2,3,2,5,5,1,4,2,0,5,56
E:\anas\uni\semester 7\fyp\fyp work\transformer_health_index\data\raw\images\1713.jpg,1,1,1,1,1,1,1,1,1,1,1,1,1,13
E:\anas\uni\semester 7\fyp\fyp work\transformer_health_index\data\raw\images\2620.jpg,1,1,1,1,1,1,1,1,1,6,1,1,1,18
E:\anas\uni\semester 7\fyp\fyp work\transformer_health_index\data\raw\images\2351.jpg,3,3,3,1,6,1,1,1,1,6,1,1,1,29
E:\anas\uni\semester 7\fyp\fyp work\transformer_health_index\data\raw\images\2197.jpg,3,1,1,6,1,1,6,1,1,6,1,1,1,30
E:\anas\uni\semester 7\fyp\fyp work\transformer_health_index\data\raw\images\1624.jpg,3,3,3,6,1,1,3,1,1,6,1,1,1,31
E:\anas\uni\semester 7\fyp\fyp work\transformer_health_index\data\raw\images\2976.jpg,1,1,1,1,1,1,1,1,1,6,1,1,1,18
E:\anas\uni\semester 7\fyp\fyp work\transformer_health_index\data\raw\images\72.jpg,4,1,1,1,3,3,3,1,1,4,2,4,1,29
E:\anas\uni\semester 7\fyp\fyp work\transformer_health_index\data\raw\images\5126.jpg,4,0,4,3,3,2,3,5,0,3,3,4,4,57
E:\anas\uni\semester 7\fyp\fyp work\transformer_health_index\data\raw\images\1586.jpg,2,0,5,3,2,1,5,5,5,2,3,4,2,38
E:\anas\uni\semester 7\fyp\fyp work\transformer_health_index\data\raw\images\132.jpg,6,3,3,3,3,3,3,3,3,4,2,6,6,48
E:\anas\uni\semester 7\fyp\fyp work\transformer_health_index\data\raw\images\2704.jpg,3,1,1,6,6,1,6,1,1,6,1,1,1,35
E:\anas\uni\semester 7\fyp\fyp work\transformer_health_index\data\raw\images\119.jpg,6,3,3,3,3,3,3,3,3,4,2,6,6,48
E:\anas\uni\semester 7\fyp\fyp work\transformer_health_index\data\raw\images\216.jpg,4,1,1,1,3,5,3,1,1,4,2,4,6,36
E:\anas\uni\semester 7\fyp\fyp work\transformer_health_index\data\raw\images\3173.jpg,3,1,1,1,1,1,6,1,1,6,1,1,1,25
E:\anas\uni\semester 7\fyp\fyp work\transformer_health_index\data\raw\images\3344.jpg,3,1,1,1,1,1,6,1,1,6,1,1,1,25
E:\anas\uni\semester 7\fyp\fyp work\transformer_health_index\data\raw\images\4617.jpg,3,4,5,4,1,3,3,3,2,4,3,3,1,27
E:\anas\uni\semester 7\fyp\fyp work\transformer_health_index\data\raw\images\3900.jpg,4,1,4,4,5,0,0,2,3,1,1,2,2,45
E:\anas\uni\semester 7\fyp\fyp work\transformer_health_index\data\raw\images\5128.jpg,4,0,4,3,3,2,3,5,0,3,3,4,4,57
E:\anas\uni\semester 7\fyp\fyp work\transformer_health_index\data\raw\images\3667.jpg,1,1,1,1,1,1,3,1,1,6,1,1,1,20
E:\anas\uni\semester 7\fyp\fyp work\transformer_health_index\data\raw\images\960.jpg,0,2,3,0,2,0,5,4,2,0,3,3,1,52
E:\anas\uni\semester 7\fyp\fyp work\transformer_health_index\data\raw\images\3112.jpg,3,1,1,1,1,1,6,1,1,6,1,1,1,25
E:\anas\uni\semester 7\fyp\fyp work\transformer_health_index\data\raw\images\586.jpg,1,1,1,1,3,5,3,1,1,1,1,1,6,26
E:\anas\uni\semester 7\fyp\fyp work\transformer_health_index\data\raw\images\3209.jpg,3,1,1,6,6,1,6,1,1,6,1,1,1,35
E:\anas\uni\semester 7\fyp\fyp work\transformer_health_index\data\raw\images\106.jpg,6,3,3,3,3,3,3,3,3,4,2,6,6,48
E:\anas\uni\semester 7\fyp\fyp work\transformer_health_index\data\raw\images\1270.jpg,4,0,5,2,3,3,0,4,4,3,4,2,3,45
E:\anas\uni\semester 7\fyp\fyp work\transformer_health_index\data\raw\images\76.jpg,4,1,1,1,3,3,3,1,1,4,2,4,1,29
E:\anas\uni\semester 7\fyp\fyp work\transformer_health_index\data\raw\images\4703.jpg,2,2,3,1,4,0,4,0,1,0,1,3,3,43
E:\anas\uni\semester 7\fyp\fyp work\transformer_health_index\data\raw\images\4381.jpg,0,1,0,2,1,2,1,5,0,1,2,4,2,21
E:\anas\uni\semester 7\fyp\fyp work\transformer_health_index\data\raw\images\2761.jpg,3,1,1,6,6,1,6,1,1,6,1,1,1,35
E:\anas\uni\semester 7\fyp\fyp work\transformer_health_index\data\raw\images\2813.jpg,3,1,1,6,6,1,6,1,1,6,1,1,1,35
E:\anas\uni\semester 7\fyp\fyp work\transformer_health_index\data\raw\images\634.jpg,1,2,1,1,3,3,3,1,1,1,1,1,3,22
E:\anas\uni\semester 7\fyp\fyp work\transformer_health_index\data\raw\images\3891.jpg,4,1,4,4,5,0,0,2,3,1,1,2,2,45
E:\anas\uni\semester 7\fyp\fyp work\transformer_health_index\data\raw\images\379.jpg,1,1,1,1,3,5,3,1,1,1,1,1,6,26
E:\anas\uni\semester 7\fyp\fyp work\transformer_health_index\data\raw\images\1763.jpg,1,1,1,1,1,1,1,1,1,1,1,1,1,13
E:\anas\uni\semester 7\fyp\fyp work\transformer_health_index\data\raw\images\3765.jpg,1,2,1,1,3,3,3,1,1,1,1,1,3,22
E:\anas\uni\semester 7\fyp\fyp work\transformer_health_index\data\raw\images\3742.jpg,1,1,3,3,4,5,3,1,3,1,1,1,6,28
E:\anas\uni\semester 7\fyp\fyp work\transformer_health_index\data\raw\images\4344.jpg,5,1,0,5,5,5,2,1,2,0,3,5,4,15
E:\anas\uni\semester 7\fyp\fyp work\transformer_health_index\data\raw\images\2753.jpg,3,1,1,6,6,1,6,1,1,6,1,1,1,35
E:\anas\uni\semester 7\fyp\fyp work\transformer_health_index\data\raw\images\2654.jpg,3,1,1,6,6,1,6,1,1,6,1,1,1,35
E:\anas\uni\semester 7\fyp\fyp work\transformer_health_index\data\raw\images\4221.jpg,0,4,5,3,2,3,4,1,0,4,5,3,0,53
E:\anas\uni\semester 7\fyp\fyp work\transformer_health_index\data\raw\images\2032.jpg,3,1,1,6,1,1,6,1,1,6,1,1,1,30
E:\anas\uni\semester 7\fyp\fyp work\transformer_health_index\data\raw\images\2590.jpg,3,1,1,6,1,1,3,1,1,6,1,1,1,27
E:\anas\uni\semester 7\fyp\fyp work\transformer_health_index\data\raw\images\1262.jpg,4,0,5,2,3,3,0,4,4,3,4,2,3,45
E:\anas\uni\semester 7\fyp\fyp work\transformer_health_index\data\raw\images\1025.jpg,3,4,3,2,3,4,3,2,2,2,0,4,2,29
E:\anas\uni\semester 7\fyp\fyp work\transformer_health_index\data\raw\images\3764.jpg,1,2,1,1,3,3,3,1,1,1,1,1,3,22
E:\anas\uni\semester 7\fyp\fyp work\transformer_health_index\data\raw\images\3713.jpg,1,3,3,3,3,5,3,1,3,1,1,1,6,30
E:\anas\uni\semester 7\fyp\fyp work\transformer_health_index\data\raw\images\1324.jpg,1,4,3,3,2,5,4,4,4,2,3,0,5,26
E:\anas\uni\semester 7\fyp\fyp work\transformer_health_index\data\raw\images\1250.jpg,5,3,4,2,3,2,5,1,0,2,4,2,2,46
E:\anas\uni\semester 7\fyp\fyp work\transformer_health_index\data\raw\images\2859.jpg,3,1,1,6,6,1,6,1,1,6,1,1,1,35
E:\anas\uni\semester 7\fyp\fyp work\transformer_health_index\data\raw\images\3838.jpg,1,3,3,3,3,5,3,1,3,1,1,1,6,30
E:\anas\uni\semester 7\fyp\fyp work\transformer_health_index\data\raw\images\19.jpg,1,1,3,3,3,5,3,1,3,3,2,6,6,28
E:\anas\uni\semester 7\fyp\fyp work\transformer_health_index\data\raw\images\1002.jpg,2,3,3,2,4,3,0,3,0,2,1,4,2,13
E:\anas\uni\semester 7\fyp\fyp work\transformer_health_index\data\raw\images\4883.jpg,5,3,5,1,5,3,1,3,0,1,1,0,1,46
E:\anas\uni\semester 7\fyp\fyp work\transformer_health_index\data\raw\images\809.jpg,4,0,5,4,2,5,0,0,5,3,3,3,5,53
E:\anas\uni\semester 7\fyp\fyp work\transformer_health_index\data\raw\images\1749.jpg,1,1,1,1,1,1,1,1,1,1,1,1,1,13
E:\anas\uni\semester 7\fyp\fyp work\transformer_health_index\data\raw\images\3555.jpg,3,1,1,1,6,1,3,1,1,6,1,1,1,27
E:\anas\uni\semester 7\fyp\fyp work\transformer_health_index\data\raw\images\4468.jpg,0,4,5,2,0,3,2,2,2,2,2,1,5,25
E:\anas\uni\semester 7\fyp\fyp work\transformer_health_index\data\raw\images\5065.jpg,2,2,2,4,0,1,5,5,3,0,1,4,4,40
E:\anas\uni\semester 7\fyp\fyp work\transformer_health_index\data\raw\images\1345.jpg,5,0,5,1,0,1,4,1,0,0,2,2,3,34
E:\anas\uni\semester 7\fyp\fyp work\transformer_health_index\data\raw\images\3054.jpg,3,1,1,1,1,1,6,1,1,6,1,1,1,25
E:\anas\uni\semester 7\fyp\fyp work\transformer_health_index\data\raw\images\4294.jpg,5,4,2,2,2,5,3,3,0,3,5,4,5,16
E:\anas\uni\semester 7\fyp\fyp work\transformer_health_index\data\raw\images\5122.jpg,3,1,1,0,5,1,4,3,2,5,0,0,0,46
E:\anas\uni\semester 7\fyp\fyp work\transformer_health_index\data\raw\images\1385.jpg,1,1,3,2,3,5,2,2,5,2,4,1,1,37
E:\anas\uni\semester 7\fyp\fyp work\transformer_health_index\data\raw\images\1146.jpg,1,3,3,2,1,1,0,3,3,3,3,1,5,18
E:\anas\uni\semester 7\fyp\fyp work\transformer_health_index\data\raw\images\1235.jpg,3,1,2,3,3,0,2,0,0,3,3,5,4,20
E:\anas\uni\semester 7\fyp\fyp work\transformer_health_index\data\raw\images\2625.jpg,1,1,1,1,1,1,1,1,1,6,1,1,1,18
E:\anas\uni\semester 7\fyp\fyp work\transformer_health_index\data\raw\images\2350.jpg,3,3,3,1,6,1,1,1,1,6,1,1,1,29
E:\anas\uni\semester 7\fyp\fyp work\transformer_health_index\data\raw\images\5040.jpg,5,3,2,5,3,4,0,2,2,3,3,2,1,17
E:\anas\uni\semester 7\fyp\fyp work\transformer_health_index\data\raw\images\1508.jpg,3,0,3,2,4,1,0,4,5,5,1,1,3,55
E:\anas\uni\semester 7\fyp\fyp work\transformer_health_index\data\raw\images\3539.jpg,3,1,1,1,1,1,3,1,1,6,1,1,1,22
E:\anas\uni\semester 7\fyp\fyp work\transformer_health_index\data\raw\images\5097.jpg,2,5,1,5,5,5,0,4,3,1,1,1,1,36
E:\anas\uni\semester 7\fyp\fyp work\transformer_health_index\data\raw\images\4425.jpg,5,3,4,0,2,1,3,4,0,4,3,4,2,45
E:\anas\uni\semester 7\fyp\fyp work\transformer_health_index\data\raw\images\3627.jpg,3,1,1,1,1,1,3,1,1,6,1,1,1,22
E:\anas\uni\semester 7\fyp\fyp work\transformer_health_index\data\raw\images\577.jpg,1,1,1,1,3,5,3,1,1,1,1,1,6,26
E:\anas\uni\semester 7\fyp\fyp work\transformer_health_index\data\raw\images\2945.jpg,3,3,3,1,6,1,3,1,1,6,1,1,1,31
E:\anas\uni\semester 7\fyp\fyp work\transformer_health_index\data\raw\images\5082.jpg,2,2,2,4,0,1,5,5,3,0,1,4,4,40
E:\anas\uni\semester 7\fyp\fyp work\transformer_health_index\data\raw\images\4081.jpg,2,0,1,5,4,1,5,2,0,5,4,4,5,54
E:\anas\uni\semester 7\fyp\fyp work\transformer_health_index\data\raw\images\3748.jpg,1,1,3,3,4,5,3,1,3,1,1,1,6,28
E:\anas\uni\semester 7\fyp\fyp work\transformer_health_index\data\raw\images\3328.jpg,3,1,1,1,1,1,6,1,1,6,1,1,1,25
E:\anas\uni\semester 7\fyp\fyp work\transformer_health_index\data\raw\images\1276.jpg,4,0,5,2,3,3,0,4,4,3,4,2,3,45
E:\anas\uni\semester 7\fyp\fyp work\transformer_health_index\data\raw\images\1265.jpg,4,0,5,2,3,3,0,4,4,3,4,2,3,45
E:\anas\uni\semester 7\fyp\fyp work\transformer_health_index\data\raw\images\4183.jpg,3,1,0,0,3,2,3,0,4,4,3,2,3,24
E:\anas\uni\semester 7\fyp\fyp work\transformer_health_index\data\raw\images\4854.jpg,3,3,1,0,1,4,2,3,2,5,3,3,3,12
E:\anas\uni\semester 7\fyp\fyp work\transformer_health_index\data\raw\images\4200.jpg,3,1,0,0,3,2,3,0,4,4,3,2,3,24
E:\anas\uni\semester 7\fyp\fyp work\transformer_health_index\data\raw\images\4861.jpg,3,3,1,0,1,4,2,3,2,5,3,3,3,12
E:\anas\uni\semester 7\fyp\fyp work\transformer_health_index\data\raw\images\206.jpg,4,3,3,3,3,3,3,3,3,4,2,4,6,40
E:\anas\uni\semester 7\fyp\fyp work\transformer_health_index\data\raw\images\4304.jpg,5,4,2,2,2,5,3,3,0,3,5,4,5,16
E:\anas\uni\semester 7\fyp\fyp work\transformer_health_index\data\raw\images\153.jpg,4,1,1,1,3,3,3,1,1,4,2,4,6,35
E:\anas\uni\semester 7\fyp\fyp work\transformer_health_index\data\raw\images\4122.jpg,0,4,3,1,2,4,1,5,0,1,2,0,1,14
E:\anas\uni\semester 7\fyp\fyp work\transformer_health_index\data\raw\images\3531.jpg,3,1,1,1,1,1,3,1,1,6,1,1,1,22
E:\anas\uni\semester 7\fyp\fyp work\transformer_health_index\data\raw\images\3936.jpg,1,2,3,5,1,5,1,2,1,0,1,3,1,58
E:\anas\uni\semester 7\fyp\fyp work\transformer_health_index\data\raw\images\706.jpg,1,2,3,3,3,5,3,1,3,1,1,1,6,33
E:\anas\uni\semester 7\fyp\fyp work\transformer_health_index\data\raw\images\3349.jpg,3,1,1,1,1,1,6,1,1,6,1,1,1,25
E:\anas\uni\semester 7\fyp\fyp work\transformer_health_index\data\raw\images\1976.jpg,3,1,1,6,1,1,6,1,1,6,1,1,1,30
E:\anas\uni\semester 7\fyp\fyp work\transformer_health_index\data\raw\images\406.jpg,1,1,1,1,3,5,3,1,1,1,1,1,6,26
E:\anas\uni\semester 7\fyp\fyp work\transformer_health_index\data\raw\images\3503.jpg,3,1,1,1,1,1,3,1,1,6,1,1,1,22
E:\anas\uni\semester 7\fyp\fyp work\transformer_health_index\data\raw\images\2503.jpg,3,3,3,1,6,1,3,1,1,6,1,1,1,31
E:\anas\uni\semester 7\fyp\fyp work\transformer_health_index\data\raw\images\622.jpg,1,2,1,1,3,3,3,1,1,1,1,1,3,22
E:\anas\uni\semester 7\fyp\fyp work\transformer_health_index\data\raw\images\1592.jpg,2,0,5,3,2,1,5,5,5,2,3,4,2,38
E:\anas\uni\semester 7\fyp\fyp work\transformer_health_index\data\raw\images\3893.jpg,4,1,4,4,5,0,0,2,3,1,1,2,2,45
E:\anas\uni\semester 7\fyp\fyp work\transformer_health_index\data\raw\images\4097.jpg,2,4,3,2,3,3,3,3,5,5,3,4,1,40
E:\anas\uni\semester 7\fyp\fyp work\transformer_health_index\data\raw\images\4893.jpg,5,3,5,1,5,3,1,3,0,1,1,0,1,46
E:\anas\uni\semester 7\fyp\fyp work\transformer_health_index\data\raw\images\325.jpg,1,1,3,3,3,5,3,1,3,1,1,1,6,28
E:\anas\uni\semester 7\fyp\fyp work\transformer_health_index\data\raw\images\4117.jpg,0,4,3,1,2,4,1,5,0,1,2,0,1,14
E:\anas\uni\semester 7\fyp\fyp work\transformer_health_index\data\raw\images\2387.jpg,3,3,3,6,6,1,6,1,1,6,1,1,1,39
E:\anas\uni\semester 7\fyp\fyp work\transformer_health_index\data\raw\images\2650.jpg,3,1,1,6,6,1,6,1,1,6,1,1,1,35
E:\anas\uni\semester 7\fyp\fyp work\transformer_health_index\data\raw\images\1550.jpg,2,4,2,3,1,0,3,5,1,0,0,0,5,50
E:\anas\uni\semester 7\fyp\fyp work\transformer_health_index\data\raw\images\4293.jpg,5,4,2,2,2,5,3,3,0,3,5,4,5,16
E:\anas\uni\semester 7\fyp\fyp work\transformer_health_index\data\raw\images\1426.jpg,3,0,5,3,0,1,1,1,1,3,4,1,1,16
E:\anas\uni\semester 7\fyp\fyp work\transformer_health_index\data\raw\images\4901.jpg,4,2,4,2,3,5,4,4,0,3,0,3,5,55
E:\anas\uni\semester 7\fyp\fyp work\transformer_health_index\data\raw\images\2385.jpg,3,3,3,6,6,1,6,1,1,6,1,1,1,39
E:\anas\uni\semester 7\fyp\fyp work\transformer_health_index\data\raw\images\2481.jpg,3,3,3,1,6,1,3,1,1,6,1,1,1,31
E:\anas\uni\semester 7\fyp\fyp work\transformer_health_index\data\raw\images\284.jpg,4,3,3,3,3,3,3,3,3,4,2,4,6,44
E:\anas\uni\semester 7\fyp\fyp work\transformer_health_index\data\raw\images\2635.jpg,3,1,1,6,6,1,3,1,1,6,1,1,1,32
E:\anas\uni\semester 7\fyp\fyp work\transformer_health_index\data\raw\images\1174.jpg,3,0,4,0,3,5,4,4,4,0,4,4,3,23
E:\anas\uni\semester 7\fyp\fyp work\transformer_health_index\data\raw\images\2400.jpg,1,1,1,1,1,1,1,1,1,1,1,1,1,13
E:\anas\uni\semester 7\fyp\fyp work\transformer_health_index\data\raw\images\2742.jpg,3,1,1,6,6,1,6,1,1,6,1,1,1,35
E:\anas\uni\semester 7\fyp\fyp work\transformer_health_index\data\raw\images\3441.jpg,3,1,1,1,1,1,6,1,1,6,1,1,1,25
E:\anas\uni\semester 7\fyp\fyp work\transformer_health_index\data\raw\images\4920.jpg,3,2,3,3,2,2,1,4,0,1,2,3,2,13
E:\anas\uni\semester 7\fyp\fyp work\transformer_health_index\data\raw\images\264.jpg,1,1,3,3,3,5,3,1,3,1,1,1,6,28
E:\anas\uni\semester 7\fyp\fyp work\transformer_health_index\data\raw\images\3563.jpg,3,1,1,1,6,1,3,1,1,6,1,1,1,27
E:\anas\uni\semester 7\fyp\fyp work\transformer_health_index\data\raw\images\2377.jpg,3,3,3,6,6,1,6,1,1,6,1,1,1,39
E:\anas\uni\semester 7\fyp\fyp work\transformer_health_index\data\raw\images\912.jpg,1,1,1,4,2,3,2,2,4,0,4,1,5,29
E:\anas\uni\semester 7\fyp\fyp work\transformer_health_index\data\raw\images\558.jpg,1,1,1,1,3,5,3,1,1,1,1,1,6,26
E:\anas\uni\semester 7\fyp\fyp work\transformer_health_index\data\raw\images\1370.jpg,1,1,3,2,3,5,2,2,5,2,4,1,1,37
E:\anas\uni\semester 7\fyp\fyp work\transformer_health_index\data\raw\images\2800.jpg,3,1,1,6,6,1,6,1,1,6,1,1,1,35
E:\anas\uni\semester 7\fyp\fyp work\transformer_health_index\data\raw\images\3307.jpg,3,1,1,1,1,1,6,1,1,6,1,1,1,25
E:\anas\uni\semester 7\fyp\fyp work\transformer_health_index\data\raw\images\2026.jpg,3,1,1,6,1,1,6,1,1,6,1,1,1,30
E:\anas\uni\semester 7\fyp\fyp work\transformer_health_index\data\raw\images\2836.jpg,3,3,1,1,6,6,3,1,1,6,1,1,1,34
E:\anas\uni\semester 7\fyp\fyp work\transformer_health_index\data\raw\images\4975.jpg,4,0,1,2,3,3,0,5,3,0,3,1,5,54
E:\anas\uni\semester 7\fyp\fyp work\transformer_health_index\data\raw\images\1558.jpg,0,3,4,2,5,2,0,3,4,3,0,4,2,38
E:\anas\uni\semester 7\fyp\fyp work\transformer_health_index\data\raw\images\355.jpg,1,1,3,3,3,5,3,1,3,1,1,1,6,28
E:\anas\uni\semester 7\fyp\fyp work\transformer_health_index\data\raw\images\784.jpg,2,0,5,1,1,3,5,0,4,4,3,2,1,47
E:\anas\uni\semester 7\fyp\fyp work\transformer_health_index\data\raw\images\2535.jpg,3,1,1,1,1,1,3,1,1,6,1,1,1,22
E:\anas\uni\semester 7\fyp\fyp work\transformer_health_index\data\raw\images\3718.jpg,1,3,3,3,3,5,3,1,3,1,1,1,6,30
E:\anas\uni\semester 7\fyp\fyp work\transformer_health_index\data\raw\images\4461.jpg,0,4,5,2,0,3,2,2,2,2,2,1,5,25
E:\anas\uni\semester 7\fyp\fyp work\transformer_health_index\data\raw\images\174.jpg,4,1,1,1,3,3,3,1,1,4,2,4,6,35
E:\anas\uni\semester 7\fyp\fyp work\transformer_health_index\data\raw\images\4137.jpg,0,4,3,1,2,4,1,5,0,1,2,0,1,14
E:\anas\uni\semester 7\fyp\fyp work\transformer_health_index\data\raw\images\905.jpg,1,1,1,4,2,3,2,2,4,0,4,1,5,29
E:\anas\uni\semester 7\fyp\fyp work\transformer_health_index\data\raw\images\436.jpg,1,1,1,1,3,5,3,1,1,1,1,1,6,26
E:\anas\uni\semester 7\fyp\fyp work\transformer_health_index\data\raw\images\296.jpg,4,3,3,3,3,3,3,3,3,4,2,4,6,44
E:\anas\uni\semester 7\fyp\fyp work\transformer_health_index\data\raw\images\1194.jpg,0,4,5,2,5,2,0,4,3,5,0,2,0,43
E:\anas\uni\semester 7\fyp\fyp work\transformer_health_index\data\raw\images\4533.jpg,0,4,1,1,0,4,4,4,5,2,3,4,4,34
E:\anas\uni\semester 7\fyp\fyp work\transformer_health_index\data\raw\images\4967.jpg,4,0,1,2,3,3,0,5,3,0,3,1,5,54
E:\anas\uni\semester 7\fyp\fyp work\transformer_health_index\data\raw\images\2250.jpg,3,1,1,6,1,1,6,1,1,6,1,1,1,30
E:\anas\uni\semester 7\fyp\fyp work\transformer_health_index\data\raw\images\1406.jpg,4,4,1,5,1,2,2,5,1,3,0,1,1,59
E:\anas\uni\semester 7\fyp\fyp work\transformer_health_index\data\raw\images\785.jpg,2,0,5,1,1,3,5,0,4,4,3,2,1,47
E:\anas\uni\semester 7\fyp\fyp work\transformer_health_index\data\raw\images\1205.jpg,0,2,0,5,0,1,4,3,0,3,0,5,5,60
E:\anas\uni\semester 7\fyp\fyp work\transformer_health_index\data\raw\images\4226.jpg,5,3,2,2,3,1,4,1,5,0,3,5,5,33
E:\anas\uni\semester 7\fyp\fyp work\transformer_health_index\data\raw\images\1433.jpg,1,0,4,1,1,0,4,0,5,3,2,0,4,32
E:\anas\uni\semester 7\fyp\fyp work\transformer_health_index\data\raw\images\187.jpg,4,1,1,1,3,3,3,1,1,4,2,4,6,35
E:\anas\uni\semester 7\fyp\fyp work\transformer_health_index\data\raw\images\1520.jpg,2,4,0,3,4,2,0,0,5,3,0,0,3,11
E:\anas\uni\semester 7\fyp\fyp work\transformer_health_index\data\raw\images\3740.jpg,1,1,3,3,4,5,3,1,3,1,1,1,6,28
E:\anas\uni\semester 7\fyp\fyp work\transformer_health_index\data\raw\images\3990.jpg,5,4,4,4,5,5,1,2,2,2,5,1,2,55
E:\anas\uni\semester 7\fyp\fyp work\transformer_health_index\data\raw\images\1220.jpg,3,1,2,3,3,0,2,0,0,3,3,5,4,20
E:\anas\uni\semester 7\fyp\fyp work\transformer_health_index\data\raw\images\2401.jpg,1,1,1,1,1,1,1,1,1,1,1,1,1,13
E:\anas\uni\semester 7\fyp\fyp work\transformer_health_index\data\raw\images\3023.jpg,3,1,1,3,1,1,6,1,1,6,1,1,1,27
E:\anas\uni\semester 7\fyp\fyp work\transformer_health_index\data\raw\images\4744.jpg,1,2,0,0,2,1,0,3,5,1,0,3,2,23
E:\anas\uni\semester 7\fyp\fyp work\transformer_health_index\data\raw\images\5064.jpg,2,2,2,4,0,1,5,5,3,0,1,4,4,40
E:\anas\uni\semester 7\fyp\fyp work\transformer_health_index\data\raw\images\417.jpg,1,1,1,1,3,5,3,1,1,1,1,1,6,26
E:\anas\uni\semester 7\fyp\fyp work\transformer_health_index\data\raw\images\1642.jpg,3,3,3,6,1,1,3,1,1,6,1,1,1,31
E:\anas\uni\semester 7\fyp\fyp work\transformer_health_index\data\raw\images\1682.jpg,3,3,3,6,1,1,3,1,1,6,1,1,1,31
E:\anas\uni\semester 7\fyp\fyp work\transformer_health_index\data\raw\images\3507.jpg,3,1,1,1,1,1,3,1,1,6,1,1,1,22
E:\anas\uni\semester 7\fyp\fyp work\transformer_health_index\data\raw\images\1779.jpg,1,1,1,1,1,1,1,1,1,1,1,1,1,13
E:\anas\uni\semester 7\fyp\fyp work\transformer_health_index\data\raw\images\2530.jpg,3,1,1,1,1,1,3,1,1,6,1,1,1,22
E:\anas\uni\semester 7\fyp\fyp work\transformer_health_index\data\raw\images\4657.jpg,3,0,5,0,2,1,3,2,3,2,5,3,2,60
E:\anas\uni\semester 7\fyp\fyp work\transformer_health_index\data\raw\images\85.jpg,1,1,3,3,3,5,3,1,3,1,1,1,6,28
E:\anas\uni\semester 7\fyp\fyp work\transformer_health_index\data\raw\images\3043.jpg,3,1,1,3,1,1,6,1,1,6,1,1,1,27
E:\anas\uni\semester 7\fyp\fyp work\transformer_health_index\data\raw\images\3418.jpg,3,1,1,1,1,1,6,1,1,6,1,1,1,25
E:\anas\uni\semester 7\fyp\fyp work\transformer_health_index\data\raw\images\632.jpg,1,2,1,1,3,3,3,1,1,1,1,1,3,22
E:\anas\uni\semester 7\fyp\fyp work\transformer_health_index\data\raw\images\4611.jpg,3,4,5,4,1,3,3,3,2,4,3,3,1,27
E:\anas\uni\semester 7\fyp\fyp work\transformer_health_index\data\raw\images\2510.jpg,3,3,3,1,6,1,3,1,1,6,1,1,1,31
E:\anas\uni\semester 7\fyp\fyp work\transformer_health_index\data\raw\images\3746.jpg,1,1,3,3,4,5,3,1,3,1,1,1,6,28
E:\anas\uni\semester 7\fyp\fyp work\transformer_health_index\data\raw\images\1903.jpg,3,1,1,6,6,1,3,1,1,6,1,1,1,32
E:\anas\uni\semester 7\fyp\fyp work\transformer_health_index\data\raw\images\680.jpg,1,2,1,1,3,5,3,1,1,1,1,1,6,27
E:\anas\uni\semester 7\fyp\fyp work\transformer_health_index\data\raw\images\2667.jpg,3,1,1,6,6,1,6,1,1,6,1,1,1,35
E:\anas\uni\semester 7\fyp\fyp work\transformer_health_index\data\raw\images\4885.jpg,5,3,5,1,5,3,1,3,0,1,1,0,1,46
E:\anas\uni\semester 7\fyp\fyp work\transformer_health_index\data\raw\images\414.jpg,1,1,1,1,3,5,3,1,1,1,1,1,6,26
E:\anas\uni\semester 7\fyp\fyp work\transformer_health_index\data\raw\images\671.jpg,1,2,1,1,3,5,3,1,1,1,1,1,6,27
E:\anas\uni\semester 7\fyp\fyp work\transformer_health_index\data\raw\images\604.jpg,1,2,1,1,3,5,3,1,1,1,1,1,6,27
E:\anas\uni\semester 7\fyp\fyp work\transformer_health_index\data\raw\images\2809.jpg,3,1,1,6,6,1,6,1,1,6,1,1,1,35
E:\anas\uni\semester 7\fyp\fyp work\transformer_health_index\data\raw\images\1214.jpg,0,2,0,5,0,1,4,3,0,3,0,5,5,60
E:\anas\uni\semester 7\fyp\fyp work\transformer_health_index\data\raw\images\3633.jpg,3,1,1,1,1,1,3,1,1,6,1,1,1,22
E:\anas\uni\semester 7\fyp\fyp work\transformer_health_index\data\raw\images\3630.jpg,3,1,1,1,1,1,3,1,1,6,1,1,1,22
E:\anas\uni\semester 7\fyp\fyp work\transformer_health_index\data\raw\images\845.jpg,4,4,3,2,4,0,4,5,1,5,5,2,5,42
E:\anas\uni\semester 7\fyp\fyp work\transformer_health_index\data\raw\images\2808.jpg,3,1,1,6,6,1,6,1,1,6,1,1,1,35
E:\anas\uni\semester 7\fyp\fyp work\transformer_health_index\data\raw\images\1356.jpg,5,0,5,1,0,1,4,1,0,0,2,2,3,34
E:\anas\uni\semester 7\fyp\fyp work\transformer_health_index\data\raw\images\102.jpg,1,1,3,3,3,5,3,1,3,1,1,1,6,28
E:\anas\uni\semester 7\fyp\fyp work\transformer_health_index\data\raw\images\3566.jpg,3,1,1,1,6,1,3,1,1,6,1,1,1,27
E:\anas\uni\semester 7\fyp\fyp work\transformer_health_index\data\raw\images\3227.jpg,3,1,1,1,1,1,6,1,1,6,1,1,1,25
E:\anas\uni\semester 7\fyp\fyp work\transformer_health_index\data\raw\images\1776.jpg,1,1,1,1,1,1,1,1,1,1,1,1,1,13
E:\anas\uni\semester 7\fyp\fyp work\transformer_health_index\data\raw\images\4884.jpg,5,3,5,1,5,3,1,3,0,1,1,0,1,46
E:\anas\uni\semester 7\fyp\fyp work\transformer_health_index\data\raw\images\2897.jpg,3,1,1,6,6,1,6,1,1,6,1,1,1,35
E:\anas\uni\semester 7\fyp\fyp work\transformer_health_index\data\raw\images\780.jpg,2,0,5,1,1,3,5,0,4,4,3,2,1,47
E:\anas\uni\semester 7\fyp\fyp work\transformer_health_index\data\raw\images\625.jpg,1,2,1,1,3,3,3,1,1,1,1,1,3,22
E:\anas\uni\semester 7\fyp\fyp work\transformer_health_index\data\raw\images\851.jpg,4,4,3,2,4,0,4,5,1,5,5,2,5,42
E:\anas\uni\semester 7\fyp\fyp work\transformer_health_index\data\raw\images\134.jpg,6,3,3,3,3,3,3,3,3,4,2,6,6,48
E:\anas\uni\semester 7\fyp\fyp work\transformer_health_index\data\raw\images\1354.jpg,5,0,5,1,0,1,4,1,0,0,2,2,3,34
E:\anas\uni\semester 7\fyp\fyp work\transformer_health_index\data\raw\images\4559.jpg,1,5,5,0,1,4,0,4,1,5,1,1,4,26
E:\anas\uni\semester 7\fyp\fyp work\transformer_health_index\data\raw\images\151.jpg,4,1,1,1,3,3,3,1,1,4,2,4,6,35
E:\anas\uni\semester 7\fyp\fyp work\transformer_health_index\data\raw\images\2925.jpg,3,3,3,1,6,1,3,1,1,6,1,1,1,31
E:\anas\uni\semester 7\fyp\fyp work\transformer_health_index\data\raw\images\1059.jpg,3,2,5,1,2,5,0,4,3,3,5,3,2,18
E:\anas\uni\semester 7\fyp\fyp work\transformer_health_index\data\raw\images\3837.jpg,1,3,3,3,3,5,3,1,3,1,1,1,6,30
E:\anas\uni\semester 7\fyp\fyp work\transformer_health_index\data\raw\images\3931.jpg,1,2,3,5,1,5,1,2,1,0,1,3,1,58
E:\anas\uni\semester 7\fyp\fyp work\transformer_health_index\data\raw\images\3207.jpg,3,1,1,6,6,1,6,1,1,6,1,1,1,35
E:\anas\uni\semester 7\fyp\fyp work\transformer_health_index\data\raw\images\1095.jpg,3,3,5,0,4,2,0,4,0,1,4,1,1,15
E:\anas\uni\semester 7\fyp\fyp work\transformer_health_index\data\raw\images\3490.jpg,3,1,1,1,1,1,3,1,1,6,1,1,1,22
E:\anas\uni\semester 7\fyp\fyp work\transformer_health_index\data\raw\images\971.jpg,2,2,0,3,3,1,2,0,0,4,0,2,4,55
E:\anas\uni\semester 7\fyp\fyp work\transformer_health_index\data\raw\images\92.jpg,1,1,3,3,3,5,3,1,3,1,1,1,6,28
E:\anas\uni\semester 7\fyp\fyp work\transformer_health_index\data\raw\images\3801.jpg,1,2,1,1,3,3,3,1,1,1,1,1,3,22
E:\anas\uni\semester 7\fyp\fyp work\transformer_health_index\data\raw\images\1402.jpg,4,4,1,5,1,2,2,5,1,3,0,1,1,59
E:\anas\uni\semester 7\fyp\fyp work\transformer_health_index\data\raw\images\4245.jpg,4,4,3,0,3,5,5,3,3,3,1,2,3,17
E:\anas\uni\semester 7\fyp\fyp work\transformer_health_index\data\raw\images\2778.jpg,3,1,1,6,6,1,6,1,1,6,1,1,1,35
E:\anas\uni\semester 7\fyp\fyp work\transformer_health_index\data\raw\images\3346.jpg,3,1,1,1,1,1,6,1,1,6,1,1,1,25
E:\anas\uni\semester 7\fyp\fyp work\transformer_health_index\data\raw\images\1623.jpg,3,3,3,6,1,1,3,1,1,6,1,1,1,31
E:\anas\uni\semester 7\fyp\fyp work\transformer_health_index\data\raw\images\4079.jpg,2,0,1,5,4,1,5,2,0,5,4,4,5,54
E:\anas\uni\semester 7\fyp\fyp work\transformer_health_index\data\raw\images\271.jpg,1,1,3,3,3,5,3,1,3,1,1,1,6,28
E:\anas\uni\semester 7\fyp\fyp work\transformer_health_index\data\raw\images\4693.jpg,2,2,3,1,4,0,4,0,1,0,1,3,3,43
E:\anas\uni\semester 7\fyp\fyp work\transformer_health_index\data\raw\images\2438.jpg,3,3,3,1,6,1,3,1,1,6,1,1,1,31
E:\anas\uni\semester 7\fyp\fyp work\transformer_health_index\data\raw\images\764.jpg,2,1,1,4,4,4,0,5,3,0,5,2,3,15
E:\anas\uni\semester 7\fyp\fyp work\transformer_health_index\data\raw\images\3479.jpg,3,1,1,1,1,1,6,1,1,6,1,1,1,25
E:\anas\uni\semester 7\fyp\fyp work\transformer_health_index\data\raw\images\1008.jpg,2,3,3,2,4,3,0,3,0,2,1,4,2,13
E:\anas\uni\semester 7\fyp\fyp work\transformer_health_index\data\raw\images\3981.jpg,5,4,4,4,5,5,1,2,2,2,5,1,2,55
E:\anas\uni\semester 7\fyp\fyp work\transformer_health_index\data\raw\images\3760.jpg,1,2,1,1,3,3,3,1,1,1,1,1,3,22
E:\anas\uni\semester 7\fyp\fyp work\transformer_health_index\data\raw\images\3494.jpg,3,1,1,1,1,1,3,1,1,6,1,1,1,22
E:\anas\uni\semester 7\fyp\fyp work\transformer_health_index\data\raw\images\4185.jpg,3,1,0,0,3,2,3,0,4,4,3,2,3,24
E:\anas\uni\semester 7\fyp\fyp work\transformer_health_index\data\raw\images\2954.jpg,3,3,3,1,6,1,3,1,1,6,1,1,1,31
E:\anas\uni\semester 7\fyp\fyp work\transformer_health_index\data\raw\images\348.jpg,1,1,3,3,3,5,3,1,3,1,1,1,6,28
E:\anas\uni\semester 7\fyp\fyp work\transformer_health_index\data\raw\images\4521.jpg,0,4,1,1,0,4,4,4,5,2,3,4,4,34
E:\anas\uni\semester 7\fyp\fyp work\transformer_health_index\data\raw\images\4527.jpg,0,4,1,1,0,4,4,4,5,2,3,4,4,34
E:\anas\uni\semester 7\fyp\fyp work\transformer_health_index\data\raw\images\3568.jpg,3,1,1,1,6,1,3,1,1,6,1,1,1,27
E:\anas\uni\semester 7\fyp\fyp work\transformer_health_index\data\raw\images\3187.jpg,3,1,1,1,1,1,6,1,1,6,1,1,1,25
E:\anas\uni\semester 7\fyp\fyp work\transformer_health_index\data\raw\images\3902.jpg,4,1,4,4,5,0,0,2,3,1,1,2,2,45
E:\anas\uni\semester 7\fyp\fyp work\transformer_health_index\data\raw\images\4765.jpg,0,4,0,0,0,3,2,3,3,0,4,0,3,48
E:\anas\uni\semester 7\fyp\fyp work\transformer_health_index\data\raw\images\855.jpg,4,4,3,2,4,0,4,5,1,5,5,2,5,42
E:\anas\uni\semester 7\fyp\fyp work\transformer_health_index\data\raw\images\3546.jpg,3,1,1,1,1,1,3,1,1,6,1,1,1,22
E:\anas\uni\semester 7\fyp\fyp work\transformer_health_index\data\raw\images\1860.jpg,3,1,1,6,6,1,3,1,1,6,1,1,1,32
E:\anas\uni\semester 7\fyp\fyp work\transformer_health_index\data\raw\images\5063.jpg,2,2,2,4,0,1,5,5,3,0,1,4,4,40
E:\anas\uni\semester 7\fyp\fyp work\transformer_health_index\data\raw\images\877.jpg,5,5,5,3,5,2,5,5,4,2,2,1,5,16
E:\anas\uni\semester 7\fyp\fyp work\transformer_health_index\data\raw\images\884.jpg,2,1,0,4,0,5,1,1,2,1,2,5,4,30
E:\anas\uni\semester 7\fyp\fyp work\transformer_health_index\data\raw\images\4945.jpg,4,1,2,3,1,4,1,0,5,2,2,2,5,34
E:\anas\uni\semester 7\fyp\fyp work\transformer_health_index\data\raw\images\4037.jpg,5,0,4,2,2,2,3,2,2,3,2,4,3,23
E:\anas\uni\semester 7\fyp\fyp work\transformer_health_index\data\raw\images\103.jpg,1,1,3,3,3,5,3,1,3,1,1,1,6,28
E:\anas\uni\semester 7\fyp\fyp work\transformer_health_index\data\raw\images\170.jpg,4,1,1,1,3,3,3,1,1,4,2,4,6,35
E:\anas\uni\semester 7\fyp\fyp work\transformer_health_index\data\raw\images\3254.jpg,3,1,1,1,1,1,6,1,1,6,1,1,1,25
E:\anas\uni\semester 7\fyp\fyp work\transformer_health_index\data\raw\images\401.jpg,1,1,1,1,3,5,3,1,1,1,1,1,6,26
E:\anas\uni\semester 7\fyp\fyp work\transformer_health_index\data\raw\images\4090.jpg,2,0,1,5,4,1,5,2,0,5,4,4,5,54
E:\anas\uni\semester 7\fyp\fyp work\transformer_health_index\data\raw\images\1515.jpg,2,4,0,3,4,2,0,0,5,3,0,0,3,11
E:\anas\uni\semester 7\fyp\fyp work\transformer_health_index\data\raw\images\898.jpg,2,1,0,4,0,5,1,1,2,1,2,5,4,30
E:\anas\uni\semester 7\fyp\fyp work\transformer_health_index\data\raw\images\3376.jpg,3,1,1,1,1,1,6,1,1,6,1,1,1,25
E:\anas\uni\semester 7\fyp\fyp work\transformer_health_index\data\raw\images\1030.jpg,4,0,3,4,3,4,5,0,0,0,3,5,5,43
E:\anas\uni\semester 7\fyp\fyp work\transformer_health_index\data\raw\images\799.jpg,4,0,5,4,2,5,0,0,5,3,3,3,5,53
E:\anas\uni\semester 7\fyp\fyp work\transformer_health_index\data\raw\images\2063.jpg,3,1,1,6,1,1,6,1,1,6,1,1,1,30
E:\anas\uni\semester 7\fyp\fyp work\transformer_health_index\data\raw\images\2412.jpg,1,1,1,1,1,1,1,1,1,1,1,1,1,13
E:\anas\uni\semester 7\fyp\fyp work\transformer_health_index\data\raw\images\2950.jpg,3,3,3,1,6,1,3,1,1,6,1,1,1,31
E:\anas\uni\semester 7\fyp\fyp work\transformer_health_index\data\raw\images\4625.jpg,3,5,5,5,2,3,5,2,2,5,3,5,5,52
E:\anas\uni\semester 7\fyp\fyp work\transformer_health_index\data\raw\images\2418.jpg,3,1,1,6,1,1,3,1,1,6,1,1,1,27
E:\anas\uni\semester 7\fyp\fyp work\transformer_health_index\data\raw\images\3351.jpg,3,1,1,1,1,1,6,1,1,6,1,1,1,25
E:\anas\uni\semester 7\fyp\fyp work\transformer_health_index\data\raw\images\1179.jpg,0,4,5,2,5,2,0,4,3,5,0,2,0,43
E:\anas\uni\semester 7\fyp\fyp work\transformer_health_index\data\raw\images\1182.jpg,0,4,5,2,5,2,0,4,3,5,0,2,0,43
E:\anas\uni\semester 7\fyp\fyp work\transformer_health_index\data\raw\images\1668.jpg,3,3,3,6,1,1,3,1,1,6,1,1,1,31
E:\anas\uni\semester 7\fyp\fyp work\transformer_health_index\data\raw\images\5002.jpg,2,3,4,5,3,3,5,5,3,5,3,0,1,29
E:\anas\uni\semester 7\fyp\fyp work\transformer_health_index\data\raw\images\4715.jpg,1,1,1,3,5,5,3,0,4,1,2,5,1,13
E:\anas\uni\semester 7\fyp\fyp work\transformer_health_index\data\raw\images\138.jpg,6,3,3,3,3,3,3,3,3,4,2,6,6,48
E:\anas\uni\semester 7\fyp\fyp work\transformer_health_index\data\raw\images\1710.jpg,1,1,1,1,1,1,1,1,1,1,1,1,1,13
E:\anas\uni\semester 7\fyp\fyp work\transformer_health_index\data\raw\images\1048.jpg,4,0,3,4,3,4,5,0,0,0,3,5,5,43
E:\anas\uni\semester 7\fyp\fyp work\transformer_health_index\data\raw\images\4139.jpg,1,2,2,2,4,4,2,3,3,5,2,1,5,39
E:\anas\uni\semester 7\fyp\fyp work\transformer_health_index\data\raw\images\2154.jpg,3,1,1,6,1,1,3,1,1,6,1,1,1,27
E:\anas\uni\semester 7\fyp\fyp work\transformer_health_index\data\raw\images\4717.jpg,1,1,1,3,5,5,3,0,4,1,2,5,1,13
E:\anas\uni\semester 7\fyp\fyp work\transformer_health_index\data\raw\images\585.jpg,1,1,1,1,3,5,3,1,1,1,1,1,6,26
E:\anas\uni\semester 7\fyp\fyp work\transformer_health_index\data\raw\images\2041.jpg,3,1,1,6,1,1,3,1,1,6,1,1,1,27
E:\anas\uni\semester 7\fyp\fyp work\transformer_health_index\data\raw\images\4986.jpg,4,3,1,4,5,3,2,5,0,5,1,5,5,33
E:\anas\uni\semester 7\fyp\fyp work\transformer_health_index\data\raw\images\384.jpg,1,1,1,1,3,5,3,1,1,1,1,1,6,26
E:\anas\uni\semester 7\fyp\fyp work\transformer_health_index\data\raw\images\3800.jpg,1,2,1,1,3,3,3,1,1,1,1,1,3,22
E:\anas\uni\semester 7\fyp\fyp work\transformer_health_index\data\raw\images\4970.jpg,4,0,1,2,3,3,0,5,3,0,3,1,5,54
E:\anas\uni\semester 7\fyp\fyp work\transformer_health_index\data\raw\images\5010.jpg,2,3,4,5,3,3,5,5,3,5,3,0,1,29
E:\anas\uni\semester 7\fyp\fyp work\transformer_health_index\data\raw\images\210.jpg,4,3,3,3,3,3,3,3,3,4,2,4,6,40
E:\anas\uni\semester 7\fyp\fyp work\transformer_health_index\data\raw\images\661.jpg,1,2,1,1,3,5,3,1,1,1,1,1,6,27
E:\anas\uni\semester 7\fyp\fyp work\transformer_health_index\data\raw\images\2295.jpg,3,3,3,1,6,1,6,1,1,6,1,1,1,34
E:\anas\uni\semester 7\fyp\fyp work\transformer_health_index\data\raw\images\3850.jpg,1,3,3,3,3,5,3,1,3,1,1,1,6,30
E:\anas\uni\semester 7\fyp\fyp work\transformer_health_index\data\raw\images\1755.jpg,1,1,1,1,1,1,1,1,1,1,1,1,1,13
E:\anas\uni\semester 7\fyp\fyp work\transformer_health_index\data\raw\images\1197.jpg,0,4,5,2,5,2,0,4,3,5,0,2,0,43
E:\anas\uni\semester 7\fyp\fyp work\transformer_health_index\data\raw\images\5049.jpg,2,5,5,5,0,4,2,2,0,5,3,0,1,21
E:\anas\uni\semester 7\fyp\fyp work\transformer_health_index\data\raw\images\1533.jpg,2,4,0,3,4,2,0,0,5,3,0,0,3,11
E:\anas\uni\semester 7\fyp\fyp work\transformer_health_index\data\raw\images\1279.jpg,4,0,5,2,3,3,0,4,4,3,4,2,3,45
E:\anas\uni\semester 7\fyp\fyp work\transformer_health_index\data\raw\images\2854.jpg,3,3,1,1,6,6,3,1,1,6,1,1,1,34
E:\anas\uni\semester 7\fyp\fyp work\transformer_health_index\data\raw\images\495.jpg,1,2,1,1,3,3,3,1,1,1,1,1,3,22
E:\anas\uni\semester 7\fyp\fyp work\transformer_health_index\data\raw\images\2602.jpg,3,1,1,6,1,1,3,1,1,6,1,1,1,27
E:\anas\uni\semester 7\fyp\fyp work\transformer_health_index\data\raw\images\2694.jpg,3,1,1,6,6,1,6,1,1,6,1,1,1,35
E:\anas\uni\semester 7\fyp\fyp work\transformer_health_index\data\raw\images\985.jpg,2,2,0,3,3,1,2,0,0,4,0,2,4,55
E:\anas\uni\semester 7\fyp\fyp work\transformer_health_index\data\raw\images\1097.jpg,3,3,5,0,4,2,0,4,0,1,4,1,1,15
E:\anas\uni\semester 7\fyp\fyp work\transformer_health_index\data\raw\images\3341.jpg,3,1,1,1,1,1,6,1,1,6,1,1,1,25
E:\anas\uni\semester 7\fyp\fyp work\transformer_health_index\data\raw\images\1351.jpg,5,0,5,1,0,1,4,1,0,0,2,2,3,34
E:\anas\uni\semester 7\fyp\fyp work\transformer_health_index\data\raw\images\1245.jpg,5,3,4,2,3,2,5,1,0,2,4,2,2,46
E:\anas\uni\semester 7\fyp\fyp work\transformer_health_index\data\raw\images\5068.jpg,2,2,2,4,0,1,5,5,3,0,1,4,4,40
E:\anas\uni\semester 7\fyp\fyp work\transformer_health_index\data\raw\images\2580.jpg,1,1,1,1,1,1,1,1,1,6,1,1,1,18
E:\anas\uni\semester 7\fyp\fyp work\transformer_health_index\data\raw\images\4220.jpg,0,4,5,3,2,3,4,1,0,4,5,3,0,53
E:\anas\uni\semester 7\fyp\fyp work\transformer_health_index\data\raw\images\3330.jpg,3,1,1,1,1,1,6,1,1,6,1,1,1,25
E:\anas\uni\semester 7\fyp\fyp work\transformer_health_index\data\raw\images\3914.jpg,2,3,1,3,1,2,2,0,5,5,1,1,1,13
E:\anas\uni\semester 7\fyp\fyp work\transformer_health_index\data\raw\images\243.jpg,6,3,3,3,3,5,3,3,3,4,2,6,6,46
E:\anas\uni\semester 7\fyp\fyp work\transformer_health_index\data\raw\images\4891.jpg,5,3,5,1,5,3,1,3,0,1,1,0,1,46
E:\anas\uni\semester 7\fyp\fyp work\transformer_health_index\data\raw\images\4370.jpg,0,1,0,2,1,2,1,5,0,1,2,4,2,21
E:\anas\uni\semester 7\fyp\fyp work\transformer_health_index\data\raw\images\3031.jpg,3,1,1,3,1,1,6,1,1,6,1,1,1,27
E:\anas\uni\semester 7\fyp\fyp work\transformer_health_index\data\raw\images\1584.jpg,2,0,5,3,2,1,5,5,5,2,3,4,2,38
E:\anas\uni\semester 7\fyp\fyp work\transformer_health_index\data\raw\images\4947.jpg,4,1,2,3,1,4,1,0,5,2,2,2,5,34
E:\anas\uni\semester 7\fyp\fyp work\transformer_health_index\data\raw\images\4645.jpg,3,0,5,0,2,1,3,2,3,2,5,3,2,60
E:\anas\uni\semester 7\fyp\fyp work\transformer_health_index\data\raw\images\3579.jpg,3,1,1,1,1,1,3,1,1,6,1,1,1,22
E:\anas\uni\semester 7\fyp\fyp work\transformer_health_index\data\raw\images\2192.jpg,3,1,1,6,1,1,6,1,1,6,1,1,1,30
E:\anas\uni\semester 7\fyp\fyp work\transformer_health_index\data\raw\images\3720.jpg,1,3,3,3,3,5,3,1,3,1,1,1,6,30
E:\anas\uni\semester 7\fyp\fyp work\transformer_health_index\data\raw\images\5076.jpg,2,2,2,4,0,1,5,5,3,0,1,4,4,40
E:\anas\uni\semester 7\fyp\fyp work\transformer_health_index\data\raw\images\2857.jpg,3,1,1,6,6,1,6,1,1,6,1,1,1,35
E:\anas\uni\semester 7\fyp\fyp work\transformer_health_index\data\raw\images\2458.jpg,3,3,3,1,6,1,3,1,1,6,1,1,1,31
E:\anas\uni\semester 7\fyp\fyp work\transformer_health_index\data\raw\images\426.jpg,1,1,1,1,3,5,3,1,1,1,1,1,6,26
E:\anas\uni\semester 7\fyp\fyp work\transformer_health_index\data\raw\images\769.jpg,2,1,1,4,4,4,0,5,3,0,5,2,3,15
E:\anas\uni\semester 7\fyp\fyp work\transformer_health_index\data\raw\images\82.jpg,4,1,1,1,3,3,3,1,1,4,2,4,1,29
E:\anas\uni\semester 7\fyp\fyp work\transformer_health_index\data\raw\images\2319.jpg,3,3,3,1,6,1,1,1,1,6,1,1,1,29
E:\anas\uni\semester 7\fyp\fyp work\transformer_health_index\data\raw\images\1394.jpg,4,4,1,5,1,2,2,5,1,3,0,1,1,59
E:\anas\uni\semester 7\fyp\fyp work\transformer_health_index\data\raw\images\3100.jpg,3,1,1,1,1,1,6,1,1,6,1,1,1,25
E:\anas\uni\semester 7\fyp\fyp work\transformer_health_index\data\raw\images\1208.jpg,0,2,0,5,0,1,4,3,0,3,0,5,5,60
E:\anas\uni\semester 7\fyp\fyp work\transformer_health_index\data\raw\images\3057.jpg,3,1,1,1,1,1,6,1,1,6,1,1,1,25
E:\anas\uni\semester 7\fyp\fyp work\transformer_health_index\data\raw\images\3702.jpg,1,3,3,3,3,5,3,1,3,1,1,1,6,30
E:\anas\uni\semester 7\fyp\fyp work\transformer_health_index\data\raw\images\2196.jpg,3,1,1,6,1,1,6,1,1,6,1,1,1,30
E:\anas\uni\semester 7\fyp\fyp work\transformer_health_index\data\raw\images\3243.jpg,3,1,1,1,1,1,6,1,1,6,1,1,1,25
E:\anas\uni\semester 7\fyp\fyp work\transformer_health_index\data\raw\images\1803.jpg,1,1,1,1,1,1,1,1,1,1,1,1,1,13
E:\anas\uni\semester 7\fyp\fyp work\transformer_health_index\data\raw\images\1425.jpg,3,0,5,3,0,1,1,1,1,3,4,1,1,16
E:\anas\uni\semester 7\fyp\fyp work\transformer_health_index\data\raw\images\3904.jpg,4,1,4,4,5,0,0,2,3,1,1,2,2,45
E:\anas\uni\semester 7\fyp\fyp work\transformer_health_index\data\raw\images\4806.jpg,1,3,3,5,5,0,3,4,5,1,4,2,0,42
E:\anas\uni\semester 7\fyp\fyp work\transformer_health_index\data\raw\images\2592.jpg,3,1,1,6,1,1,3,1,1,6,1,1,1,27
E:\anas\uni\semester 7\fyp\fyp work\transformer_health_index\data\raw\images\1171.jpg,3,0,4,0,3,5,4,4,4,0,4,4,3,23
E:\anas\uni\semester 7\fyp\fyp work\transformer_health_index\data\raw\images\2461.jpg,3,3,3,1,6,1,3,1,1,6,1,1,1,31
E:\anas\uni\semester 7\fyp\fyp work\transformer_health_index\data\raw\images\4518.jpg,0,4,1,1,0,4,4,4,5,2,3,4,4,34
E:\anas\uni\semester 7\fyp\fyp work\transformer_health_index\data\raw\images\1490.jpg,1,2,0,3,0,5,5,1,4,1,0,4,3,51
E:\anas\uni\semester 7\fyp\fyp work\transformer_health_index\data\raw\images\947.jpg,0,2,3,0,2,0,5,4,2,0,3,3,1,52
E:\anas\uni\semester 7\fyp\fyp work\transformer_health_index\data\raw\images\524.jpg,1,2,3,3,3,3,3,1,3,1,1,1,6,32
E:\anas\uni\semester 7\fyp\fyp work\transformer_health_index\data\raw\images\2794.jpg,3,1,1,6,6,1,6,1,1,6,1,1,1,35
E:\anas\uni\semester 7\fyp\fyp work\transformer_health_index\data\raw\images\2335.jpg,3,3,3,1,6,1,1,1,1,6,1,1,1,29
E:\anas\uni\semester 7\fyp\fyp work\transformer_health_index\data\raw\images\1215.jpg,0,2,0,5,0,1,4,3,0,3,0,5,5,60
E:\anas\uni\semester 7\fyp\fyp work\transformer_health_index\data\raw\images\3367.jpg,3,1,1,1,1,1,6,1,1,6,1,1,1,25
E:\anas\uni\semester 7\fyp\fyp work\transformer_health_index\data\raw\images\4976.jpg,4,0,1,2,3,3,0,5,3,0,3,1,5,54
E:\anas\uni\semester 7\fyp\fyp work\transformer_health_index\data\raw\images\323.jpg,1,1,3,3,3,5,3,1,3,1,1,1,6,28
E:\anas\uni\semester 7\fyp\fyp work\transformer_health_index\data\raw\images\4187.jpg,3,1,0,0,3,2,3,0,4,4,3,2,3,24
E:\anas\uni\semester 7\fyp\fyp work\transformer_health_index\data\raw\images\2091.jpg,3,1,1,1,6,1,3,1,1,6,1,1,1,27
E:\anas\uni\semester 7\fyp\fyp work\transformer_health_index\data\raw\images\2870.jpg,3,1,1,6,6,1,6,1,1,6,1,1,1,35
E:\anas\uni\semester 7\fyp\fyp work\transformer_health_index\data\raw\images\3257.jpg,3,1,1,6,1,1,6,1,1,6,1,1,1,30
E:\anas\uni\semester 7\fyp\fyp work\transformer_health_index\data\raw\images\3460.jpg,3,1,1,1,1,1,6,1,1,6,1,1,1,25
E:\anas\uni\semester 7\fyp\fyp work\transformer_health_index\data\raw\images\703.jpg,1,2,3,3,3,5,3,1,3,1,1,1,6,33
E:\anas\uni\semester 7\fyp\fyp work\transformer_health_index\data\raw\images\3363.jpg,3,1,1,1,1,1,6,1,1,6,1,1,1,25
E:\anas\uni\semester 7\fyp\fyp work\transformer_health_index\data\raw\images\1228.jpg,3,1,2,3,3,0,2,0,0,3,3,5,4,20
E:\anas\uni\semester 7\fyp\fyp work\transformer_health_index\data\raw\images\892.jpg,2,1,0,4,0,5,1,1,2,1,2,5,4,30
E:\anas\uni\semester 7\fyp\fyp work\transformer_health_index\data\raw\images\306.jpg,4,3,3,3,3,3,3,3,3,4,2,4,6,44
E:\anas\uni\semester 7\fyp\fyp work\transformer_health_index\data\raw\images\557.jpg,1,1,1,1,3,5,3,1,1,1,1,1,6,26
E:\anas\uni\semester 7\fyp\fyp work\transformer_health_index\data\raw\images\1578.jpg,2,0,5,3,2,1,5,5,5,2,3,4,2,38
E:\anas\uni\semester 7\fyp\fyp work\transformer_health_index\data\raw\images\3244.jpg,3,1,1,1,1,1,6,1,1,6,1,1,1,25
E:\anas\uni\semester 7\fyp\fyp work\transformer_health_index\data\raw\images\5171.jpg,3,0,3,2,0,5,2,3,0,0,2,2,1,42
E:\anas\uni\semester 7\fyp\fyp work\transformer_health_index\data\raw\images\4572.jpg,1,5,5,0,1,4,0,4,1,5,1,1,4,26
E:\anas\uni\semester 7\fyp\fyp work\transformer_health_index\data\raw\images\738.jpg,2,3,3,2,0,3,3,0,2,4,4,2,2,39
E:\anas\uni\semester 7\fyp\fyp work\transformer_health_index\data\raw\images\3414.jpg,3,1,1,1,1,1,6,1,1,6,1,1,1,25
E:\anas\uni\semester 7\fyp\fyp work\transformer_health_index\data\raw\images\3544.jpg,3,1,1,1,1,1,3,1,1,6,1,1,1,22
E:\anas\uni\semester 7\fyp\fyp work\transformer_health_index\data\raw\images\5019.jpg,2,3,4,5,3,3,5,5,3,5,3,0,1,29
E:\anas\uni\semester 7\fyp\fyp work\transformer_health_index\data\raw\images\303.jpg,4,3,3,3,3,3,3,3,3,4,2,4,6,44
E:\anas\uni\semester 7\fyp\fyp work\transformer_health_index\data\raw\images\2990.jpg,1,1,1,1,1,1,1,1,1,6,1,1,1,18
E:\anas\uni\semester 7\fyp\fyp work\transformer_health_index\data\raw\images\3962.jpg,4,1,2,1,2,5,3,3,4,5,1,4,0,48
E:\anas\uni\semester 7\fyp\fyp work\transformer_health_index\data\raw\images\2492.jpg,3,3,3,1,6,1,3,1,1,6,1,1,1,31
E:\anas\uni\semester 7\fyp\fyp work\transformer_health_index\data\raw\images\927.jpg,3,2,5,2,0,4,1,5,0,3,1,0,3,14
E:\anas\uni\semester 7\fyp\fyp work\transformer_health_index\data\raw\images\2241.jpg,3,1,1,6,1,1,3,1,1,6,1,1,1,27
E:\anas\uni\semester 7\fyp\fyp work\transformer_health_index\data\raw\images\3587.jpg,3,1,1,1,1,1,3,1,1,6,1,1,1,22
E:\anas\uni\semester 7\fyp\fyp work\transformer_health_index\data\raw\images\2545.jpg,3,1,1,6,6,1,3,1,1,6,1,1,1,32
E:\anas\uni\semester 7\fyp\fyp work\transformer_health_index\data\raw\images\2684.jpg,3,1,1,6,6,1,6,1,1,6,1,1,1,35
E:\anas\uni\semester 7\fyp\fyp work\transformer_health_index\data\raw\images\4802.jpg,1,3,3,5,5,0,3,4,5,1,4,2,0,42
E:\anas\uni\semester 7\fyp\fyp work\transformer_health_index\data\raw\images\1790.jpg,1,1,1,1,1,1,1,1,1,1,1,1,1,13
E:\anas\uni\semester 7\fyp\fyp work\transformer_health_index\data\raw\images\4149.jpg,1,2,2,2,4,4,2,3,3,5,2,1,5,39
E:\anas\uni\semester 7\fyp\fyp work\transformer_health_index\data\raw\images\4451.jpg,1,0,4,1,1,1,4,1,2,0,2,2,0,21
E:\anas\uni\semester 7\fyp\fyp work\transformer_health_index\data\raw\images\4484.jpg,0,5,1,5,0,0,0,0,0,5,1,4,1,16
E:\anas\uni\semester 7\fyp\fyp work\transformer_health_index\data\raw\images\1050.jpg,4,0,3,4,3,4,5,0,0,0,3,5,5,43
E:\anas\uni\semester 7\fyp\fyp work\transformer_health_index\data\raw\images\4163.jpg,3,0,0,5,2,0,4,1,2,4,5,2,1,34
E:\anas\uni\semester 7\fyp\fyp work\transformer_health_index\data\raw\images\4156.jpg,1,2,2,2,4,4,2,3,3,5,2,1,5,39
E:\anas\uni\semester 7\fyp\fyp work\transformer_health_index\data\raw\images\641.jpg,1,2,1,1,3,3,3,1,1,1,1,1,3,22
E:\anas\uni\semester 7\fyp\fyp work\transformer_health_index\data\raw\images\2115.jpg,3,1,1,6,1,1,3,1,1,6,1,1,1,27
E:\anas\uni\semester 7\fyp\fyp work\transformer_health_index\data\raw\images\1207.jpg,0,2,0,5,0,1,4,3,0,3,0,5,5,60
E:\anas\uni\semester 7\fyp\fyp work\transformer_health_index\data\raw\images\3499.jpg,3,1,1,1,1,1,3,1,1,6,1,1,1,22
E:\anas\uni\semester 7\fyp\fyp work\transformer_health_index\data\raw\images\3626.jpg,3,1,1,1,1,1,3,1,1,6,1,1,1,22
E:\anas\uni\semester 7\fyp\fyp work\transformer_health_index\data\raw\images\111.jpg,6,3,3,3,3,3,3,3,3,4,2,6,6,48
E:\anas\uni\semester 7\fyp\fyp work\transformer_health_index\data\raw\images\4499.jpg,5,4,3,1,5,0,3,1,2,4,3,3,3,16
E:\anas\uni\semester 7\fyp\fyp work\transformer_health_index\data\raw\images\4068.jpg,5,5,2,2,2,4,2,5,3,1,4,4,2,35
E:\anas\uni\semester 7\fyp\fyp work\transformer_health_index\data\raw\images\4303.jpg,5,4,2,2,2,5,3,3,0,3,5,4,5,16
E:\anas\uni\semester 7\fyp\fyp work\transformer_health_index\data\raw\images\3145.jpg,3,1,1,1,1,1,6,1,1,6,1,1,1,25
E:\anas\uni\semester 7\fyp\fyp work\transformer_health_index\data\raw\images\3547.jpg,3,1,1,1,1,1,3,1,1,6,1,1,1,22
E:\anas\uni\semester 7\fyp\fyp work\transformer_health_index\data\raw\images\2719.jpg,3,1,1,6,6,1,6,1,1,6,1,1,1,35
E:\anas\uni\semester 7\fyp\fyp work\transformer_health_index\data\raw\images\1594.jpg,2,0,5,3,2,1,5,5,5,2,3,4,2,38
E:\anas\uni\semester 7\fyp\fyp work\transformer_health_index\data\raw\images\3622.jpg,3,1,1,1,1,1,3,1,1,6,1,1,1,22
E:\anas\uni\semester 7\fyp\fyp work\transformer_health_index\data\raw\images\487.jpg,1,2,1,1,3,3,3,1,1,1,1,1,3,22
E:\anas\uni\semester 7\fyp\fyp work\transformer_health_index\data\raw\images\4937.jpg,4,1,2,3,1,4,1,0,5,2,2,2,5,34
E:\anas\uni\semester 7\fyp\fyp work\transformer_health_index\data\raw\images\3392.jpg,3,1,1,1,1,1,3,1,1,6,1,1,1,22
E:\anas\uni\semester 7\fyp\fyp work\transformer_health_index\data\raw\images\4649.jpg,3,0,5,0,2,1,3,2,3,2,5,3,2,60
E:\anas\uni\semester 7\fyp\fyp work\transformer_health_index\data\raw\images\389.jpg,1,1,1,1,3,5,3,1,1,1,1,1,6,26
E:\anas\uni\semester 7\fyp\fyp work\transformer_health_index\data\raw\images\4083.jpg,2,0,1,5,4,1,5,2,0,5,4,4,5,54
E:\anas\uni\semester 7\fyp\fyp work\transformer_health_index\data\raw\images\1117.jpg,5,4,1,2,3,2,5,5,1,4,2,0,5,56
E:\anas\uni\semester 7\fyp\fyp work\transformer_health_index\data\raw\images\2703.jpg,3,1,1,6,6,1,6,1,1,6,1,1,1,35
E:\anas\uni\semester 7\fyp\fyp work\transformer_health_index\data\raw\images\2316.jpg,3,3,3,1,6,1,1,1,1,6,1,1,1,29
E:\anas\uni\semester 7\fyp\fyp work\transformer_health_index\data\raw\images\2355.jpg,3,3,3,6,6,1,6,1,1,6,1,1,1,39
E:\anas\uni\semester 7\fyp\fyp work\transformer_health_index\data\raw\images\370.jpg,1,1,3,3,3,5,3,1,3,1,1,1,6,33
E:\anas\uni\semester 7\fyp\fyp work\transformer_health_index\data\raw\images\324.jpg,1,1,3,3,3,5,3,1,3,1,1,1,6,28
E:\anas\uni\semester 7\fyp\fyp work\transformer_health_index\data\raw\images\4770.jpg,0,3,3,3,2,0,0,2,2,1,5,2,1,42
E:\anas\uni\semester 7\fyp\fyp work\transformer_health_index\data\raw\images\1121.jpg,5,4,1,2,3,2,5,5,1,4,2,0,5,56
E:\anas\uni\semester 7\fyp\fyp work\transformer_health_index\data\raw\images\2145.jpg,3,1,1,6,1,1,3,1,1,6,1,1,1,27
E:\anas\uni\semester 7\fyp\fyp work\transformer_health_index\data\raw\images\2103.jpg,3,1,1,6,1,1,3,1,1,6,1,1,1,27
E:\anas\uni\semester 7\fyp\fyp work\transformer_health_index\data\raw\images\2609.jpg,1,1,1,1,1,1,1,1,1,6,1,1,1,18
E:\anas\uni\semester 7\fyp\fyp work\transformer_health_index\data\raw\images\3776.jpg,1,2,1,1,3,3,3,1,1,1,1,1,3,22
E:\anas\uni\semester 7\fyp\fyp work\transformer_health_index\data\raw\images\3772.jpg,1,2,1,1,3,3,3,1,1,1,1,1,3,22
E:\anas\uni\semester 7\fyp\fyp work\transformer_health_index\data\raw\images\2337.jpg,3,3,3,1,6,1,1,1,1,6,1,1,1,29
E:\anas\uni\semester 7\fyp\fyp work\transformer_health_index\data\raw\images\1740.jpg,1,1,1,1,1,1,1,1,1,1,1,1,1,13
E:\anas\uni\semester 7\fyp\fyp work\transformer_health_index\data\raw\images\3262.jpg,3,1,1,6,1,1,6,1,1,6,1,1,1,30
E:\anas\uni\semester 7\fyp\fyp work\transformer_health_index\data\raw\images\2474.jpg,3,3,3,1,6,1,3,1,1,6,1,1,1,31
E:\anas\uni\semester 7\fyp\fyp work\transformer_health_index\data\raw\images\347.jpg,1,1,3,3,3,5,3,1,3,1,1,1,6,28
E:\anas\uni\semester 7\fyp\fyp work\transformer_health_index\data\raw\images\4647.jpg,3,0,5,0,2,1,3,2,3,2,5,3,2,60
E:\anas\uni\semester 7\fyp\fyp work\transformer_health_index\data\raw\images\3759.jpg,1,1,3,3,4,5,3,1,3,1,1,1,6,28
E:\anas\uni\semester 7\fyp\fyp work\transformer_health_index\data\raw\images\1603.jpg,1,1,1,1,1,1,1,1,1,1,1,1,1,13
E:\anas\uni\semester 7\fyp\fyp work\transformer_health_index\data\raw\images\4427.jpg,5,3,4,0,2,1,3,4,0,4,3,4,2,45
E:\anas\uni\semester 7\fyp\fyp work\transformer_health_index\data\raw\images\3863.jpg,1,3,3,3,3,5,3,1,3,1,1,1,6,30
E:\anas\uni\semester 7\fyp\fyp work\transformer_health_index\data\raw\images\2661.jpg,3,1,1,6,6,1,6,1,1,6,1,1,1,35
E:\anas\uni\semester 7\fyp\fyp work\transformer_health_index\data\raw\images\3567.jpg,3,1,1,1,6,1,3,1,1,6,1,1,1,27
E:\anas\uni\semester 7\fyp\fyp work\transformer_health_index\data\raw\images\2973.jpg,1,1,1,1,1,1,1,1,1,6,1,1,1,18
E:\anas\uni\semester 7\fyp\fyp work\transformer_health_index\data\raw\images\2964.jpg,1,1,1,1,1,1,1,1,1,6,1,1,1,18
E:\anas\uni\semester 7\fyp\fyp work\transformer_health_index\data\raw\images\1963.jpg,3,1,1,6,1,1,3,1,1,6,1,1,1,27
E:\anas\uni\semester 7\fyp\fyp work\transformer_health_index\data\raw\images\2999.jpg,1,1,1,1,1,1,1,1,1,6,1,1,1,18
E:\anas\uni\semester 7\fyp\fyp work\transformer_health_index\data\raw\images\3998.jpg,1,2,3,3,4,2,0,0,1,2,2,4,1,32
E:\anas\uni\semester 7\fyp\fyp work\transformer_health_index\data\raw\images\229.jpg,4,1,1,1,3,5,3,1,1,4,2,4,6,36
E:\anas\uni\semester 7\fyp\fyp work\transformer_health_index\data\raw\images\831.jpg,0,5,1,3,0,0,5,1,1,0,0,1,2,28
E:\anas\uni\semester 7\fyp\fyp work\transformer_health_index\data\raw\images\3659.jpg,1,1,1,1,1,1,3,1,1,6,1,1,1,20
E:\anas\uni\semester 7\fyp\fyp work\transformer_health_index\data\raw\images\1714.jpg,1,1,1,1,1,1,1,1,1,1,1,1,1,13
E:\anas\uni\semester 7\fyp\fyp work\transformer_health_index\data\raw\images\3517.jpg,3,1,1,1,1,1,3,1,1,6,1,1,1,22
E:\anas\uni\semester 7\fyp\fyp work\transformer_health_index\data\raw\images\605.jpg,1,2,1,1,3,5,3,1,1,1,1,1,6,27
E:\anas\uni\semester 7\fyp\fyp work\transformer_health_index\data\raw\images\3954.jpg,4,1,2,1,2,5,3,3,4,5,1,4,0,48
E:\anas\uni\semester 7\fyp\fyp work\transformer_health_index\data\raw\images\1554.jpg,2,4,2,3,1,0,3,5,1,0,0,0,5,50
E:\anas\uni\semester 7\fyp\fyp work\transformer_health_index\data\raw\images\4153.jpg,1,2,2,2,4,4,2,3,3,5,2,1,5,39
E:\anas\uni\semester 7\fyp\fyp work\transformer_health_index\data\raw\images\3283.jpg,3,1,1,1,1,1,3,1,1,6,1,1,1,22
E:\anas\uni\semester 7\fyp\fyp work\transformer_health_index\data\raw\images\4276.jpg,3,3,1,4,3,2,2,2,5,2,4,5,5,28
E:\anas\uni\semester 7\fyp\fyp work\transformer_health_index\data\raw\images\4070.jpg,5,5,2,2,2,4,2,5,3,1,4,4,2,35
E:\anas\uni\semester 7\fyp\fyp work\transformer_health_index\data\raw\images\1424.jpg,3,0,5,3,0,1,1,1,1,3,4,1,1,16
E:\anas\uni\semester 7\fyp\fyp work\transformer_health_index\data\raw\images\2468.jpg,3,3,3,1,6,1,3,1,1,6,1,1,1,31
E:\anas\uni\semester 7\fyp\fyp work\transformer_health_index\data\raw\images\2201.jpg,3,1,1,6,1,1,6,1,1,6,1,1,1,30
E:\anas\uni\semester 7\fyp\fyp work\transformer_health_index\data\raw\images\4730.jpg,1,2,0,0,2,1,0,3,5,1,0,3,2,23
E:\anas\uni\semester 7\fyp\fyp work\transformer_health_index\data\raw\images\5089.jpg,2,5,1,5,5,5,0,4,3,1,1,1,1,36
E:\anas\uni\semester 7\fyp\fyp work\transformer_health_index\data\raw\images\1108.jpg,3,3,5,0,4,2,0,4,0,1,4,1,1,15
E:\anas\uni\semester 7\fyp\fyp work\transformer_health_index\data\raw\images\942.jpg,3,2,5,2,0,4,1,5,0,3,1,0,3,14
E:\anas\uni\semester 7\fyp\fyp work\transformer_health_index\data\raw\images\1401.jpg,4,4,1,5,1,2,2,5,1,3,0,1,1,59
E:\anas\uni\semester 7\fyp\fyp work\transformer_health_index\data\raw\images\308.jpg,4,3,3,3,3,3,3,3,3,4,2,4,6,44
E:\anas\uni\semester 7\fyp\fyp work\transformer_health_index\data\raw\images\3856.jpg,1,3,3,3,3,5,3,1,3,1,1,1,6,30
E:\anas\uni\semester 7\fyp\fyp work\transformer_health_index\data\raw\images\880.jpg,5,5,5,3,5,2,5,5,4,2,2,1,5,16
E:\anas\uni\semester 7\fyp\fyp work\transformer_health_index\data\raw\images\5057.jpg,2,5,5,5,0,4,2,2,0,5,3,0,1,21
E:\anas\uni\semester 7\fyp\fyp work\transformer_health_index\data\raw\images\371.jpg,1,1,3,3,3,5,3,1,3,1,1,1,6,33
E:\anas\uni\semester 7\fyp\fyp work\transformer_health_index\data\raw\images\2853.jpg,3,3,1,1,6,6,3,1,1,6,1,1,1,34
E:\anas\uni\semester 7\fyp\fyp work\transformer_health_index\data\raw\images\2851.jpg,3,3,1,1,6,6,3,1,1,6,1,1,1,34
E:\anas\uni\semester 7\fyp\fyp work\transformer_health_index\data\raw\images\1579.jpg,2,0,5,3,2,1,5,5,5,2,3,4,2,38
E:\anas\uni\semester 7\fyp\fyp work\transformer_health_index\data\raw\images\4555.jpg,5,4,4,1,1,1,0,2,4,5,5,5,4,11
E:\anas\uni\semester 7\fyp\fyp work\transformer_health_index\data\raw\images\2930.jpg,3,3,3,1,6,1,3,1,1,6,1,1,1,31
E:\anas\uni\semester 7\fyp\fyp work\transformer_health_index\data\raw\images\4591.jpg,4,4,5,0,1,1,1,0,5,0,5,2,1,22
E:\anas\uni\semester 7\fyp\fyp work\transformer_health_index\data\raw\images\3493.jpg,3,1,1,1,1,1,3,1,1,6,1,1,1,22
E:\anas\uni\semester 7\fyp\fyp work\transformer_health_index\data\raw\images\2301.jpg,3,3,3,1,6,1,6,1,1,6,1,1,1,34
E:\anas\uni\semester 7\fyp\fyp work\transformer_health_index\data\raw\images\2087.jpg,3,1,1,1,6,1,3,1,1,6,1,1,1,27
E:\anas\uni\semester 7\fyp\fyp work\transformer_health_index\data\raw\images\1176.jpg,3,0,4,0,3,5,4,4,4,0,4,4,3,23
E:\anas\uni\semester 7\fyp\fyp work\transformer_health_index\data\raw\images\3172.jpg,3,1,1,1,1,1,6,1,1,6,1,1,1,25
E:\anas\uni\semester 7\fyp\fyp work\transformer_health_index\data\raw\images\720.jpg,1,2,3,3,3,5,3,1,3,1,1,1,6,33
E:\anas\uni\semester 7\fyp\fyp work\transformer_health_index\data\raw\images\2288.jpg,3,3,3,1,6,1,1,1,1,6,1,1,1,29
E:\anas\uni\semester 7\fyp\fyp work\transformer_health_index\data\raw\images\3069.jpg,3,1,1,6,6,1,6,1,1,6,1,1,1,35
E:\anas\uni\semester 7\fyp\fyp work\transformer_health_index\data\raw\images\3285.jpg,3,1,1,1,1,1,3,1,1,6,1,1,1,22
E:\anas\uni\semester 7\fyp\fyp work\transformer_health_index\data\raw\images\4071.jpg,5,5,2,2,2,4,2,5,3,1,4,4,2,35
E:\anas\uni\semester 7\fyp\fyp work\transformer_health_index\data\raw\images\100.jpg,1,1,3,3,3,5,3,1,3,1,1,1,6,28
E:\anas\uni\semester 7\fyp\fyp work\transformer_health_index\data\raw\images\2046.jpg,3,1,1,6,1,1,3,1,1,6,1,1,1,27
E:\anas\uni\semester 7\fyp\fyp work\transformer_health_index\data\raw\images\3384.jpg,3,1,1,1,1,1,3,1,1,6,1,1,1,22
E:\anas\uni\semester 7\fyp\fyp work\transformer_health_index\data\raw\images\5165.jpg,5,4,0,2,0,5,3,1,4,1,0,4,1,43
E:\anas\uni\semester 7\fyp\fyp work\transformer_health_index\data\raw\images\817.jpg,4,0,5,4,2,5,0,0,5,3,3,3,5,53
E:\anas\uni\semester 7\fyp\fyp work\transformer_health_index\data\raw\images\2892.jpg,3,1,1,6,6,1,6,1,1,6,1,1,1,35
E:\anas\uni\semester 7\fyp\fyp work\transformer_health_index\data\raw\images\2956.jpg,3,3,3,1,6,1,3,1,1,6,1,1,1,31
E:\anas\uni\semester 7\fyp\fyp work\transformer_health_index\data\raw\images\4330.jpg,5,1,0,5,5,5,2,1,2,0,3,5,4,15
E:\anas\uni\semester 7\fyp\fyp work\transformer_health_index\data\raw\images\310.jpg,4,3,3,3,3,3,3,3,3,4,2,4,6,44
E:\anas\uni\semester 7\fyp\fyp work\transformer_health_index\data\raw\images\616.jpg,1,2,1,1,3,3,3,1,1,1,1,1,3,22
E:\anas\uni\semester 7\fyp\fyp work\transformer_health_index\data\raw\images\1251.jpg,5,3,4,2,3,2,5,1,0,2,4,2,2,46
E:\anas\uni\semester 7\fyp\fyp work\transformer_health_index\data\raw\images\1937.jpg,3,1,1,6,1,1,3,1,1,6,1,1,1,27
E:\anas\uni\semester 7\fyp\fyp work\transformer_health_index\data\raw\images\1060.jpg,3,2,5,1,2,5,0,4,3,3,5,3,2,18
E:\anas\uni\semester 7\fyp\fyp work\transformer_health_index\data\raw\images\1859.jpg,3,1,1,6,6,1,3,1,1,6,1,1,1,32
E:\anas\uni\semester 7\fyp\fyp work\transformer_health_index\data\raw\images\2430.jpg,3,1,1,6,1,1,3,1,1,6,1,1,1,27
E:\anas\uni\semester 7\fyp\fyp work\transformer_health_index\data\raw\images\1429.jpg,1,0,4,1,1,0,4,0,5,3,2,0,4,32
E:\anas\uni\semester 7\fyp\fyp work\transformer_health_index\data\raw\images\4316.jpg,4,4,0,3,1,3,4,1,0,2,4,2,0,45
E:\anas\uni\semester 7\fyp\fyp work\transformer_health_index\data\raw\images\5074.jpg,2,2,2,4,0,1,5,5,3,0,1,4,4,40
E:\anas\uni\semester 7\fyp\fyp work\transformer_health_index\data\raw\images\3234.jpg,3,1,1,1,1,1,6,1,1,6,1,1,1,25
E:\anas\uni\semester 7\fyp\fyp work\transformer_health_index\data\raw\images\633.jpg,1,2,1,1,3,3,3,1,1,1,1,1,3,22
E:\anas\uni\semester 7\fyp\fyp work\transformer_health_index\data\raw\images\815.jpg,4,0,5,4,2,5,0,0,5,3,3,3,5,53
E:\anas\uni\semester 7\fyp\fyp work\transformer_health_index\data\raw\images\2175.jpg,3,3,1,3,6,1,3,1,1,6,1,1,1,31
E:\anas\uni\semester 7\fyp\fyp work\transformer_health_index\data\raw\images\1690.jpg,3,3,3,6,1,1,3,1,1,6,1,1,1,31
E:\anas\uni\semester 7\fyp\fyp work\transformer_health_index\data\raw\images\666.jpg,1,2,1,1,3,5,3,1,1,1,1,1,6,27
E:\anas\uni\semester 7\fyp\fyp work\transformer_health_index\data\raw\images\4795.jpg,1,3,3,5,5,0,3,4,5,1,4,2,0,42
E:\anas\uni\semester 7\fyp\fyp work\transformer_health_index\data\raw\images\223.jpg,4,1,1,1,3,5,3,1,1,4,2,4,6,36
E:\anas\uni\semester 7\fyp\fyp work\transformer_health_index\data\raw\images\4196.jpg,3,1,0,0,3,2,3,0,4,4,3,2,3,24
E:\anas\uni\semester 7\fyp\fyp work\transformer_health_index\data\raw\images\3294.jpg,3,1,1,1,1,1,3,1,1,6,1,1,1,22
E:\anas\uni\semester 7\fyp\fyp work\transformer_health_index\data\raw\images\1169.jpg,3,0,4,0,3,5,4,4,4,0,4,4,3,23
E:\anas\uni\semester 7\fyp\fyp work\transformer_health_index\data\raw\images\3895.jpg,4,1,4,4,5,0,0,2,3,1,1,2,2,45
E:\anas\uni\semester 7\fyp\fyp work\transformer_health_index\data\raw\images\4758.jpg,0,4,0,0,0,3,2,3,3,0,4,0,3,48
E:\anas\uni\semester 7\fyp\fyp work\transformer_health_index\data\raw\images\4929.jpg,3,2,3,3,2,2,1,4,0,1,2,3,2,13
E:\anas\uni\semester 7\fyp\fyp work\transformer_health_index\data\raw\images\4580.jpg,4,4,5,0,1,1,1,0,5,0,5,2,1,22
E:\anas\uni\semester 7\fyp\fyp work\transformer_health_index\data\raw\images\1482.jpg,1,2,0,3,0,5,5,1,4,1,0,4,3,51
E:\anas\uni\semester 7\fyp\fyp work\transformer_health_index\data\raw\images\2987.jpg,1,1,1,1,1,1,1,1,1,6,1,1,1,18
E:\anas\uni\semester 7\fyp\fyp work\transformer_health_index\data\raw\images\4297.jpg,5,4,2,2,2,5,3,3,0,3,5,4,5,16
E:\anas\uni\semester 7\fyp\fyp work\transformer_health_index\data\raw\images\679.jpg,1,2,1,1,3,5,3,1,1,1,1,1,6,27
E:\anas\uni\semester 7\fyp\fyp work\transformer_health_index\data\raw\images\1774.jpg,1,1,1,1,1,1,1,1,1,1,1,1,1,13
E:\anas\uni\semester 7\fyp\fyp work\transformer_health_index\data\raw\images\14.jpg,1,1,3,3,3,5,3,1,3,3,2,6,6,28
E:\anas\uni\semester 7\fyp\fyp work\transformer_health_index\data\raw\images\662.jpg,1,2,1,1,3,5,3,1,1,1,1,1,6,27
E:\anas\uni\semester 7\fyp\fyp work\transformer_health_index\data\raw\images\2720.jpg,3,1,1,6,6,1,6,1,1,6,1,1,1,35
E:\anas\uni\semester 7\fyp\fyp work\transformer_health_index\data\raw\images\1473.jpg,1,2,0,3,0,5,5,1,4,1,0,4,3,51
E:\anas\uni\semester 7\fyp\fyp work\transformer_health_index\data\raw\images\2450.jpg,3,3,3,1,6,1,3,1,1,6,1,1,1,31
E:\anas\uni\semester 7\fyp\fyp work\transformer_health_index\data\raw\images\221.jpg,4,1,1,1,3,5,3,1,1,4,2,4,6,36
E:\anas\uni\semester 7\fyp\fyp work\transformer_health_index\data\raw\images\756.jpg,2,3,3,2,0,3,3,0,2,4,4,2,2,39
E:\anas\uni\semester 7\fyp\fyp work\transformer_health_index\data\raw\images\3997.jpg,1,2,3,3,4,2,0,0,1,2,2,4,1,32
E:\anas\uni\semester 7\fyp\fyp work\transformer_health_index\data\raw\images\808.jpg,4,0,5,4,2,5,0,0,5,3,3,3,5,53
E:\anas\uni\semester 7\fyp\fyp work\transformer_health_index\data\raw\images\3437.jpg,3,1,1,1,1,1,6,1,1,6,1,1,1,25
E:\anas\uni\semester 7\fyp\fyp work\transformer_health_index\data\raw\images\2059.jpg,3,1,1,6,1,1,6,1,1,6,1,1,1,30
E:\anas\uni\semester 7\fyp\fyp work\transformer_health_index\data\raw\images\4048.jpg,5,0,4,2,2,2,3,2,2,3,2,4,3,23
E:\anas\uni\semester 7\fyp\fyp work\transformer_health_index\data\raw\images\3350.jpg,3,1,1,1,1,1,6,1,1,6,1,1,1,25
E:\anas\uni\semester 7\fyp\fyp work\transformer_health_index\data\raw\images\2601.jpg,3,1,1,6,1,1,3,1,1,6,1,1,1,27
E:\anas\uni\semester 7\fyp\fyp work\transformer_health_index\data\raw\images\5182.jpg,3,0,3,2,0,5,2,3,0,0,2,2,1,42
E:\anas\uni\semester 7\fyp\fyp work\transformer_health_index\data\raw\images\513.jpg,1,2,3,3,3,3,3,1,3,1,1,1,6,32
E:\anas\uni\semester 7\fyp\fyp work\transformer_health_index\data\raw\images\3646.jpg,3,1,1,1,1,1,3,1,1,6,1,1,1,22
E:\anas\uni\semester 7\fyp\fyp work\transformer_health_index\data\raw\images\242.jpg,6,3,3,3,3,5,3,3,3,4,2,6,6,46
E:\anas\uni\semester 7\fyp\fyp work\transformer_health_index\data\raw\images\3522.jpg,3,1,1,1,1,1,3,1,1,6,1,1,1,22
E:\anas\uni\semester 7\fyp\fyp work\transformer_health_index\data\raw\images\1568.jpg,0,3,4,2,5,2,0,3,4,3,0,4,2,38
E:\anas\uni\semester 7\fyp\fyp work\transformer_health_index\data\raw\images\402.jpg,1,1,1,1,3,5,3,1,1,1,1,1,6,26
E:\anas\uni\semester 7\fyp\fyp work\transformer_health_index\data\raw\images\4630.jpg,3,5,5,5,2,3,5,2,2,5,3,5,5,52
E:\anas\uni\semester 7\fyp\fyp work\transformer_health_index\data\raw\images\3745.jpg,1,1,3,3,4,5,3,1,3,1,1,1,6,28
E:\anas\uni\semester 7\fyp\fyp work\transformer_health_index\data\raw\images\581.jpg,1,1,1,1,3,5,3,1,1,1,1,1,6,26
E:\anas\uni\semester 7\fyp\fyp work\transformer_health_index\data\raw\images\4525.jpg,0,4,1,1,0,4,4,4,5,2,3,4,4,34
E:\anas\uni\semester 7\fyp\fyp work\transformer_health_index\data\raw\images\3433.jpg,3,1,1,1,1,1,6,1,1,6,1,1,1,25
E:\anas\uni\semester 7\fyp\fyp work\transformer_health_index\data\raw\images\3618.jpg,3,1,1,1,1,1,3,1,1,6,1,1,1,22
E:\anas\uni\semester 7\fyp\fyp work\transformer_health_index\data\raw\images\1118.jpg,5,4,1,2,3,2,5,5,1,4,2,0,5,56
E:\anas\uni\semester 7\fyp\fyp work\transformer_health_index\data\raw\images\2306.jpg,3,3,3,1,6,1,6,1,1,6,1,1,1,34
E:\anas\uni\semester 7\fyp\fyp work\transformer_health_index\data\raw\images\4165.jpg,3,0,0,5,2,0,4,1,2,4,5,2,1,34
E:\anas\uni\semester 7\fyp\fyp work\transformer_health_index\data\raw\images\4017.jpg,3,3,2,2,2,3,1,2,3,4,2,0,4,57
E:\anas\uni\semester 7\fyp\fyp work\transformer_health_index\data\raw\images\4810.jpg,0,4,2,0,2,3,4,5,4,3,5,0,4,14
E:\anas\uni\semester 7\fyp\fyp work\transformer_health_index\data\raw\images\184.jpg,4,1,1,1,3,3,3,1,1,4,2,4,6,35
E:\anas\uni\semester 7\fyp\fyp work\transformer_health_index\data\raw\images\3417.jpg,3,1,1,1,1,1,6,1,1,6,1,1,1,25
E:\anas\uni\semester 7\fyp\fyp work\transformer_health_index\data\raw\images\2686.jpg,3,1,1,6,6,1,6,1,1,6,1,1,1,35
E:\anas\uni\semester 7\fyp\fyp work\transformer_health_index\data\raw\images\3951.jpg,4,1,2,1,2,5,3,3,4,5,1,4,0,48
E:\anas\uni\semester 7\fyp\fyp work\transformer_health_index\data\raw\images\4553.jpg,5,4,4,1,1,1,0,2,4,5,5,5,4,11
E:\anas\uni\semester 7\fyp\fyp work\transformer_health_index\data\raw\images\1931.jpg,3,1,1,6,6,1,3,1,1,6,1,1,1,32
E:\anas\uni\semester 7\fyp\fyp work\transformer_health_index\data\raw\images\4943.jpg,4,1,2,3,1,4,1,0,5,2,2,2,5,34
E:\anas\uni\semester 7\fyp\fyp work\transformer_health_index\data\raw\images\3114.jpg,3,1,1,1,1,1,6,1,1,6,1,1,1,25
E:\anas\uni\semester 7\fyp\fyp work\transformer_health_index\data\raw\images\1067.jpg,3,2,5,1,2,5,0,4,3,3,5,3,2,18
E:\anas\uni\semester 7\fyp\fyp work\transformer_health_index\data\raw\images\473.jpg,1,3,3,3,3,5,3,1,3,1,1,1,6,35
E:\anas\uni\semester 7\fyp\fyp work\transformer_health_index\data\raw\images\4454.jpg,0,4,5,2,0,3,2,2,2,2,2,1,5,25
E:\anas\uni\semester 7\fyp\fyp work\transformer_health_index\data\raw\images\3723.jpg,1,3,3,3,3,5,3,1,3,1,1,1,6,30
E:\anas\uni\semester 7\fyp\fyp work\transformer_health_index\data\raw\images\108.jpg,6,3,3,3,3,3,3,3,3,4,2,6,6,48
E:\anas\uni\semester 7\fyp\fyp work\transformer_health_index\data\raw\images\1263.jpg,4,0,5,2,3,3,0,4,4,3,4,2,3,45
E:\anas\uni\semester 7\fyp\fyp work\transformer_health_index\data\raw\images\1200.jpg,0,2,0,5,0,1,4,3,0,3,0,5,5,60
E:\anas\uni\semester 7\fyp\fyp work\transformer_health_index\data\raw\images\2190.jpg,3,1,1,6,1,1,6,1,1,6,1,1,1,30
E:\anas\uni\semester 7\fyp\fyp work\transformer_health_index\data\raw\images\1564.jpg,0,3,4,2,5,2,0,3,4,3,0,4,2,38
E:\anas\uni\semester 7\fyp\fyp work\transformer_health_index\data\raw\images\1855.jpg,3,1,1,6,6,1,3,1,1,6,1,1,1,32
E:\anas\uni\semester 7\fyp\fyp work\transformer_health_index\data\raw\images\5041.jpg,2,5,5,5,0,4,2,2,0,5,3,0,1,21
E:\anas\uni\semester 7\fyp\fyp work\transformer_health_index\data\raw\images\3928.jpg,1,2,3,5,1,5,1,2,1,0,1,3,1,58
E:\anas\uni\semester 7\fyp\fyp work\transformer_health_index\data\raw\images\4791.jpg,1,3,3,5,5,0,3,4,5,1,4,2,0,42
E:\anas\uni\semester 7\fyp\fyp work\transformer_health_index\data\raw\images\3899.jpg,4,1,4,4,5,0,0,2,3,1,1,2,2,45
E:\anas\uni\semester 7\fyp\fyp work\transformer_health_index\data\raw\images\3458.jpg,3,1,1,1,1,1,6,1,1,6,1,1,1,25
E:\anas\uni\semester 7\fyp\fyp work\transformer_health_index\data\raw\images\4556.jpg,5,4,4,1,1,1,0,2,4,5,5,5,4,11
E:\anas\uni\semester 7\fyp\fyp work\transformer_health_index\data\raw\images\298.jpg,4,3,3,3,3,3,3,3,3,4,2,4,6,44
E:\anas\uni\semester 7\fyp\fyp work\transformer_health_index\data\raw\images\4789.jpg,1,3,3,5,5,0,3,4,5,1,4,2,0,42
E:\anas\uni\semester 7\fyp\fyp work\transformer_health_index\data\raw\images\1997.jpg,3,1,1,6,1,1,3,1,1,6,1,1,1,27
E:\anas\uni\semester 7\fyp\fyp work\transformer_health_index\data\raw\images\4384.jpg,0,1,0,2,1,2,1,5,0,1,2,4,2,21
E:\anas\uni\semester 7\fyp\fyp work\transformer_health_index\data\raw\images\3406.jpg,3,1,1,1,1,1,6,1,1,6,1,1,1,25
E:\anas\uni\semester 7\fyp\fyp work\transformer_health_index\data\raw\images\5163.jpg,5,4,0,2,0,5,3,1,4,1,0,4,1,43
E:\anas\uni\semester 7\fyp\fyp work\transformer_health_index\data\raw\images\1942.jpg,3,1,1,6,1,1,3,1,1,6,1,1,1,27
E:\anas\uni\semester 7\fyp\fyp work\transformer_health_index\data\raw\images\3584.jpg,3,1,1,1,1,1,3,1,1,6,1,1,1,22
E:\anas\uni\semester 7\fyp\fyp work\transformer_health_index\data\raw\images\3029.jpg,3,1,1,3,1,1,6,1,1,6,1,1,1,27
E:\anas\uni\semester 7\fyp\fyp work\transformer_health_index\data\raw\images\1269.jpg,4,0,5,2,3,3,0,4,4,3,4,2,3,45
E:\anas\uni\semester 7\fyp\fyp work\transformer_health_index\data\raw\images\456.jpg,1,1,1,1,3,5,3,1,1,1,1,1,6,26
E:\anas\uni\semester 7\fyp\fyp work\transformer_health_index\data\raw\images\3676.jpg,1,1,1,1,1,1,3,1,1,6,1,1,1,20
E:\anas\uni\semester 7\fyp\fyp work\transformer_health_index\data\raw\images\2358.jpg,3,3,3,6,6,1,6,1,1,6,1,1,1,39
E:\anas\uni\semester 7\fyp\fyp work\transformer_health_index\data\raw\images\583.jpg,1,1,1,1,3,5,3,1,1,1,1,1,6,26
E:\anas\uni\semester 7\fyp\fyp work\transformer_health_index\data\raw\images\4290.jpg,5,4,2,2,2,5,3,3,0,3,5,4,5,16
E:\anas\uni\semester 7\fyp\fyp work\transformer_health_index\data\raw\images\105.jpg,1,1,3,3,3,5,3,1,3,1,1,1,6,28
E:\anas\uni\semester 7\fyp\fyp work\transformer_health_index\data\raw\images\2573.jpg,1,1,1,1,1,1,1,1,1,6,1,1,1,18
E:\anas\uni\semester 7\fyp\fyp work\transformer_health_index\data\raw\images\766.jpg,2,1,1,4,4,4,0,5,3,0,5,2,3,15
E:\anas\uni\semester 7\fyp\fyp work\transformer_health_index\data\raw\images\3044.jpg,3,1,1,3,1,1,6,1,1,6,1,1,1,27
E:\anas\uni\semester 7\fyp\fyp work\transformer_health_index\data\raw\images\2472.jpg,3,3,3,1,6,1,3,1,1,6,1,1,1,31
E:\anas\uni\semester 7\fyp\fyp work\transformer_health_index\data\raw\images\2055.jpg,3,1,1,6,1,1,3,1,1,6,1,1,1,27
E:\anas\uni\semester 7\fyp\fyp work\transformer_health_index\data\raw\images\3995.jpg,1,2,3,3,4,2,0,0,1,2,2,4,1,32
E:\anas\uni\semester 7\fyp\fyp work\transformer_health_index\data\raw\images\1327.jpg,1,4,3,3,2,5,4,4,4,2,3,0,5,26
E:\anas\uni\semester 7\fyp\fyp work\transformer_health_index\data\raw\images\1724.jpg,1,1,1,1,1,1,1,1,1,1,1,1,1,13
E:\anas\uni\semester 7\fyp\fyp work\transformer_health_index\data\raw\images\1133.jpg,5,4,1,2,3,2,5,5,1,4,2,0,5,56
E:\anas\uni\semester 7\fyp\fyp work\transformer_health_index\data\raw\images\3814.jpg,1,3,3,3,3,5,3,1,3,1,1,1,6,30
E:\anas\uni\semester 7\fyp\fyp work\transformer_health_index\data\raw\images\1746.jpg,1,1,1,1,1,1,1,1,1,1,1,1,1,13
E:\anas\uni\semester 7\fyp\fyp work\transformer_health_index\data\raw\images\1556.jpg,0,3,4,2,5,2,0,3,4,3,0,4,2,38
E:\anas\uni\semester 7\fyp\fyp work\transformer_health_index\data\raw\images\1669.jpg,3,3,3,6,1,1,3,1,1,6,1,1,1,31
E:\anas\uni\semester 7\fyp\fyp work\transformer_health_index\data\raw\images\4916.jpg,3,2,3,3,2,2,1,4,0,1,2,3,2,13
E:\anas\uni\semester 7\fyp\fyp work\transformer_health_index\data\raw\images\4969.jpg,4,0,1,2,3,3,0,5,3,0,3,1,5,54
E:\anas\uni\semester 7\fyp\fyp work\transformer_health_index\data\raw\images\466.jpg,1,3,3,3,3,5,3,1,3,1,1,1,6,35
E:\anas\uni\semester 7\fyp\fyp work\transformer_health_index\data\raw\images\1003.jpg,2,3,3,2,4,3,0,3,0,2,1,4,2,13
E:\anas\uni\semester 7\fyp\fyp work\transformer_health_index\data\raw\images\1240.jpg,5,3,4,2,3,2,5,1,0,2,4,2,2,46
E:\anas\uni\semester 7\fyp\fyp work\transformer_health_index\data\raw\images\1032.jpg,4,0,3,4,3,4,5,0,0,0,3,5,5,43
E:\anas\uni\semester 7\fyp\fyp work\transformer_health_index\data\raw\images\3472.jpg,3,1,1,1,1,1,6,1,1,6,1,1,1,25
E:\anas\uni\semester 7\fyp\fyp work\transformer_health_index\data\raw\images\2909.jpg,3,3,1,6,6,1,3,1,1,6,1,1,1,34
E:\anas\uni\semester 7\fyp\fyp work\transformer_health_index\data\raw\images\3438.jpg,3,1,1,1,1,1,6,1,1,6,1,1,1,25
E:\anas\uni\semester 7\fyp\fyp work\transformer_health_index\data\raw\images\2420.jpg,3,1,1,6,1,1,3,1,1,6,1,1,1,27
E:\anas\uni\semester 7\fyp\fyp work\transformer_health_index\data\raw\images\2305.jpg,3,3,3,1,6,1,6,1,1,6,1,1,1,34
E:\anas\uni\semester 7\fyp\fyp work\transformer_health_index\data\raw\images\4993.jpg,4,3,1,4,5,3,2,5,0,5,1,5,5,33
E:\anas\uni\semester 7\fyp\fyp work\transformer_health_index\data\raw\images\1173.jpg,3,0,4,0,3,5,4,4,4,0,4,4,3,23
E:\anas\uni\semester 7\fyp\fyp work\transformer_health_index\data\raw\images\4289.jpg,5,4,2,2,2,5,3,3,0,3,5,4,5,16
E:\anas\uni\semester 7\fyp\fyp work\transformer_health_index\data\raw\images\3106.jpg,3,1,1,1,1,1,6,1,1,6,1,1,1,25
E:\anas\uni\semester 7\fyp\fyp work\transformer_health_index\data\raw\images\4500.jpg,5,4,3,1,5,0,3,1,2,4,3,3,3,16
E:\anas\uni\semester 7\fyp\fyp work\transformer_health_index\data\raw\images\1934.jpg,3,1,1,6,1,1,3,1,1,6,1,1,1,27
E:\anas\uni\semester 7\fyp\fyp work\transformer_health_index\data\raw\images\53.jpg,4,1,1,1,3,3,3,1,1,4,2,4,1,29
E:\anas\uni\semester 7\fyp\fyp work\transformer_health_index\data\raw\images\29.jpg,1,1,3,3,3,5,3,1,3,3,2,6,6,28
E:\anas\uni\semester 7\fyp\fyp work\transformer_health_index\data\raw\images\2102.jpg,3,1,1,6,1,1,3,1,1,6,1,1,1,27
E:\anas\uni\semester 7\fyp\fyp work\transformer_health_index\data\raw\images\904.jpg,1,1,1,4,2,3,2,2,4,0,4,1,5,29
E:\anas\uni\semester 7\fyp\fyp work\transformer_health_index\data\raw\images\4859.jpg,3,3,1,0,1,4,2,3,2,5,3,3,3,12
E:\anas\uni\semester 7\fyp\fyp work\transformer_health_index\data\raw\images\4234.jpg,5,3,2,2,3,1,4,1,5,0,3,5,5,33
E:\anas\uni\semester 7\fyp\fyp work\transformer_health_index\data\raw\images\3220.jpg,3,1,1,1,1,1,6,1,1,6,1,1,1,25
E:\anas\uni\semester 7\fyp\fyp work\transformer_health_index\data\raw\images\3410.jpg,3,1,1,1,1,1,6,1,1,6,1,1,1,25
E:\anas\uni\semester 7\fyp\fyp work\transformer_health_index\data\raw\images\3701.jpg,1,3,3,3,3,5,3,1,3,1,1,1,6,30
E:\anas\uni\semester 7\fyp\fyp work\transformer_health_index\data\raw\images\4909.jpg,4,2,4,2,3,5,4,4,0,3,0,3,5,55
E:\anas\uni\semester 7\fyp\fyp work\transformer_health_index\data\raw\images\1398.jpg,4,4,1,5,1,2,2,5,1,3,0,1,1,59
E:\anas\uni\semester 7\fyp\fyp work\transformer_health_index\data\raw\images\2984.jpg,1,1,1,1,1,1,1,1,1,6,1,1,1,18
E:\anas\uni\semester 7\fyp\fyp work\transformer_health_index\data\raw\images\978.jpg,2,2,0,3,3,1,2,0,0,4,0,2,4,55
E:\anas\uni\semester 7\fyp\fyp work\transformer_health_index\data\raw\images\172.jpg,4,1,1,1,3,3,3,1,1,4,2,4,6,35
E:\anas\uni\semester 7\fyp\fyp work\transformer_health_index\data\raw\images\3706.jpg,1,3,3,3,3,5,3,1,3,1,1,1,6,30
E:\anas\uni\semester 7\fyp\fyp work\transformer_health_index\data\raw\images\4889.jpg,5,3,5,1,5,3,1,3,0,1,1,0,1,46
E:\anas\uni\semester 7\fyp\fyp work\transformer_health_index\data\raw\images\2444.jpg,3,3,3,1,6,1,3,1,1,6,1,1,1,31
E:\anas\uni\semester 7\fyp\fyp work\transformer_health_index\data\raw\images\5107.jpg,3,1,1,0,5,1,4,3,2,5,0,0,0,46
E:\anas\uni\semester 7\fyp\fyp work\transformer_health_index\data\raw\images\2242.jpg,3,1,1,6,1,1,3,1,1,6,1,1,1,27
E:\anas\uni\semester 7\fyp\fyp work\transformer_health_index\data\raw\images\2473.jpg,3,3,3,1,6,1,3,1,1,6,1,1,1,31
E:\anas\uni\semester 7\fyp\fyp work\transformer_health_index\data\raw\images\1544.jpg,2,4,2,3,1,0,3,5,1,0,0,0,5,50
E:\anas\uni\semester 7\fyp\fyp work\transformer_health_index\data\raw\images\4589.jpg,4,4,5,0,1,1,1,0,5,0,5,2,1,22
E:\anas\uni\semester 7\fyp\fyp work\transformer_health_index\data\raw\images\3236.jpg,3,1,1,1,1,1,6,1,1,6,1,1,1,25
E:\anas\uni\semester 7\fyp\fyp work\transformer_health_index\data\raw\images\204.jpg,4,3,3,3,3,3,3,3,3,4,2,4,6,40
E:\anas\uni\semester 7\fyp\fyp work\transformer_health_index\data\raw\images\2084.jpg,3,1,1,1,6,1,3,1,1,6,1,1,1,27
E:\anas\uni\semester 7\fyp\fyp work\transformer_health_index\data\raw\images\1778.jpg,1,1,1,1,1,1,1,1,1,1,1,1,1,13
E:\anas\uni\semester 7\fyp\fyp work\transformer_health_index\data\raw\images\4029.jpg,3,3,2,2,2,3,1,2,3,4,2,0,4,57
E:\anas\uni\semester 7\fyp\fyp work\transformer_health_index\data\raw\images\1627.jpg,3,3,3,6,1,1,3,1,1,6,1,1,1,31
E:\anas\uni\semester 7\fyp\fyp work\transformer_health_index\data\raw\images\2105.jpg,3,1,1,6,1,1,3,1,1,6,1,1,1,27
E:\anas\uni\semester 7\fyp\fyp work\transformer_health_index\data\raw\images\737.jpg,2,3,3,2,0,3,3,0,2,4,4,2,2,39
E:\anas\uni\semester 7\fyp\fyp work\transformer_health_index\data\raw\images\627.jpg,1,2,1,1,3,3,3,1,1,1,1,1,3,22
E:\anas\uni\semester 7\fyp\fyp work\transformer_health_index\data\raw\images\2180.jpg,3,3,1,3,6,1,3,1,1,6,1,1,1,31
E:\anas\uni\semester 7\fyp\fyp work\transformer_health_index\data\raw\images\3225.jpg,3,1,1,1,1,1,6,1,1,6,1,1,1,25
E:\anas\uni\semester 7\fyp\fyp work\transformer_health_index\data\raw\images\1084.jpg,0,3,0,2,1,0,3,5,4,5,1,2,1,24
E:\anas\uni\semester 7\fyp\fyp work\transformer_health_index\data\raw\images\2683.jpg,3,1,1,6,6,1,6,1,1,6,1,1,1,35
E:\anas\uni\semester 7\fyp\fyp work\transformer_health_index\data\raw\images\933.jpg,3,2,5,2,0,4,1,5,0,3,1,0,3,14
E:\anas\uni\semester 7\fyp\fyp work\transformer_health_index\data\raw\images\2589.jpg,3,1,1,6,1,1,3,1,1,6,1,1,1,27
E:\anas\uni\semester 7\fyp\fyp work\transformer_health_index\data\raw\images\4331.jpg,5,1,0,5,5,5,2,1,2,0,3,5,4,15
E:\anas\uni\semester 7\fyp\fyp work\transformer_health_index\data\raw\images\3111.jpg,3,1,1,1,1,1,6,1,1,6,1,1,1,25
E:\anas\uni\semester 7\fyp\fyp work\transformer_health_index\data\raw\images\2290.jpg,3,3,3,1,6,1,6,1,1,6,1,1,1,34
E:\anas\uni\semester 7\fyp\fyp work\transformer_health_index\data\raw\images\4278.jpg,3,3,1,4,3,2,2,2,5,2,4,5,5,28
E:\anas\uni\semester 7\fyp\fyp work\transformer_health_index\data\raw\images\3.jpg,1,1,3,3,3,5,3,1,3,3,2,6,6,28
E:\anas\uni\semester 7\fyp\fyp work\transformer_health_index\data\raw\images\3099.jpg,3,1,1,1,1,1,6,1,1,6,1,1,1,25
E:\anas\uni\semester 7\fyp\fyp work\transformer_health_index\data\raw\images\2112.jpg,3,1,1,6,1,1,3,1,1,6,1,1,1,27
E:\anas\uni\semester 7\fyp\fyp work\transformer_health_index\data\raw\images\1951.jpg,3,1,1,6,1,1,3,1,1,6,1,1,1,27
E:\anas\uni\semester 7\fyp\fyp work\transformer_health_index\data\raw\images\2498.jpg,3,3,3,1,6,1,3,1,1,6,1,1,1,31
E:\anas\uni\semester 7\fyp\fyp work\transformer_health_index\data\raw\images\4615.jpg,3,4,5,4,1,3,3,3,2,4,3,3,1,27
E:\anas\uni\semester 7\fyp\fyp work\transformer_health_index\data\raw\images\2263.jpg,3,1,1,6,1,1,6,1,1,6,1,1,1,30
E:\anas\uni\semester 7\fyp\fyp work\transformer_health_index\data\raw\images\3752.jpg,1,1,3,3,4,5,3,1,3,1,1,1,6,28
E:\anas\uni\semester 7\fyp\fyp work\transformer_health_index\data\raw\images\1878.jpg,3,1,1,6,6,1,3,1,1,6,1,1,1,32
E:\anas\uni\semester 7\fyp\fyp work\transformer_health_index\data\raw\images\2459.jpg,3,3,3,1,6,1,3,1,1,6,1,1,1,31
E:\anas\uni\semester 7\fyp\fyp work\transformer_health_index\data\raw\images\1677.jpg,3,3,3,6,1,1,3,1,1,6,1,1,1,31
E:\anas\uni\semester 7\fyp\fyp work\transformer_health_index\data\raw\images\891.jpg,2,1,0,4,0,5,1,1,2,1,2,5,4,30
E:\anas\uni\semester 7\fyp\fyp work\transformer_health_index\data\raw\images\1055.jpg,3,2,5,1,2,5,0,4,3,3,5,3,2,18
E:\anas\uni\semester 7\fyp\fyp work\transformer_health_index\data\raw\images\3401.jpg,3,1,1,1,1,1,3,1,1,6,1,1,1,22
E:\anas\uni\semester 7\fyp\fyp work\transformer_health_index\data\raw\images\852.jpg,4,4,3,2,4,0,4,5,1,5,5,2,5,42
E:\anas\uni\semester 7\fyp\fyp work\transformer_health_index\data\raw\images\2645.jpg,3,1,1,6,6,1,3,1,1,6,1,1,1,32
E:\anas\uni\semester 7\fyp\fyp work\transformer_health_index\data\raw\images\3939.jpg,1,2,3,5,1,5,1,2,1,0,1,3,1,58
E:\anas\uni\semester 7\fyp\fyp work\transformer_health_index\data\raw\images\925.jpg,3,2,5,2,0,4,1,5,0,3,1,0,3,14
E:\anas\uni\semester 7\fyp\fyp work\transformer_health_index\data\raw\images\1754.jpg,1,1,1,1,1,1,1,1,1,1,1,1,1,13
E:\anas\uni\semester 7\fyp\fyp work\transformer_health_index\data\raw\images\4666.jpg,2,4,2,5,0,2,0,3,4,5,4,2,4,30
E:\anas\uni\semester 7\fyp\fyp work\transformer_health_index\data\raw\images\2209.jpg,3,1,1,3,1,1,3,1,1,6,1,1,1,24
E:\anas\uni\semester 7\fyp\fyp work\transformer_health_index\data\raw\images\2497.jpg,3,3,3,1,6,1,3,1,1,6,1,1,1,31
E:\anas\uni\semester 7\fyp\fyp work\transformer_health_index\data\raw\images\946.jpg,0,2,3,0,2,0,5,4,2,0,3,3,1,52
E:\anas\uni\semester 7\fyp\fyp work\transformer_health_index\data\raw\images\277.jpg,4,3,3,3,3,3,3,3,3,4,2,4,6,44
E:\anas\uni\semester 7\fyp\fyp work\transformer_health_index\data\raw\images\931.jpg,3,2,5,2,0,4,1,5,0,3,1,0,3,14
E:\anas\uni\semester 7\fyp\fyp work\transformer_health_index\data\raw\images\2354.jpg,3,3,3,6,6,1,6,1,1,6,1,1,1,39
E:\anas\uni\semester 7\fyp\fyp work\transformer_health_index\data\raw\images\5045.jpg,2,5,5,5,0,4,2,2,0,5,3,0,1,21
E:\anas\uni\semester 7\fyp\fyp work\transformer_health_index\data\raw\images\3554.jpg,3,1,1,1,6,1,3,1,1,6,1,1,1,27
E:\anas\uni\semester 7\fyp\fyp work\transformer_health_index\data\raw\images\1946.jpg,3,1,1,6,1,1,3,1,1,6,1,1,1,27
E:\anas\uni\semester 7\fyp\fyp work\transformer_health_index\data\raw\images\3721.jpg,1,3,3,3,3,5,3,1,3,1,1,1,6,30
E:\anas\uni\semester 7\fyp\fyp work\transformer_health_index\data\raw\images\129.jpg,6,3,3,3,3,3,3,3,3,4,2,6,6,48
E:\anas\uni\semester 7\fyp\fyp work\transformer_health_index\data\raw\images\977.jpg,2,2,0,3,3,1,2,0,0,4,0,2,4,55
E:\anas\uni\semester 7\fyp\fyp work\transformer_health_index\data\raw\images\3084.jpg,3,1,1,6,6,1,6,1,1,6,1,1,1,35
E:\anas\uni\semester 7\fyp\fyp work\transformer_health_index\data\raw\images\5160.jpg,5,4,0,2,0,5,3,1,4,1,0,4,1,43
E:\anas\uni\semester 7\fyp\fyp work\transformer_health_index\data\raw\images\3992.jpg,1,2,3,3,4,2,0,0,1,2,2,4,1,32
E:\anas\uni\semester 7\fyp\fyp work\transformer_health_index\data\raw\images\2082.jpg,3,1,1,1,6,1,3,1,1,6,1,1,1,27
E:\anas\uni\semester 7\fyp\fyp work\transformer_health_index\data\raw\images\3394.jpg,3,1,1,1,1,1,3,1,1,6,1,1,1,22
E:\anas\uni\semester 7\fyp\fyp work\transformer_health_index\data\raw\images\1665.jpg,3,3,3,6,1,1,3,1,1,6,1,1,1,31
E:\anas\uni\semester 7\fyp\fyp work\transformer_health_index\data\raw\images\896.jpg,2,1,0,4,0,5,1,1,2,1,2,5,4,30
E:\anas\uni\semester 7\fyp\fyp work\transformer_health_index\data\raw\images\692.jpg,1,2,1,1,3,5,3,1,1,1,1,1,6,27
E:\anas\uni\semester 7\fyp\fyp work\transformer_health_index\data\raw\images\1248.jpg,5,3,4,2,3,2,5,1,0,2,4,2,2,46
E:\anas\uni\semester 7\fyp\fyp work\transformer_health_index\data\raw\images\628.jpg,1,2,1,1,3,3,3,1,1,1,1,1,3,22
E:\anas\uni\semester 7\fyp\fyp work\transformer_health_index\data\raw\images\46.jpg,4,1,1,1,3,3,3,1,1,4,2,4,1,29
E:\anas\uni\semester 7\fyp\fyp work\transformer_health_index\data\raw\images\3686.jpg,1,1,1,1,1,1,3,1,1,6,1,1,1,20
E:\anas\uni\semester 7\fyp\fyp work\transformer_health_index\data\raw\images\4823.jpg,0,4,2,0,2,3,4,5,4,3,5,0,4,14
E:\anas\uni\semester 7\fyp\fyp work\transformer_health_index\data\raw\images\621.jpg,1,2,1,1,3,3,3,1,1,1,1,1,3,22
E:\anas\uni\semester 7\fyp\fyp work\transformer_health_index\data\raw\images\344.jpg,1,1,3,3,3,5,3,1,3,1,1,1,6,28
E:\anas\uni\semester 7\fyp\fyp work\transformer_health_index\data\raw\images\1462.jpg,1,0,3,3,2,4,5,1,0,0,1,5,0,49
E:\anas\uni\semester 7\fyp\fyp work\transformer_health_index\data\raw\images\3870.jpg,1,3,3,3,3,3,3,1,3,1,1,1,6,27
E:\anas\uni\semester 7\fyp\fyp work\transformer_health_index\data\raw\images\2974.jpg,1,1,1,1,1,1,1,1,1,6,1,1,1,18
E:\anas\uni\semester 7\fyp\fyp work\transformer_health_index\data\raw\images\2700.jpg,3,1,1,6,6,1,6,1,1,6,1,1,1,35
E:\anas\uni\semester 7\fyp\fyp work\transformer_health_index\data\raw\images\3267.jpg,3,1,1,6,1,1,6,1,1,6,1,1,1,30
E:\anas\uni\semester 7\fyp\fyp work\transformer_health_index\data\raw\images\739.jpg,2,3,3,2,0,3,3,0,2,4,4,2,2,39
E:\anas\uni\semester 7\fyp\fyp work\transformer_health_index\data\raw\images\2594.jpg,3,1,1,6,1,1,3,1,1,6,1,1,1,27
E:\anas\uni\semester 7\fyp\fyp work\transformer_health_index\data\raw\images\839.jpg,0,5,1,3,0,0,5,1,1,0,0,1,2,28
E:\anas\uni\semester 7\fyp\fyp work\transformer_health_index\data\raw\images\4201.jpg,0,4,5,3,2,3,4,1,0,4,5,3,0,53
E:\anas\uni\semester 7\fyp\fyp work\transformer_health_index\data\raw\images\4003.jpg,1,2,3,3,4,2,0,0,1,2,2,4,1,32
E:\anas\uni\semester 7\fyp\fyp work\transformer_health_index\data\raw\images\4313.jpg,4,4,0,3,1,3,4,1,0,2,4,2,0,45
E:\anas\uni\semester 7\fyp\fyp work\transformer_health_index\data\raw\images\3648.jpg,3,1,1,1,1,1,3,1,1,6,1,1,1,22
E:\anas\uni\semester 7\fyp\fyp work\transformer_health_index\data\raw\images\2056.jpg,3,1,1,6,1,1,3,1,1,6,1,1,1,27
E:\anas\uni\semester 7\fyp\fyp work\transformer_health_index\data\raw\images\5055.jpg,2,5,5,5,0,4,2,2,0,5,3,0,1,21
E:\anas\uni\semester 7\fyp\fyp work\transformer_health_index\data\raw\images\1856.jpg,3,1,1,6,6,1,3,1,1,6,1,1,1,32
E:\anas\uni\semester 7\fyp\fyp work\transformer_health_index\data\raw\images\4751.jpg,0,4,0,0,0,3,2,3,3,0,4,0,3,48
E:\anas\uni\semester 7\fyp\fyp work\transformer_health_index\data\raw\images\510.jpg,1,2,3,3,3,3,3,1,3,1,1,1,6,32
E:\anas\uni\semester 7\fyp\fyp work\transformer_health_index\data\raw\images\3161.jpg,3,1,1,1,1,1,6,1,1,6,1,1,1,25
E:\anas\uni\semester 7\fyp\fyp work\transformer_health_index\data\raw\images\447.jpg,1,1,1,1,3,5,3,1,1,1,1,1,6,26
E:\anas\uni\semester 7\fyp\fyp work\transformer_health_index\data\raw\images\4361.jpg,3,0,1,3,5,0,5,0,3,2,2,4,5,10
E:\anas\uni\semester 7\fyp\fyp work\transformer_health_index\data\raw\images\695.jpg,1,2,3,3,3,5,3,1,3,1,1,1,6,33
E:\anas\uni\semester 7\fyp\fyp work\transformer_health_index\data\raw\images\2705.jpg,3,1,1,6,6,1,6,1,1,6,1,1,1,35
E:\anas\uni\semester 7\fyp\fyp work\transformer_health_index\data\raw\images\5139.jpg,4,0,4,3,3,2,3,5,0,3,3,4,4,57
E:\anas\uni\semester 7\fyp\fyp work\transformer_health_index\data\raw\images\2822.jpg,3,1,1,6,6,1,6,1,1,6,1,1,1,35
E:\anas\uni\semester 7\fyp\fyp work\transformer_health_index\data\raw\images\1843.jpg,3,1,1,1,1,1,5,1,1,1,1,1,1,19
E:\anas\uni\semester 7\fyp\fyp work\transformer_health_index\data\raw\images\5028.jpg,5,3,2,5,3,4,0,2,2,3,3,2,1,17
E:\anas\uni\semester 7\fyp\fyp work\transformer_health_index\data\raw\images\3738.jpg,1,3,3,3,3,5,3,1,3,1,1,1,6,30
E:\anas\uni\semester 7\fyp\fyp work\transformer_health_index\data\raw\images\409.jpg,1,1,1,1,3,5,3,1,1,1,1,1,6,26
E:\anas\uni\semester 7\fyp\fyp work\transformer_health_index\data\raw\images\2515.jpg,3,3,3,1,6,1,3,1,1,6,1,1,1,31
E:\anas\uni\semester 7\fyp\fyp work\transformer_health_index\data\raw\images\5152.jpg,5,4,0,2,0,5,3,1,4,1,0,4,1,43
E:\anas\uni\semester 7\fyp\fyp work\transformer_health_index\data\raw\images\807.jpg,4,0,5,4,2,5,0,0,5,3,3,3,5,53
E:\anas\uni\semester 7\fyp\fyp work\transformer_health_index\data\raw\images\2332.jpg,3,3,3,1,6,1,1,1,1,6,1,1,1,29
E:\anas\uni\semester 7\fyp\fyp work\transformer_health_index\data\raw\images\4694.jpg,2,2,3,1,4,0,4,0,1,0,1,3,3,43
E:\anas\uni\semester 7\fyp\fyp work\transformer_health_index\data\raw\images\3835.jpg,1,3,3,3,3,5,3,1,3,1,1,1,6,30
E:\anas\uni\semester 7\fyp\fyp work\transformer_health_index\data\raw\images\1410.jpg,3,0,5,3,0,1,1,1,1,3,4,1,1,16
E:\anas\uni\semester 7\fyp\fyp work\transformer_health_index\data\raw\images\2147.jpg,3,1,1,6,1,1,3,1,1,6,1,1,1,27
E:\anas\uni\semester 7\fyp\fyp work\transformer_health_index\data\raw\images\2585.jpg,3,1,1,6,1,1,3,1,1,6,1,1,1,27
E:\anas\uni\semester 7\fyp\fyp work\transformer_health_index\data\raw\images\3935.jpg,1,2,3,5,1,5,1,2,1,0,1,3,1,58
E:\anas\uni\semester 7\fyp\fyp work\transformer_health_index\data\raw\images\1531.jpg,2,4,0,3,4,2,0,0,5,3,0,0,3,11
E:\anas\uni\semester 7\fyp\fyp work\transformer_health_index\data\raw\images\5140.jpg,4,0,4,3,3,2,3,5,0,3,3,4,4,57
E:\anas\uni\semester 7\fyp\fyp work\transformer_health_index\data\raw\images\924.jpg,1,1,1,4,2,3,2,2,4,0,4,1,5,29
E:\anas\uni\semester 7\fyp\fyp work\transformer_health_index\data\raw\images\2480.jpg,3,3,3,1,6,1,3,1,1,6,1,1,1,31
E:\anas\uni\semester 7\fyp\fyp work\transformer_health_index\data\raw\images\79.jpg,4,1,1,1,3,3,3,1,1,4,2,4,1,29
E:\anas\uni\semester 7\fyp\fyp work\transformer_health_index\data\raw\images\326.jpg,1,1,3,3,3,5,3,1,3,1,1,1,6,28
E:\anas\uni\semester 7\fyp\fyp work\transformer_health_index\data\raw\images\1329.jpg,1,4,3,3,2,5,4,4,4,2,3,0,5,26
E:\anas\uni\semester 7\fyp\fyp work\transformer_health_index\data\raw\images\4723.jpg,1,1,1,3,5,5,3,0,4,1,2,5,1,13
E:\anas\uni\semester 7\fyp\fyp work\transformer_health_index\data\raw\images\4542.jpg,5,4,4,1,1,1,0,2,4,5,5,5,4,11
E:\anas\uni\semester 7\fyp\fyp work\transformer_health_index\data\raw\images\3104.jpg,3,1,1,1,1,1,6,1,1,6,1,1,1,25
E:\anas\uni\semester 7\fyp\fyp work\transformer_health_index\data\raw\images\4491.jpg,0,5,1,5,0,0,0,0,0,5,1,4,1,16
E:\anas\uni\semester 7\fyp\fyp work\transformer_health_index\data\raw\images\4648.jpg,3,0,5,0,2,1,3,2,3,2,5,3,2,60
E:\anas\uni\semester 7\fyp\fyp work\transformer_health_index\data\raw\images\4108.jpg,2,4,3,2,3,3,3,3,5,5,3,4,1,40
E:\anas\uni\semester 7\fyp\fyp work\transformer_health_index\data\raw\images\4708.jpg,1,1,1,3,5,5,3,0,4,1,2,5,1,13
E:\anas\uni\semester 7\fyp\fyp work\transformer_health_index\data\raw\images\4698.jpg,2,2,3,1,4,0,4,0,1,0,1,3,3,43
E:\anas\uni\semester 7\fyp\fyp work\transformer_health_index\data\raw\images\4610.jpg,3,4,5,4,1,3,3,3,2,4,3,3,1,27
E:\anas\uni\semester 7\fyp\fyp work\transformer_health_index\data\raw\images\496.jpg,1,2,1,1,3,3,3,1,1,1,1,1,3,22
E:\anas\uni\semester 7\fyp\fyp work\transformer_health_index\data\raw\images\2264.jpg,3,1,1,6,1,1,6,1,1,6,1,1,1,30
E:\anas\uni\semester 7\fyp\fyp work\transformer_health_index\data\raw\images\4414.jpg,5,3,4,0,2,1,3,4,0,4,3,4,2,45
E:\anas\uni\semester 7\fyp\fyp work\transformer_health_index\data\raw\images\3932.jpg,1,2,3,5,1,5,1,2,1,0,1,3,1,58
E:\anas\uni\semester 7\fyp\fyp work\transformer_health_index\data\raw\images\3141.jpg,3,1,1,1,1,1,6,1,1,6,1,1,1,25
E:\anas\uni\semester 7\fyp\fyp work\transformer_health_index\data\raw\images\1833.jpg,3,1,1,1,1,1,5,1,1,1,1,1,1,19
E:\anas\uni\semester 7\fyp\fyp work\transformer_health_index\data\raw\images\895.jpg,2,1,0,4,0,5,1,1,2,1,2,5,4,30
E:\anas\uni\semester 7\fyp\fyp work\transformer_health_index\data\raw\images\3318.jpg,3,1,1,1,1,1,6,1,1,6,1,1,1,25
E:\anas\uni\semester 7\fyp\fyp work\transformer_health_index\data\raw\images\2792.jpg,3,1,1,6,6,1,6,1,1,6,1,1,1,35
E:\anas\uni\semester 7\fyp\fyp work\transformer_health_index\data\raw\images\1784.jpg,1,1,1,1,1,1,1,1,1,1,1,1,1,13
E:\anas\uni\semester 7\fyp\fyp work\transformer_health_index\data\raw\images\3897.jpg,4,1,4,4,5,0,0,2,3,1,1,2,2,45
E:\anas\uni\semester 7\fyp\fyp work\transformer_health_index\data\raw\images\3694.jpg,1,1,1,1,1,1,3,1,1,6,1,1,1,20
E:\anas\uni\semester 7\fyp\fyp work\transformer_health_index\data\raw\images\3599.jpg,3,1,1,1,1,1,3,1,1,6,1,1,1,22
E:\anas\uni\semester 7\fyp\fyp work\transformer_health_index\data\raw\images\2831.jpg,3,1,1,6,6,1,6,1,1,6,1,1,1,35
E:\anas\uni\semester 7\fyp\fyp work\transformer_health_index\data\raw\images\2770.jpg,3,1,1,6,6,1,6,1,1,6,1,1,1,35
E:\anas\uni\semester 7\fyp\fyp work\transformer_health_index\data\raw\images\3353.jpg,3,1,1,1,1,1,6,1,1,6,1,1,1,25
E:\anas\uni\semester 7\fyp\fyp work\transformer_health_index\data\raw\images\4953.jpg,4,1,2,3,1,4,1,0,5,2,2,2,5,34
E:\anas\uni\semester 7\fyp\fyp work\transformer_health_index\data\raw\images\4748.jpg,0,4,0,0,0,3,2,3,3,0,4,0,3,48
E:\anas\uni\semester 7\fyp\fyp work\transformer_health_index\data\raw\images\442.jpg,1,1,1,1,3,5,3,1,1,1,1,1,6,26
E:\anas\uni\semester 7\fyp\fyp work\transformer_health_index\data\raw\images\2567.jpg,1,1,1,1,1,1,1,1,1,6,1,1,1,18
E:\anas\uni\semester 7\fyp\fyp work\transformer_health_index\data\raw\images\3565.jpg,3,1,1,1,6,1,3,1,1,6,1,1,1,27
E:\anas\uni\semester 7\fyp\fyp work\transformer_health_index\data\raw\images\3088.jpg,3,1,1,1,1,1,6,1,1,6,1,1,1,25
E:\anas\uni\semester 7\fyp\fyp work\transformer_health_index\data\raw\images\4161.jpg,3,0,0,5,2,0,4,1,2,4,5,2,1,34
E:\anas\uni\semester 7\fyp\fyp work\transformer_health_index\data\raw\images\4697.jpg,2,2,3,1,4,0,4,0,1,0,1,3,3,43
E:\anas\uni\semester 7\fyp\fyp work\transformer_health_index\data\raw\images\1196.jpg,0,4,5,2,5,2,0,4,3,5,0,2,0,43
E:\anas\uni\semester 7\fyp\fyp work\transformer_health_index\data\raw\images\503.jpg,1,2,1,1,3,3,3,1,1,1,1,1,3,22
E:\anas\uni\semester 7\fyp\fyp work\transformer_health_index\data\raw\images\654.jpg,1,2,1,1,3,5,3,1,1,1,1,1,6,27
E:\anas\uni\semester 7\fyp\fyp work\transformer_health_index\data\raw\images\1569.jpg,0,3,4,2,5,2,0,3,4,3,0,4,2,38
E:\anas\uni\semester 7\fyp\fyp work\transformer_health_index\data\raw\images\4532.jpg,0,4,1,1,0,4,4,4,5,2,3,4,4,34
E:\anas\uni\semester 7\fyp\fyp work\transformer_health_index\data\raw\images\3804.jpg,1,3,3,3,3,5,3,1,3,1,1,1,6,30
E:\anas\uni\semester 7\fyp\fyp work\transformer_health_index\data\raw\images\4609.jpg,3,4,5,4,1,3,3,3,2,4,3,3,1,27
E:\anas\uni\semester 7\fyp\fyp work\transformer_health_index\data\raw\images\538.jpg,1,2,3,3,3,3,3,1,3,1,1,1,6,32
E:\anas\uni\semester 7\fyp\fyp work\transformer_health_index\data\raw\images\3957.jpg,4,1,2,1,2,5,3,3,4,5,1,4,0,48
E:\anas\uni\semester 7\fyp\fyp work\transformer_health_index\data\raw\images\3970.jpg,5,4,4,4,5,5,1,2,2,2,5,1,2,55
E:\anas\uni\semester 7\fyp\fyp work\transformer_health_index\data\raw\images\2869.jpg,3,1,1,6,6,1,6,1,1,6,1,1,1,35
E:\anas\uni\semester 7\fyp\fyp work\transformer_health_index\data\raw\images\458.jpg,1,1,1,1,3,5,3,1,1,1,1,1,6,26
E:\anas\uni\semester 7\fyp\fyp work\transformer_health_index\data\raw\images\4827.jpg,0,4,2,0,2,3,4,5,4,3,5,0,4,14
E:\anas\uni\semester 7\fyp\fyp work\transformer_health_index\data\raw\images\3985.jpg,5,4,4,4,5,5,1,2,2,2,5,1,2,55
E:\anas\uni\semester 7\fyp\fyp work\transformer_health_index\data\raw\images\1224.jpg,3,1,2,3,3,0,2,0,0,3,3,5,4,20
E:\anas\uni\semester 7\fyp\fyp work\transformer_health_index\data\raw\images\1289.jpg,0,4,0,2,3,3,0,3,5,2,5,3,1,32
E:\anas\uni\semester 7\fyp\fyp work\transformer_health_index\data\raw\images\4513.jpg,5,4,3,1,5,0,3,1,2,4,3,3,3,16
E:\anas\uni\semester 7\fyp\fyp work\transformer_health_index\data\raw\images\2519.jpg,3,3,3,1,6,1,3,1,1,6,1,1,1,31
E:\anas\uni\semester 7\fyp\fyp work\transformer_health_index\data\raw\images\1510.jpg,3,0,3,2,4,1,0,4,5,5,1,1,3,55
E:\anas\uni\semester 7\fyp\fyp work\transformer_health_index\data\raw\images\4473.jpg,0,4,5,2,0,3,2,2,2,2,2,1,5,25
E:\anas\uni\semester 7\fyp\fyp work\transformer_health_index\data\raw\images\2664.jpg,3,1,1,6,6,1,6,1,1,6,1,1,1,35
E:\anas\uni\semester 7\fyp\fyp work\transformer_health_index\data\raw\images\484.jpg,1,2,1,1,3,3,3,1,1,1,1,1,3,22
E:\anas\uni\semester 7\fyp\fyp work\transformer_health_index\data\raw\images\3844.jpg,1,3,3,3,3,5,3,1,3,1,1,1,6,30
E:\anas\uni\semester 7\fyp\fyp work\transformer_health_index\data\raw\images\3402.jpg,3,1,1,1,1,1,3,1,1,6,1,1,1,22
E:\anas\uni\semester 7\fyp\fyp work\transformer_health_index\data\raw\images\70.jpg,4,1,1,1,3,3,3,1,1,4,2,4,1,29
E:\anas\uni\semester 7\fyp\fyp work\transformer_health_index\data\raw\images\3798.jpg,1,2,1,1,3,3,3,1,1,1,1,1,3,22
E:\anas\uni\semester 7\fyp\fyp work\transformer_health_index\data\raw\images\4087.jpg,2,0,1,5,4,1,5,2,0,5,4,4,5,54
E:\anas\uni\semester 7\fyp\fyp work\transformer_health_index\data\raw\images\275.jpg,4,3,3,3,3,3,3,3,3,4,2,4,6,44
E:\anas\uni\semester 7\fyp\fyp work\transformer_health_index\data\raw\images\4587.jpg,4,4,5,0,1,1,1,0,5,0,5,2,1,22
E:\anas\uni\semester 7\fyp\fyp work\transformer_health_index\data\raw\images\2508.jpg,3,3,3,1,6,1,3,1,1,6,1,1,1,31
E:\anas\uni\semester 7\fyp\fyp work\transformer_health_index\data\raw\images\2597.jpg,3,1,1,6,1,1,3,1,1,6,1,1,1,27
E:\anas\uni\semester 7\fyp\fyp work\transformer_health_index\data\raw\images\3548.jpg,3,1,1,1,1,1,3,1,1,6,1,1,1,22
E:\anas\uni\semester 7\fyp\fyp work\transformer_health_index\data\raw\images\3744.jpg,1,1,3,3,4,5,3,1,3,1,1,1,6,28
E:\anas\uni\semester 7\fyp\fyp work\transformer_health_index\data\raw\images\1551.jpg,2,4,2,3,1,0,3,5,1,0,0,0,5,50
E:\anas\uni\semester 7\fyp\fyp work\transformer_health_index\data\raw\images\4000.jpg,1,2,3,3,4,2,0,0,1,2,2,4,1,32
E:\anas\uni\semester 7\fyp\fyp work\transformer_health_index\data\raw\images\1029.jpg,3,4,3,2,3,4,3,2,2,2,0,4,2,29
E:\anas\uni\semester 7\fyp\fyp work\transformer_health_index\data\raw\images\1252.jpg,5,3,4,2,3,2,5,1,0,2,4,2,2,46
E:\anas\uni\semester 7\fyp\fyp work\transformer_health_index\data\raw\images\381.jpg,1,1,1,1,3,5,3,1,1,1,1,1,6,26
E:\anas\uni\semester 7\fyp\fyp work\transformer_health_index\data\raw\images\3456.jpg,3,1,1,1,1,1,6,1,1,6,1,1,1,25
E:\anas\uni\semester 7\fyp\fyp work\transformer_health_index\data\raw\images\183.jpg,4,1,1,1,3,3,3,1,1,4,2,4,6,35
E:\anas\uni\semester 7\fyp\fyp work\transformer_health_index\data\raw\images\934.jpg,3,2,5,2,0,4,1,5,0,3,1,0,3,14
E:\anas\uni\semester 7\fyp\fyp work\transformer_health_index\data\raw\images\3471.jpg,3,1,1,1,1,1,6,1,1,6,1,1,1,25
E:\anas\uni\semester 7\fyp\fyp work\transformer_health_index\data\raw\images\1183.jpg,0,4,5,2,5,2,0,4,3,5,0,2,0,43
E:\anas\uni\semester 7\fyp\fyp work\transformer_health_index\data\raw\images\2951.jpg,3,3,3,1,6,1,3,1,1,6,1,1,1,31
E:\anas\uni\semester 7\fyp\fyp work\transformer_health_index\data\raw\images\1260.jpg,5,3,4,2,3,2,5,1,0,2,4,2,2,46
E:\anas\uni\semester 7\fyp\fyp work\transformer_health_index\data\raw\images\814.jpg,4,0,5,4,2,5,0,0,5,3,3,3,5,53
E:\anas\uni\semester 7\fyp\fyp work\transformer_health_index\data\raw\images\3815.jpg,1,3,3,3,3,5,3,1,3,1,1,1,6,30
E:\anas\uni\semester 7\fyp\fyp work\transformer_health_index\data\raw\images\3233.jpg,3,1,1,1,1,1,6,1,1,6,1,1,1,25
E:\anas\uni\semester 7\fyp\fyp work\transformer_health_index\data\raw\images\4974.jpg,4,0,1,2,3,3,0,5,3,0,3,1,5,54
E:\anas\uni\semester 7\fyp\fyp work\transformer_health_index\data\raw\images\1637.jpg,3,3,3,6,1,1,3,1,1,6,1,1,1,31
E:\anas\uni\semester 7\fyp\fyp work\transformer_health_index\data\raw\images\1965.jpg,3,1,1,6,1,1,3,1,1,6,1,1,1,27
E:\anas\uni\semester 7\fyp\fyp work\transformer_health_index\data\raw\images\4193.jpg,3,1,0,0,3,2,3,0,4,4,3,2,3,24
E:\anas\uni\semester 7\fyp\fyp work\transformer_health_index\data\raw\images\5056.jpg,2,5,5,5,0,4,2,2,0,5,3,0,1,21
E:\anas\uni\semester 7\fyp\fyp work\transformer_health_index\data\raw\images\2879.jpg,3,1,1,6,6,1,6,1,1,6,1,1,1,35
E:\anas\uni\semester 7\fyp\fyp work\transformer_health_index\data\raw\images\1615.jpg,1,1,1,1,1,1,1,1,1,1,1,1,1,13
E:\anas\uni\semester 7\fyp\fyp work\transformer_health_index\data\raw\images\3786.jpg,1,2,1,1,3,3,3,1,1,1,1,1,3,22
E:\anas\uni\semester 7\fyp\fyp work\transformer_health_index\data\raw\images\4488.jpg,0,5,1,5,0,0,0,0,0,5,1,4,1,16
E:\anas\uni\semester 7\fyp\fyp work\transformer_health_index\data\raw\images\5164.jpg,5,4,0,2,0,5,3,1,4,1,0,4,1,43
E:\anas\uni\semester 7\fyp\fyp work\transformer_health_index\data\raw\images\4426.jpg,5,3,4,0,2,1,3,4,0,4,3,4,2,45
E:\anas\uni\semester 7\fyp\fyp work\transformer_health_index\data\raw\images\735.jpg,1,2,3,3,3,5,3,1,3,1,1,1,6,33
E:\anas\uni\semester 7\fyp\fyp work\transformer_health_index\data\raw\images\511.jpg,1,2,3,3,3,3,3,1,3,1,1,1,6,32
E:\anas\uni\semester 7\fyp\fyp work\transformer_health_index\data\raw\images\4215.jpg,0,4,5,3,2,3,4,1,0,4,5,3,0,53
E:\anas\uni\semester 7\fyp\fyp work\transformer_health_index\data\raw\images\1338.jpg,1,4,3,3,2,5,4,4,4,2,3,0,5,26
E:\anas\uni\semester 7\fyp\fyp work\transformer_health_index\data\raw\images\391.jpg,1,1,1,1,3,5,3,1,1,1,1,1,6,26
E:\anas\uni\semester 7\fyp\fyp work\transformer_health_index\data\raw\images\1009.jpg,3,4,3,2,3,4,3,2,2,2,0,4,2,29
E:\anas\uni\semester 7\fyp\fyp work\transformer_health_index\data\raw\images\2575.jpg,1,1,1,1,1,1,1,1,1,6,1,1,1,18
E:\anas\uni\semester 7\fyp\fyp work\transformer_health_index\data\raw\images\4565.jpg,1,5,5,0,1,4,0,4,1,5,1,1,4,26
E:\anas\uni\semester 7\fyp\fyp work\transformer_health_index\data\raw\images\791.jpg,2,0,5,1,1,3,5,0,4,4,3,2,1,47
E:\anas\uni\semester 7\fyp\fyp work\transformer_health_index\data\raw\images\1715.jpg,1,1,1,1,1,1,1,1,1,1,1,1,1,13
E:\anas\uni\semester 7\fyp\fyp work\transformer_health_index\data\raw\images\3416.jpg,3,1,1,1,1,1,6,1,1,6,1,1,1,25
E:\anas\uni\semester 7\fyp\fyp work\transformer_health_index\data\raw\images\1726.jpg,1,1,1,1,1,1,1,1,1,1,1,1,1,13
E:\anas\uni\semester 7\fyp\fyp work\transformer_health_index\data\raw\images\3050.jpg,3,1,1,1,1,1,6,1,1,6,1,1,1,25
E:\anas\uni\semester 7\fyp\fyp work\transformer_health_index\data\raw\images\2361.jpg,3,3,3,6,6,1,6,1,1,6,1,1,1,39
E:\anas\uni\semester 7\fyp\fyp work\transformer_health_index\data\raw\images\1389.jpg,4,4,1,5,1,2,2,5,1,3,0,1,1,59
E:\anas\uni\semester 7\fyp\fyp work\transformer_health_index\data\raw\images\4671.jpg,2,4,2,5,0,2,0,3,4,5,4,2,4,30
E:\anas\uni\semester 7\fyp\fyp work\transformer_health_index\data\raw\images\2293.jpg,3,3,3,1,6,1,6,1,1,6,1,1,1,34
E:\anas\uni\semester 7\fyp\fyp work\transformer_health_index\data\raw\images\3012.jpg,3,1,1,3,1,1,6,1,1,6,1,1,1,27
E:\anas\uni\semester 7\fyp\fyp work\transformer_health_index\data\raw\images\1610.jpg,1,1,1,1,1,1,1,1,1,1,1,1,1,13
E:\anas\uni\semester 7\fyp\fyp work\transformer_health_index\data\raw\images\4211.jpg,0,4,5,3,2,3,4,1,0,4,5,3,0,53
E:\anas\uni\semester 7\fyp\fyp work\transformer_health_index\data\raw\images\4586.jpg,4,4,5,0,1,1,1,0,5,0,5,2,1,22
E:\anas\uni\semester 7\fyp\fyp work\transformer_health_index\data\raw\images\4151.jpg,1,2,2,2,4,4,2,3,3,5,2,1,5,39
E:\anas\uni\semester 7\fyp\fyp work\transformer_health_index\data\raw\images\2482.jpg,3,3,3,1,6,1,3,1,1,6,1,1,1,31
E:\anas\uni\semester 7\fyp\fyp work\transformer_health_index\data\raw\images\197.jpg,4,3,3,3,3,3,3,3,3,4,2,4,6,40
E:\anas\uni\semester 7\fyp\fyp work\transformer_health_index\data\raw\images\1076.jpg,0,3,0,2,1,0,3,5,4,5,1,2,1,24
E:\anas\uni\semester 7\fyp\fyp work\transformer_health_index\data\raw\images\956.jpg,0,2,3,0,2,0,5,4,2,0,3,3,1,52
E:\anas\uni\semester 7\fyp\fyp work\transformer_health_index\data\raw\images\1223.jpg,3,1,2,3,3,0,2,0,0,3,3,5,4,20
E:\anas\uni\semester 7\fyp\fyp work\transformer_health_index\data\raw\images\125.jpg,6,3,3,3,3,3,3,3,3,4,2,6,6,48
E:\anas\uni\semester 7\fyp\fyp work\transformer_health_index\data\raw\images\786.jpg,2,0,5,1,1,3,5,0,4,4,3,2,1,47
E:\anas\uni\semester 7\fyp\fyp work\transformer_health_index\data\raw\images\600.jpg,1,2,1,1,3,5,3,1,1,1,1,1,6,27
E:\anas\uni\semester 7\fyp\fyp work\transformer_health_index\data\raw\images\3715.jpg,1,3,3,3,3,5,3,1,3,1,1,1,6,30
E:\anas\uni\semester 7\fyp\fyp work\transformer_health_index\data\raw\images\1517.jpg,2,4,0,3,4,2,0,0,5,3,0,0,3,11
E:\anas\uni\semester 7\fyp\fyp work\transformer_health_index\data\raw\images\2595.jpg,3,1,1,6,1,1,3,1,1,6,1,1,1,27
E:\anas\uni\semester 7\fyp\fyp work\transformer_health_index\data\raw\images\4191.jpg,3,1,0,0,3,2,3,0,4,4,3,2,3,24
E:\anas\uni\semester 7\fyp\fyp work\transformer_health_index\data\raw\images\1302.jpg,0,4,0,2,3,3,0,3,5,2,5,3,1,32
E:\anas\uni\semester 7\fyp\fyp work\transformer_health_index\data\raw\images\2012.jpg,3,1,1,6,1,1,3,1,1,6,1,1,1,27
E:\anas\uni\semester 7\fyp\fyp work\transformer_health_index\data\raw\images\4659.jpg,3,0,5,0,2,1,3,2,3,2,5,3,2,60
E:\anas\uni\semester 7\fyp\fyp work\transformer_health_index\data\raw\images\1902.jpg,3,1,1,6,6,1,3,1,1,6,1,1,1,32
E:\anas\uni\semester 7\fyp\fyp work\transformer_health_index\data\raw\images\4583.jpg,4,4,5,0,1,1,1,0,5,0,5,2,1,22
E:\anas\uni\semester 7\fyp\fyp work\transformer_health_index\data\raw\images\2692.jpg,3,1,1,6,6,1,6,1,1,6,1,1,1,35
E:\anas\uni\semester 7\fyp\fyp work\transformer_health_index\data\raw\images\2343.jpg,3,3,3,1,6,1,1,1,1,6,1,1,1,29
E:\anas\uni\semester 7\fyp\fyp work\transformer_health_index\data\raw\images\123.jpg,6,3,3,3,3,3,3,3,3,4,2,6,6,48
E:\anas\uni\semester 7\fyp\fyp work\transformer_health_index\data\raw\images\2268.jpg,3,1,1,6,1,1,6,1,1,6,1,1,1,30
E:\anas\uni\semester 7\fyp\fyp work\transformer_health_index\data\raw\images\2182.jpg,3,3,1,3,6,1,3,1,1,6,1,1,1,31
E:\anas\uni\semester 7\fyp\fyp work\transformer_health_index\data\raw\images\999.jpg,2,3,3,2,4,3,0,3,0,2,1,4,2,13
E:\anas\uni\semester 7\fyp\fyp work\transformer_health_index\data\raw\images\3454.jpg,3,1,1,1,1,1,6,1,1,6,1,1,1,25
E:\anas\uni\semester 7\fyp\fyp work\transformer_health_index\data\raw\images\3094.jpg,3,1,1,1,1,1,6,1,1,6,1,1,1,25
E:\anas\uni\semester 7\fyp\fyp work\transformer_health_index\data\raw\images\2940.jpg,3,3,3,1,6,1,3,1,1,6,1,1,1,31
E:\anas\uni\semester 7\fyp\fyp work\transformer_health_index\data\raw\images\2491.jpg,3,3,3,1,6,1,3,1,1,6,1,1,1,31
E:\anas\uni\semester 7\fyp\fyp work\transformer_health_index\data\raw\images\612.jpg,1,2,1,1,3,3,3,1,1,1,1,1,3,22
E:\anas\uni\semester 7\fyp\fyp work\transformer_health_index\data\raw\images\3477.jpg,3,1,1,1,1,1,6,1,1,6,1,1,1,25
E:\anas\uni\semester 7\fyp\fyp work\transformer_health_index\data\raw\images\4592.jpg,4,4,5,0,1,1,1,0,5,0,5,2,1,22
E:\anas\uni\semester 7\fyp\fyp work\transformer_health_index\data\raw\images\3491.jpg,3,1,1,1,1,1,3,1,1,6,1,1,1,22
E:\anas\uni\semester 7\fyp\fyp work\transformer_health_index\data\raw\images\2036.jpg,3,1,1,6,1,1,6,1,1,6,1,1,1,30
E:\anas\uni\semester 7\fyp\fyp work\transformer_health_index\data\raw\images\3631.jpg,3,1,1,1,1,1,3,1,1,6,1,1,1,22
E:\anas\uni\semester 7\fyp\fyp work\transformer_health_index\data\raw\images\2140.jpg,3,1,1,6,1,1,3,1,1,6,1,1,1,27
E:\anas\uni\semester 7\fyp\fyp work\transformer_health_index\data\raw\images\678.jpg,1,2,1,1,3,5,3,1,1,1,1,1,6,27
E:\anas\uni\semester 7\fyp\fyp work\transformer_health_index\data\raw\images\1188.jpg,0,4,5,2,5,2,0,4,3,5,0,2,0,43
E:\anas\uni\semester 7\fyp\fyp work\transformer_health_index\data\raw\images\3259.jpg,3,1,1,6,1,1,6,1,1,6,1,1,1,30
E:\anas\uni\semester 7\fyp\fyp work\transformer_health_index\data\raw\images\4069.jpg,5,5,2,2,2,4,2,5,3,1,4,4,2,35
E:\anas\uni\semester 7\fyp\fyp work\transformer_health_index\data\raw\images\1958.jpg,3,1,1,6,1,1,3,1,1,6,1,1,1,27
E:\anas\uni\semester 7\fyp\fyp work\transformer_health_index\data\raw\images\685.jpg,1,2,1,1,3,5,3,1,1,1,1,1,6,27
E:\anas\uni\semester 7\fyp\fyp work\transformer_health_index\data\raw\images\640.jpg,1,2,1,1,3,3,3,1,1,1,1,1,3,22
E:\anas\uni\semester 7\fyp\fyp work\transformer_health_index\data\raw\images\1873.jpg,3,1,1,6,6,1,3,1,1,6,1,1,1,32
E:\anas\uni\semester 7\fyp\fyp work\transformer_health_index\data\raw\images\5083.jpg,2,5,1,5,5,5,0,4,3,1,1,1,1,36
E:\anas\uni\semester 7\fyp\fyp work\transformer_health_index\data\raw\images\2558.jpg,3,1,1,6,6,1,3,1,1,6,1,1,1,32
E:\anas\uni\semester 7\fyp\fyp work\transformer_health_index\data\raw\images\1259.jpg,5,3,4,2,3,2,5,1,0,2,4,2,2,46
E:\anas\uni\semester 7\fyp\fyp work\transformer_health_index\data\raw\images\1232.jpg,3,1,2,3,3,0,2,0,0,3,3,5,4,20
E:\anas\uni\semester 7\fyp\fyp work\transformer_health_index\data\raw\images\2259.jpg,3,1,1,6,1,1,6,1,1,6,1,1,1,30
E:\anas\uni\semester 7\fyp\fyp work\transformer_health_index\data\raw\images\4356.jpg,3,0,1,3,5,0,5,0,3,2,2,4,5,10
E:\anas\uni\semester 7\fyp\fyp work\transformer_health_index\data\raw\images\2699.jpg,3,1,1,6,6,1,6,1,1,6,1,1,1,35
E:\anas\uni\semester 7\fyp\fyp work\transformer_health_index\data\raw\images\2262.jpg,3,1,1,6,1,1,6,1,1,6,1,1,1,30
E:\anas\uni\semester 7\fyp\fyp work\transformer_health_index\data\raw\images\4958.jpg,4,0,1,2,3,3,0,5,3,0,3,1,5,54
E:\anas\uni\semester 7\fyp\fyp work\transformer_health_index\data\raw\images\5037.jpg,5,3,2,5,3,4,0,2,2,3,3,2,1,17
E:\anas\uni\semester 7\fyp\fyp work\transformer_health_index\data\raw\images\95.jpg,1,1,3,3,3,5,3,1,3,1,1,1,6,28
E:\anas\uni\semester 7\fyp\fyp work\transformer_health_index\data\raw\images\630.jpg,1,2,1,1,3,3,3,1,1,1,1,1,3,22
E:\anas\uni\semester 7\fyp\fyp work\transformer_health_index\data\raw\images\2994.jpg,1,1,1,1,1,1,1,1,1,6,1,1,1,18
E:\anas\uni\semester 7\fyp\fyp work\transformer_health_index\data\raw\images\3811.jpg,1,3,3,3,3,5,3,1,3,1,1,1,6,30
E:\anas\uni\semester 7\fyp\fyp work\transformer_health_index\data\raw\images\4027.jpg,3,3,2,2,2,3,1,2,3,4,2,0,4,57
E:\anas\uni\semester 7\fyp\fyp work\transformer_health_index\data\raw\images\173.jpg,4,1,1,1,3,3,3,1,1,4,2,4,6,35
E:\anas\uni\semester 7\fyp\fyp work\transformer_health_index\data\raw\images\4314.jpg,4,4,0,3,1,3,4,1,0,2,4,2,0,45
E:\anas\uni\semester 7\fyp\fyp work\transformer_health_index\data\raw\images\18.jpg,1,1,3,3,3,5,3,1,3,3,2,6,6,28
E:\anas\uni\semester 7\fyp\fyp work\transformer_health_index\data\raw\images\3016.jpg,3,1,1,3,1,1,6,1,1,6,1,1,1,27
E:\anas\uni\semester 7\fyp\fyp work\transformer_health_index\data\raw\images\4393.jpg,4,2,2,5,2,4,0,0,5,0,4,5,5,10
E:\anas\uni\semester 7\fyp\fyp work\transformer_health_index\data\raw\images\3381.jpg,3,1,1,1,1,1,6,1,1,6,1,1,1,25
E:\anas\uni\semester 7\fyp\fyp work\transformer_health_index\data\raw\images\1901.jpg,3,1,1,6,6,1,3,1,1,6,1,1,1,32
E:\anas\uni\semester 7\fyp\fyp work\transformer_health_index\data\raw\images\1374.jpg,1,1,3,2,3,5,2,2,5,2,4,1,1,37
E:\anas\uni\semester 7\fyp\fyp work\transformer_health_index\data\raw\images\2419.jpg,3,1,1,6,1,1,3,1,1,6,1,1,1,27
E:\anas\uni\semester 7\fyp\fyp work\transformer_health_index\data\raw\images\2615.jpg,1,1,1,1,1,1,1,1,1,6,1,1,1,18
E:\anas\uni\semester 7\fyp\fyp work\transformer_health_index\data\raw\images\3167.jpg,3,1,1,1,1,1,6,1,1,6,1,1,1,25
E:\anas\uni\semester 7\fyp\fyp work\transformer_health_index\data\raw\images\2198.jpg,3,1,1,6,1,1,6,1,1,6,1,1,1,30
E:\anas\uni\semester 7\fyp\fyp work\transformer_health_index\data\raw\images\1605.jpg,1,1,1,1,1,1,1,1,1,1,1,1,1,13
E:\anas\uni\semester 7\fyp\fyp work\transformer_health_index\data\raw\images\2649.jpg,3,1,1,6,6,1,6,1,1,6,1,1,1,35
E:\anas\uni\semester 7\fyp\fyp work\transformer_health_index\data\raw\images\1464.jpg,1,0,3,3,2,4,5,1,0,0,1,5,0,49
E:\anas\uni\semester 7\fyp\fyp work\transformer_health_index\data\raw\images\2864.jpg,3,1,1,6,6,1,6,1,1,6,1,1,1,35
E:\anas\uni\semester 7\fyp\fyp work\transformer_health_index\data\raw\images\3685.jpg,1,1,1,1,1,1,3,1,1,6,1,1,1,20
E:\anas\uni\semester 7\fyp\fyp work\transformer_health_index\data\raw\images\1797.jpg,1,1,1,1,1,1,1,1,1,1,1,1,1,13
E:\anas\uni\semester 7\fyp\fyp work\transformer_health_index\data\raw\images\3210.jpg,3,1,1,6,6,1,6,1,1,6,1,1,1,35
E:\anas\uni\semester 7\fyp\fyp work\transformer_health_index\data\raw\images\2251.jpg,3,1,1,6,1,1,6,1,1,6,1,1,1,30
E:\anas\uni\semester 7\fyp\fyp work\transformer_health_index\data\raw\images\4371.jpg,0,1,0,2,1,2,1,5,0,1,2,4,2,21
E:\anas\uni\semester 7\fyp\fyp work\transformer_health_index\data\raw\images\5141.jpg,4,0,4,3,3,2,3,5,0,3,3,4,4,57
E:\anas\uni\semester 7\fyp\fyp work\transformer_health_index\data\raw\images\2253.jpg,3,1,1,6,1,1,6,1,1,6,1,1,1,30
E:\anas\uni\semester 7\fyp\fyp work\transformer_health_index\data\raw\images\2378.jpg,3,3,3,6,6,1,6,1,1,6,1,1,1,39
E:\anas\uni\semester 7\fyp\fyp work\transformer_health_index\data\raw\images\669.jpg,1,2,1,1,3,5,3,1,1,1,1,1,6,27
E:\anas\uni\semester 7\fyp\fyp work\transformer_health_index\data\raw\images\2367.jpg,3,3,3,6,6,1,6,1,1,6,1,1,1,39
E:\anas\uni\semester 7\fyp\fyp work\transformer_health_index\data\raw\images\3311.jpg,3,1,1,1,1,1,6,1,1,6,1,1,1,25
E:\anas\uni\semester 7\fyp\fyp work\transformer_health_index\data\raw\images\2166.jpg,3,3,1,3,6,1,3,1,1,6,1,1,1,31
E:\anas\uni\semester 7\fyp\fyp work\transformer_health_index\data\raw\images\2357.jpg,3,3,3,6,6,1,6,1,1,6,1,1,1,39
E:\anas\uni\semester 7\fyp\fyp work\transformer_health_index\data\raw\images\5032.jpg,5,3,2,5,3,4,0,2,2,3,3,2,1,17
E:\anas\uni\semester 7\fyp\fyp work\transformer_health_index\data\raw\images\5011.jpg,2,3,4,5,3,3,5,5,3,5,3,0,1,29
E:\anas\uni\semester 7\fyp\fyp work\transformer_health_index\data\raw\images\2299.jpg,3,3,3,1,6,1,6,1,1,6,1,1,1,34
E:\anas\uni\semester 7\fyp\fyp work\transformer_health_index\data\raw\images\1727.jpg,1,1,1,1,1,1,1,1,1,1,1,1,1,13
E:\anas\uni\semester 7\fyp\fyp work\transformer_health_index\data\raw\images\642.jpg,1,2,1,1,3,3,3,1,1,1,1,1,3,22
E:\anas\uni\semester 7\fyp\fyp work\transformer_health_index\data\raw\images\3071.jpg,3,1,1,6,6,1,6,1,1,6,1,1,1,35
E:\anas\uni\semester 7\fyp\fyp work\transformer_health_index\data\raw\images\3208.jpg,3,1,1,6,6,1,6,1,1,6,1,1,1,35
E:\anas\uni\semester 7\fyp\fyp work\transformer_health_index\data\raw\images\475.jpg,1,3,3,3,3,5,3,1,3,1,1,1,6,35
E:\anas\uni\semester 7\fyp\fyp work\transformer_health_index\data\raw\images\921.jpg,1,1,1,4,2,3,2,2,4,0,4,1,5,29
E:\anas\uni\semester 7\fyp\fyp work\transformer_health_index\data\raw\images\2768.jpg,3,1,1,6,6,1,6,1,1,6,1,1,1,35
E:\anas\uni\semester 7\fyp\fyp work\transformer_health_index\data\raw\images\3538.jpg,3,1,1,1,1,1,3,1,1,6,1,1,1,22
E:\anas\uni\semester 7\fyp\fyp work\transformer_health_index\data\raw\images\4548.jpg,5,4,4,1,1,1,0,2,4,5,5,5,4,11
E:\anas\uni\semester 7\fyp\fyp work\transformer_health_index\data\raw\images\23.jpg,1,1,3,3,3,5,3,1,3,3,2,6,6,28
E:\anas\uni\semester 7\fyp\fyp work\transformer_health_index\data\raw\images\3889.jpg,4,1,4,4,5,0,0,2,3,1,1,2,2,45
E:\anas\uni\semester 7\fyp\fyp work\transformer_health_index\data\raw\images\3710.jpg,1,3,3,3,3,5,3,1,3,1,1,1,6,30
E:\anas\uni\semester 7\fyp\fyp work\transformer_health_index\data\raw\images\4672.jpg,2,4,2,5,0,2,0,3,4,5,4,2,4,30
E:\anas\uni\semester 7\fyp\fyp work\transformer_health_index\data\raw\images\2054.jpg,3,1,1,6,1,1,3,1,1,6,1,1,1,27
E:\anas\uni\semester 7\fyp\fyp work\transformer_health_index\data\raw\images\87.jpg,1,1,3,3,3,5,3,1,3,1,1,1,6,28
E:\anas\uni\semester 7\fyp\fyp work\transformer_health_index\data\raw\images\2289.jpg,3,3,3,1,6,1,1,1,1,6,1,1,1,29
E:\anas\uni\semester 7\fyp\fyp work\transformer_health_index\data\raw\images\2726.jpg,3,1,1,6,6,1,6,1,1,6,1,1,1,35
E:\anas\uni\semester 7\fyp\fyp work\transformer_health_index\data\raw\images\3956.jpg,4,1,2,1,2,5,3,3,4,5,1,4,0,48
E:\anas\uni\semester 7\fyp\fyp work\transformer_health_index\data\raw\images\313.jpg,4,3,3,3,3,3,3,3,3,4,2,4,6,44
E:\anas\uni\semester 7\fyp\fyp work\transformer_health_index\data\raw\images\4733.jpg,1,2,0,0,2,1,0,3,5,1,0,3,2,23
E:\anas\uni\semester 7\fyp\fyp work\transformer_health_index\data\raw\images\2989.jpg,1,1,1,1,1,1,1,1,1,6,1,1,1,18
E:\anas\uni\semester 7\fyp\fyp work\transformer_health_index\data\raw\images\1844.jpg,3,1,1,1,1,1,5,1,1,1,1,1,1,19
E:\anas\uni\semester 7\fyp\fyp work\transformer_health_index\data\raw\images\1739.jpg,1,1,1,1,1,1,1,1,1,1,1,1,1,13
E:\anas\uni\semester 7\fyp\fyp work\transformer_health_index\data\raw\images\4923.jpg,3,2,3,3,2,2,1,4,0,1,2,3,2,13
E:\anas\uni\semester 7\fyp\fyp work\transformer_health_index\data\raw\images\3014.jpg,3,1,1,3,1,1,6,1,1,6,1,1,1,27
E:\anas\uni\semester 7\fyp\fyp work\transformer_health_index\data\raw\images\1816.jpg,1,1,1,1,1,1,1,1,1,1,1,1,1,13
E:\anas\uni\semester 7\fyp\fyp work\transformer_health_index\data\raw\images\2308.jpg,3,3,3,1,6,1,6,1,1,6,1,1,1,34
E:\anas\uni\semester 7\fyp\fyp work\transformer_health_index\data\raw\images\3689.jpg,1,1,1,1,1,1,3,1,1,6,1,1,1,20
E:\anas\uni\semester 7\fyp\fyp work\transformer_health_index\data\raw\images\1975.jpg,3,1,1,6,1,1,6,1,1,6,1,1,1,30
E:\anas\uni\semester 7\fyp\fyp work\transformer_health_index\data\raw\images\3690.jpg,1,1,1,1,1,1,3,1,1,6,1,1,1,20
E:\anas\uni\semester 7\fyp\fyp work\transformer_health_index\data\raw\images\3118.jpg,3,1,1,1,1,1,6,1,1,6,1,1,1,25
E:\anas\uni\semester 7\fyp\fyp work\transformer_health_index\data\raw\images\5151.jpg,5,4,0,2,0,5,3,1,4,1,0,4,1,43
E:\anas\uni\semester 7\fyp\fyp work\transformer_health_index\data\raw\images\2671.jpg,3,1,1,6,6,1,6,1,1,6,1,1,1,35
E:\anas\uni\semester 7\fyp\fyp work\transformer_health_index\data\raw\images\3228.jpg,3,1,1,1,1,1,6,1,1,6,1,1,1,25
E:\anas\uni\semester 7\fyp\fyp work\transformer_health_index\data\raw\images\563.jpg,1,1,1,1,3,5,3,1,1,1,1,1,6,26
E:\anas\uni\semester 7\fyp\fyp work\transformer_health_index\data\raw\images\1234.jpg,3,1,2,3,3,0,2,0,0,3,3,5,4,20
E:\anas\uni\semester 7\fyp\fyp work\transformer_health_index\data\raw\images\1824.jpg,1,1,1,1,1,1,1,1,1,1,1,1,1,13
E:\anas\uni\semester 7\fyp\fyp work\transformer_health_index\data\raw\images\1640.jpg,3,3,3,6,1,1,3,1,1,6,1,1,1,31
E:\anas\uni\semester 7\fyp\fyp work\transformer_health_index\data\raw\images\386.jpg,1,1,1,1,3,5,3,1,1,1,1,1,6,26
E:\anas\uni\semester 7\fyp\fyp work\transformer_health_index\data\raw\images\4631.jpg,3,5,5,5,2,3,5,2,2,5,3,5,5,52
E:\anas\uni\semester 7\fyp\fyp work\transformer_health_index\data\raw\images\3848.jpg,1,3,3,3,3,5,3,1,3,1,1,1,6,30
E:\anas\uni\semester 7\fyp\fyp work\transformer_health_index\data\raw\images\1944.jpg,3,1,1,6,1,1,3,1,1,6,1,1,1,27
E:\anas\uni\semester 7\fyp\fyp work\transformer_health_index\data\raw\images\1748.jpg,1,1,1,1,1,1,1,1,1,1,1,1,1,13
E:\anas\uni\semester 7\fyp\fyp work\transformer_health_index\data\raw\images\2612.jpg,1,1,1,1,1,1,1,1,1,6,1,1,1,18
E:\anas\uni\semester 7\fyp\fyp work\transformer_health_index\data\raw\images\1525.jpg,2,4,0,3,4,2,0,0,5,3,0,0,3,11
E:\anas\uni\semester 7\fyp\fyp work\transformer_health_index\data\raw\images\1645.jpg,3,3,3,6,1,1,3,1,1,6,1,1,1,31
E:\anas\uni\semester 7\fyp\fyp work\transformer_health_index\data\raw\images\2005.jpg,3,1,1,6,1,1,3,1,1,6,1,1,1,27
E:\anas\uni\semester 7\fyp\fyp work\transformer_health_index\data\raw\images\1445.jpg,1,0,4,1,1,0,4,0,5,3,2,0,4,32
E:\anas\uni\semester 7\fyp\fyp work\transformer_health_index\data\raw\images\3248.jpg,3,1,1,1,1,1,6,1,1,6,1,1,1,25
E:\anas\uni\semester 7\fyp\fyp work\transformer_health_index\data\raw\images\1641.jpg,3,3,3,6,1,1,3,1,1,6,1,1,1,31
E:\anas\uni\semester 7\fyp\fyp work\transformer_health_index\data\raw\images\646.jpg,1,2,1,1,3,3,3,1,1,1,1,1,3,22
E:\anas\uni\semester 7\fyp\fyp work\transformer_health_index\data\raw\images\3857.jpg,1,3,3,3,3,5,3,1,3,1,1,1,6,30
E:\anas\uni\semester 7\fyp\fyp work\transformer_health_index\data\raw\images\1935.jpg,3,1,1,6,1,1,3,1,1,6,1,1,1,27
E:\anas\uni\semester 7\fyp\fyp work\transformer_health_index\data\raw\images\2325.jpg,3,3,3,1,6,1,1,1,1,6,1,1,1,29
E:\anas\uni\semester 7\fyp\fyp work\transformer_health_index\data\raw\images\4011.jpg,1,2,3,3,4,2,0,0,1,2,2,4,1,32
E:\anas\uni\semester 7\fyp\fyp work\transformer_health_index\data\raw\images\4270.jpg,3,3,1,4,3,2,2,2,5,2,4,5,5,28
E:\anas\uni\semester 7\fyp\fyp work\transformer_health_index\data\raw\images\3727.jpg,1,3,3,3,3,5,3,1,3,1,1,1,6,30
E:\anas\uni\semester 7\fyp\fyp work\transformer_health_index\data\raw\images\1864.jpg,3,1,1,6,6,1,3,1,1,6,1,1,1,32
E:\anas\uni\semester 7\fyp\fyp work\transformer_health_index\data\raw\images\3065.jpg,3,1,1,1,1,1,6,1,1,6,1,1,1,25
E:\anas\uni\semester 7\fyp\fyp work\transformer_health_index\data\raw\images\5062.jpg,2,2,2,4,0,1,5,5,3,0,1,4,4,40
E:\anas\uni\semester 7\fyp\fyp work\transformer_health_index\data\raw\images\4718.jpg,1,1,1,3,5,5,3,0,4,1,2,5,1,13
E:\anas\uni\semester 7\fyp\fyp work\transformer_health_index\data\raw\images\2662.jpg,3,1,1,6,6,1,6,1,1,6,1,1,1,35
E:\anas\uni\semester 7\fyp\fyp work\transformer_health_index\data\raw\images\2833.jpg,3,1,1,6,6,1,6,1,1,6,1,1,1,35
E:\anas\uni\semester 7\fyp\fyp work\transformer_health_index\data\raw\images\2924.jpg,3,3,3,1,6,1,3,1,1,6,1,1,1,31
E:\anas\uni\semester 7\fyp\fyp work\transformer_health_index\data\raw\images\832.jpg,0,5,1,3,0,0,5,1,1,0,0,1,2,28
E:\anas\uni\semester 7\fyp\fyp work\transformer_health_index\data\raw\images\2845.jpg,3,3,1,1,6,6,3,1,1,6,1,1,1,34
E:\anas\uni\semester 7\fyp\fyp work\transformer_health_index\data\raw\images\3888.jpg,4,1,4,4,5,0,0,2,3,1,1,2,2,45
E:\anas\uni\semester 7\fyp\fyp work\transformer_health_index\data\raw\images\1900.jpg,3,1,1,6,6,1,3,1,1,6,1,1,1,32
E:\anas\uni\semester 7\fyp\fyp work\transformer_health_index\data\raw\images\4395.jpg,4,2,2,5,2,4,0,0,5,0,4,5,5,10
E:\anas\uni\semester 7\fyp\fyp work\transformer_health_index\data\raw\images\4637.jpg,3,5,5,5,2,3,5,2,2,5,3,5,5,52
E:\anas\uni\semester 7\fyp\fyp work\transformer_health_index\data\raw\images\1625.jpg,3,3,3,6,1,1,3,1,1,6,1,1,1,31
E:\anas\uni\semester 7\fyp\fyp work\transformer_health_index\data\raw\images\3213.jpg,3,1,1,6,6,1,6,1,1,6,1,1,1,35
E:\anas\uni\semester 7\fyp\fyp work\transformer_health_index\data\raw\images\3937.jpg,1,2,3,5,1,5,1,2,1,0,1,3,1,58
E:\anas\uni\semester 7\fyp\fyp work\transformer_health_index\data\raw\images\587.jpg,1,1,1,1,3,5,3,1,1,1,1,1,6,26
E:\anas\uni\semester 7\fyp\fyp work\transformer_health_index\data\raw\images\2467.jpg,3,3,3,1,6,1,3,1,1,6,1,1,1,31
E:\anas\uni\semester 7\fyp\fyp work\transformer_health_index\data\raw\images\5123.jpg,3,1,1,0,5,1,4,3,2,5,0,0,0,46
E:\anas\uni\semester 7\fyp\fyp work\transformer_health_index\data\raw\images\4199.jpg,3,1,0,0,3,2,3,0,4,4,3,2,3,24
E:\anas\uni\semester 7\fyp\fyp work\transformer_health_index\data\raw\images\3007.jpg,3,1,1,3,1,1,6,1,1,6,1,1,1,27
E:\anas\uni\semester 7\fyp\fyp work\transformer_health_index\data\raw\images\975.jpg,2,2,0,3,3,1,2,0,0,4,0,2,4,55
E:\anas\uni\semester 7\fyp\fyp work\transformer_health_index\data\raw\images\1791.jpg,1,1,1,1,1,1,1,1,1,1,1,1,1,13
E:\anas\uni\semester 7\fyp\fyp work\transformer_health_index\data\raw\images\3830.jpg,1,3,3,3,3,5,3,1,3,1,1,1,6,30
E:\anas\uni\semester 7\fyp\fyp work\transformer_health_index\data\raw\images\1043.jpg,4,0,3,4,3,4,5,0,0,0,3,5,5,43
E:\anas\uni\semester 7\fyp\fyp work\transformer_health_index\data\raw\images\364.jpg,1,1,3,3,3,5,3,1,3,1,1,1,6,33
E:\anas\uni\semester 7\fyp\fyp work\transformer_health_index\data\raw\images\4157.jpg,1,2,2,2,4,4,2,3,3,5,2,1,5,39
E:\anas\uni\semester 7\fyp\fyp work\transformer_health_index\data\raw\images\2273.jpg,3,3,3,1,6,1,1,1,1,6,1,1,1,29
E:\anas\uni\semester 7\fyp\fyp work\transformer_health_index\data\raw\images\1546.jpg,2,4,2,3,1,0,3,5,1,0,0,0,5,50
E:\anas\uni\semester 7\fyp\fyp work\transformer_health_index\data\raw\images\1702.jpg,1,1,1,1,1,1,1,1,1,1,1,1,1,13
E:\anas\uni\semester 7\fyp\fyp work\transformer_health_index\data\raw\images\4677.jpg,2,4,2,5,0,2,0,3,4,5,4,2,4,30
E:\anas\uni\semester 7\fyp\fyp work\transformer_health_index\data\raw\images\3059.jpg,3,1,1,1,1,1,6,1,1,6,1,1,1,25
E:\anas\uni\semester 7\fyp\fyp work\transformer_health_index\data\raw\images\973.jpg,2,2,0,3,3,1,2,0,0,4,0,2,4,55
E:\anas\uni\semester 7\fyp\fyp work\transformer_health_index\data\raw\images\3732.jpg,1,3,3,3,3,5,3,1,3,1,1,1,6,30
E:\anas\uni\semester 7\fyp\fyp work\transformer_health_index\data\raw\images\819.jpg,4,0,5,4,2,5,0,0,5,3,3,3,5,53
E:\anas\uni\semester 7\fyp\fyp work\transformer_health_index\data\raw\images\2863.jpg,3,1,1,6,6,1,6,1,1,6,1,1,1,35
E:\anas\uni\semester 7\fyp\fyp work\transformer_health_index\data\raw\images\3157.jpg,3,1,1,1,1,1,6,1,1,6,1,1,1,25
E:\anas\uni\semester 7\fyp\fyp work\transformer_health_index\data\raw\images\4701.jpg,2,2,3,1,4,0,4,0,1,0,1,3,3,43
E:\anas\uni\semester 7\fyp\fyp work\transformer_health_index\data\raw\images\4878.jpg,5,3,5,1,5,3,1,3,0,1,1,0,1,46
E:\anas\uni\semester 7\fyp\fyp work\transformer_health_index\data\raw\images\454.jpg,1,1,1,1,3,5,3,1,1,1,1,1,6,26
E:\anas\uni\semester 7\fyp\fyp work\transformer_health_index\data\raw\images\3360.jpg,3,1,1,1,1,1,6,1,1,6,1,1,1,25
E:\anas\uni\semester 7\fyp\fyp work\transformer_health_index\data\raw\images\2217.jpg,3,1,1,3,1,1,3,1,1,6,1,1,1,24
E:\anas\uni\semester 7\fyp\fyp work\transformer_health_index\data\raw\images\1440.jpg,1,0,4,1,1,0,4,0,5,3,2,0,4,32
E:\anas\uni\semester 7\fyp\fyp work\transformer_health_index\data\raw\images\4339.jpg,5,1,0,5,5,5,2,1,2,0,3,5,4,15
E:\anas\uni\semester 7\fyp\fyp work\transformer_health_index\data\raw\images\2883.jpg,3,1,1,6,6,1,6,1,1,6,1,1,1,35
E:\anas\uni\semester 7\fyp\fyp work\transformer_health_index\data\raw\images\5116.jpg,3,1,1,0,5,1,4,3,2,5,0,0,0,46
E:\anas\uni\semester 7\fyp\fyp work\transformer_health_index\data\raw\images\3680.jpg,1,1,1,1,1,1,3,1,1,6,1,1,1,20
E:\anas\uni\semester 7\fyp\fyp work\transformer_health_index\data\raw\images\529.jpg,1,2,3,3,3,3,3,1,3,1,1,1,6,32
E:\anas\uni\semester 7\fyp\fyp work\transformer_health_index\data\raw\images\948.jpg,0,2,3,0,2,0,5,4,2,0,3,3,1,52
E:\anas\uni\semester 7\fyp\fyp work\transformer_health_index\data\raw\images\4281.jpg,3,3,1,4,3,2,2,2,5,2,4,5,5,28
E:\anas\uni\semester 7\fyp\fyp work\transformer_health_index\data\raw\images\3608.jpg,3,1,1,1,1,1,3,1,1,6,1,1,1,22
E:\anas\uni\semester 7\fyp\fyp work\transformer_health_index\data\raw\images\4930.jpg,3,2,3,3,2,2,1,4,0,1,2,3,2,13
E:\anas\uni\semester 7\fyp\fyp work\transformer_health_index\data\raw\images\3292.jpg,3,1,1,1,1,1,3,1,1,6,1,1,1,22
E:\anas\uni\semester 7\fyp\fyp work\transformer_health_index\data\raw\images\3572.jpg,3,1,1,1,1,1,3,1,1,6,1,1,1,22
E:\anas\uni\semester 7\fyp\fyp work\transformer_health_index\data\raw\images\3553.jpg,3,1,1,1,6,1,3,1,1,6,1,1,1,27
E:\anas\uni\semester 7\fyp\fyp work\transformer_health_index\data\raw\images\2876.jpg,3,1,1,6,6,1,6,1,1,6,1,1,1,35
E:\anas\uni\semester 7\fyp\fyp work\transformer_health_index\data\raw\images\1090.jpg,0,3,0,2,1,0,3,5,4,5,1,2,1,24
E:\anas\uni\semester 7\fyp\fyp work\transformer_health_index\data\raw\images\2028.jpg,3,1,1,6,1,1,6,1,1,6,1,1,1,30
E:\anas\uni\semester 7\fyp\fyp work\transformer_health_index\data\raw\images\4208.jpg,0,4,5,3,2,3,4,1,0,4,5,3,0,53
E:\anas\uni\semester 7\fyp\fyp work\transformer_health_index\data\raw\images\4536.jpg,0,4,1,1,0,4,4,4,5,2,3,4,4,34
E:\anas\uni\semester 7\fyp\fyp work\transformer_health_index\data\raw\images\3988.jpg,5,4,4,4,5,5,1,2,2,2,5,1,2,55
E:\anas\uni\semester 7\fyp\fyp work\transformer_health_index\data\raw\images\3501.jpg,3,1,1,1,1,1,3,1,1,6,1,1,1,22
E:\anas\uni\semester 7\fyp\fyp work\transformer_health_index\data\raw\images\4834.jpg,3,3,2,4,5,2,0,3,4,5,5,4,5,16
E:\anas\uni\semester 7\fyp\fyp work\transformer_health_index\data\raw\images\4650.jpg,3,0,5,0,2,1,3,2,3,2,5,3,2,60
E:\anas\uni\semester 7\fyp\fyp work\transformer_health_index\data\raw\images\3039.jpg,3,1,1,3,1,1,6,1,1,6,1,1,1,27
E:\anas\uni\semester 7\fyp\fyp work\transformer_health_index\data\raw\images\4750.jpg,0,4,0,0,0,3,2,3,3,0,4,0,3,48
E:\anas\uni\semester 7\fyp\fyp work\transformer_health_index\data\raw\images\559.jpg,1,1,1,1,3,5,3,1,1,1,1,1,6,26
E:\anas\uni\semester 7\fyp\fyp work\transformer_health_index\data\raw\images\3817.jpg,1,3,3,3,3,5,3,1,3,1,1,1,6,30
E:\anas\uni\semester 7\fyp\fyp work\transformer_health_index\data\raw\images\1730.jpg,1,1,1,1,1,1,1,1,1,1,1,1,1,13
E:\anas\uni\semester 7\fyp\fyp work\transformer_health_index\data\raw\images\272.jpg,1,1,3,3,3,5,3,1,3,1,1,1,6,28
E:\anas\uni\semester 7\fyp\fyp work\transformer_health_index\data\raw\images\2554.jpg,3,1,1,6,6,1,3,1,1,6,1,1,1,32
E:\anas\uni\semester 7\fyp\fyp work\transformer_health_index\data\raw\images\4418.jpg,5,3,4,0,2,1,3,4,0,4,3,4,2,45
E:\anas\uni\semester 7\fyp\fyp work\transformer_health_index\data\raw\images\301.jpg,4,3,3,3,3,3,3,3,3,4,2,4,6,44
E:\anas\uni\semester 7\fyp\fyp work\transformer_health_index\data\raw\images\1222.jpg,3,1,2,3,3,0,2,0,0,3,3,5,4,20
E:\anas\uni\semester 7\fyp\fyp work\transformer_health_index\data\raw\images\3836.jpg,1,3,3,3,3,5,3,1,3,1,1,1,6,30
E:\anas\uni\semester 7\fyp\fyp work\transformer_health_index\data\raw\images\2080.jpg,3,1,1,1,6,1,3,1,1,6,1,1,1,27
E:\anas\uni\semester 7\fyp\fyp work\transformer_health_index\data\raw\images\4971.jpg,4,0,1,2,3,3,0,5,3,0,3,1,5,54
E:\anas\uni\semester 7\fyp\fyp work\transformer_health_index\data\raw\images\4421.jpg,5,3,4,0,2,1,3,4,0,4,3,4,2,45
E:\anas\uni\semester 7\fyp\fyp work\transformer_health_index\data\raw\images\3429.jpg,3,1,1,1,1,1,6,1,1,6,1,1,1,25
E:\anas\uni\semester 7\fyp\fyp work\transformer_health_index\data\raw\images\2731.jpg,3,1,1,6,6,1,6,1,1,6,1,1,1,35
E:\anas\uni\semester 7\fyp\fyp work\transformer_health_index\data\raw\images\4368.jpg,3,0,1,3,5,0,5,0,3,2,2,4,5,10
E:\anas\uni\semester 7\fyp\fyp work\transformer_health_index\data\raw\images\133.jpg,6,3,3,3,3,3,3,3,3,4,2,6,6,48
E:\anas\uni\semester 7\fyp\fyp work\transformer_health_index\data\raw\images\919.jpg,1,1,1,4,2,3,2,2,4,0,4,1,5,29
E:\anas\uni\semester 7\fyp\fyp work\transformer_health_index\data\raw\images\740.jpg,2,3,3,2,0,3,3,0,2,4,4,2,2,39
E:\anas\uni\semester 7\fyp\fyp work\transformer_health_index\data\raw\images\986.jpg,2,2,0,3,3,1,2,0,0,4,0,2,4,55
E:\anas\uni\semester 7\fyp\fyp work\transformer_health_index\data\raw\images\828.jpg,0,5,1,3,0,0,5,1,1,0,0,1,2,28
E:\anas\uni\semester 7\fyp\fyp work\transformer_health_index\data\raw\images\2275.jpg,3,3,3,1,6,1,1,1,1,6,1,1,1,29
E:\anas\uni\semester 7\fyp\fyp work\transformer_health_index\data\raw\images\2714.jpg,3,1,1,6,6,1,6,1,1,6,1,1,1,35
E:\anas\uni\semester 7\fyp\fyp work\transformer_health_index\data\raw\images\4275.jpg,3,3,1,4,3,2,2,2,5,2,4,5,5,28
E:\anas\uni\semester 7\fyp\fyp work\transformer_health_index\data\raw\images\4788.jpg,0,3,3,3,2,0,0,2,2,1,5,2,1,42
E:\anas\uni\semester 7\fyp\fyp work\transformer_health_index\data\raw\images\2221.jpg,3,1,1,3,1,1,3,1,1,6,1,1,1,24
E:\anas\uni\semester 7\fyp\fyp work\transformer_health_index\data\raw\images\4530.jpg,0,4,1,1,0,4,4,4,5,2,3,4,4,34
E:\anas\uni\semester 7\fyp\fyp work\transformer_health_index\data\raw\images\2764.jpg,3,1,1,6,6,1,6,1,1,6,1,1,1,35
E:\anas\uni\semester 7\fyp\fyp work\transformer_health_index\data\raw\images\733.jpg,1,2,3,3,3,5,3,1,3,1,1,1,6,33
E:\anas\uni\semester 7\fyp\fyp work\transformer_health_index\data\raw\images\3042.jpg,3,1,1,3,1,1,6,1,1,6,1,1,1,27
E:\anas\uni\semester 7\fyp\fyp work\transformer_health_index\data\raw\images\1940.jpg,3,1,1,6,1,1,3,1,1,6,1,1,1,27
E:\anas\uni\semester 7\fyp\fyp work\transformer_health_index\data\raw\images\40.jpg,1,1,3,3,3,5,3,1,3,3,2,6,6,28
E:\anas\uni\semester 7\fyp\fyp work\transformer_health_index\data\raw\images\4875.jpg,5,3,5,1,5,3,1,3,0,1,1,0,1,46
E:\anas\uni\semester 7\fyp\fyp work\transformer_health_index\data\raw\images\1395.jpg,4,4,1,5,1,2,2,5,1,3,0,1,1,59
E:\anas\uni\semester 7\fyp\fyp work\transformer_health_index\data\raw\images\4178.jpg,3,0,0,5,2,0,4,1,2,4,5,2,1,34
E:\anas\uni\semester 7\fyp\fyp work\transformer_health_index\data\raw\images\2184.jpg,3,3,1,3,6,1,3,1,1,6,1,1,1,31
E:\anas\uni\semester 7\fyp\fyp work\transformer_health_index\data\raw\images\4696.jpg,2,2,3,1,4,0,4,0,1,0,1,3,3,43
E:\anas\uni\semester 7\fyp\fyp work\transformer_health_index\data\raw\images\4142.jpg,1,2,2,2,4,4,2,3,3,5,2,1,5,39
E:\anas\uni\semester 7\fyp\fyp work\transformer_health_index\data\raw\images\590.jpg,1,2,1,1,3,5,3,1,1,1,1,1,6,27
E:\anas\uni\semester 7\fyp\fyp work\transformer_health_index\data\raw\images\1308.jpg,5,1,5,5,5,5,5,3,3,5,5,2,3,27
E:\anas\uni\semester 7\fyp\fyp work\transformer_health_index\data\raw\images\498.jpg,1,2,1,1,3,3,3,1,1,1,1,1,3,22
E:\anas\uni\semester 7\fyp\fyp work\transformer_health_index\data\raw\images\3697.jpg,1,3,3,3,3,5,3,1,3,1,1,1,6,30
E:\anas\uni\semester 7\fyp\fyp work\transformer_health_index\data\raw\images\1358.jpg,5,0,5,1,0,1,4,1,0,0,2,2,3,34
E:\anas\uni\semester 7\fyp\fyp work\transformer_health_index\data\raw\images\477.jpg,1,3,3,3,3,5,3,1,3,1,1,1,6,35
E:\anas\uni\semester 7\fyp\fyp work\transformer_health_index\data\raw\images\1842.jpg,3,1,1,1,1,1,5,1,1,1,1,1,1,19
E:\anas\uni\semester 7\fyp\fyp work\transformer_health_index\data\raw\images\3306.jpg,3,1,1,1,1,1,6,1,1,6,1,1,1,25
E:\anas\uni\semester 7\fyp\fyp work\transformer_health_index\data\raw\images\4481.jpg,0,5,1,5,0,0,0,0,0,5,1,4,1,16
E:\anas\uni\semester 7\fyp\fyp work\transformer_health_index\data\raw\images\80.jpg,4,1,1,1,3,3,3,1,1,4,2,4,1,29
E:\anas\uni\semester 7\fyp\fyp work\transformer_health_index\data\raw\images\4919.jpg,3,2,3,3,2,2,1,4,0,1,2,3,2,13
E:\anas\uni\semester 7\fyp\fyp work\transformer_health_index\data\raw\images\3333.jpg,3,1,1,1,1,1,6,1,1,6,1,1,1,25
E:\anas\uni\semester 7\fyp\fyp work\transformer_health_index\data\raw\images\5095.jpg,2,5,1,5,5,5,0,4,3,1,1,1,1,36
E:\anas\uni\semester 7\fyp\fyp work\transformer_health_index\data\raw\images\445.jpg,1,1,1,1,3,5,3,1,1,1,1,1,6,26
E:\anas\uni\semester 7\fyp\fyp work\transformer_health_index\data\raw\images\3323.jpg,3,1,1,1,1,1,6,1,1,6,1,1,1,25
E:\anas\uni\semester 7\fyp\fyp work\transformer_health_index\data\raw\images\1153.jpg,1,3,3,2,1,1,0,3,3,3,3,1,5,18
E:\anas\uni\semester 7\fyp\fyp work\transformer_health_index\data\raw\images\5087.jpg,2,5,1,5,5,5,0,4,3,1,1,1,1,36
E:\anas\uni\semester 7\fyp\fyp work\transformer_health_index\data\raw\images\4482.jpg,0,5,1,5,0,0,0,0,0,5,1,4,1,16
E:\anas\uni\semester 7\fyp\fyp work\transformer_health_index\data\raw\images\4072.jpg,5,5,2,2,2,4,2,5,3,1,4,4,2,35
E:\anas\uni\semester 7\fyp\fyp work\transformer_health_index\data\raw\images\3082.jpg,3,1,1,6,6,1,6,1,1,6,1,1,1,35
E:\anas\uni\semester 7\fyp\fyp work\transformer_health_index\data\raw\images\2172.jpg,3,3,1,3,6,1,3,1,1,6,1,1,1,31
E:\anas\uni\semester 7\fyp\fyp work\transformer_health_index\data\raw\images\4007.jpg,1,2,3,3,4,2,0,0,1,2,2,4,1,32
E:\anas\uni\semester 7\fyp\fyp work\transformer_health_index\data\raw\images\1523.jpg,2,4,0,3,4,2,0,0,5,3,0,0,3,11
E:\anas\uni\semester 7\fyp\fyp work\transformer_health_index\data\raw\images\3506.jpg,3,1,1,1,1,1,3,1,1,6,1,1,1,22
E:\anas\uni\semester 7\fyp\fyp work\transformer_health_index\data\raw\images\4880.jpg,5,3,5,1,5,3,1,3,0,1,1,0,1,46
E:\anas\uni\semester 7\fyp\fyp work\transformer_health_index\data\raw\images\1201.jpg,0,2,0,5,0,1,4,3,0,3,0,5,5,60
E:\anas\uni\semester 7\fyp\fyp work\transformer_health_index\data\raw\images\152.jpg,4,1,1,1,3,3,3,1,1,4,2,4,6,35
E:\anas\uni\semester 7\fyp\fyp work\transformer_health_index\data\raw\images\340.jpg,1,1,3,3,3,5,3,1,3,1,1,1,6,28
E:\anas\uni\semester 7\fyp\fyp work\transformer_health_index\data\raw\images\4415.jpg,5,3,4,0,2,1,3,4,0,4,3,4,2,45
E:\anas\uni\semester 7\fyp\fyp work\transformer_health_index\data\raw\images\2881.jpg,3,1,1,6,6,1,6,1,1,6,1,1,1,35
E:\anas\uni\semester 7\fyp\fyp work\transformer_health_index\data\raw\images\316.jpg,1,1,3,3,3,5,3,1,3,1,1,1,6,28
E:\anas\uni\semester 7\fyp\fyp work\transformer_health_index\data\raw\images\2365.jpg,3,3,3,6,6,1,6,1,1,6,1,1,1,39
E:\anas\uni\semester 7\fyp\fyp work\transformer_health_index\data\raw\images\2739.jpg,3,1,1,6,6,1,6,1,1,6,1,1,1,35
E:\anas\uni\semester 7\fyp\fyp work\transformer_health_index\data\raw\images\1919.jpg,3,1,1,6,6,1,3,1,1,6,1,1,1,32
E:\anas\uni\semester 7\fyp\fyp work\transformer_health_index\data\raw\images\3729.jpg,1,3,3,3,3,5,3,1,3,1,1,1,6,30
E:\anas\uni\semester 7\fyp\fyp work\transformer_health_index\data\raw\images\1438.jpg,1,0,4,1,1,0,4,0,5,3,2,0,4,32
E:\anas\uni\semester 7\fyp\fyp work\transformer_health_index\data\raw\images\1071.jpg,3,2,5,1,2,5,0,4,3,3,5,3,2,18
E:\anas\uni\semester 7\fyp\fyp work\transformer_health_index\data\raw\images\984.jpg,2,2,0,3,3,1,2,0,0,4,0,2,4,55
E:\anas\uni\semester 7\fyp\fyp work\transformer_health_index\data\raw\images\1141.jpg,1,3,3,2,1,1,0,3,3,3,3,1,5,18
E:\anas\uni\semester 7\fyp\fyp work\transformer_health_index\data\raw\images\2644.jpg,3,1,1,6,6,1,3,1,1,6,1,1,1,32
E:\anas\uni\semester 7\fyp\fyp work\transformer_health_index\data\raw\images\2296.jpg,3,3,3,1,6,1,6,1,1,6,1,1,1,34
E:\anas\uni\semester 7\fyp\fyp work\transformer_health_index\data\raw\images\3754.jpg,1,1,3,3,4,5,3,1,3,1,1,1,6,28
E:\anas\uni\semester 7\fyp\fyp work\transformer_health_index\data\raw\images\2463.jpg,3,3,3,1,6,1,3,1,1,6,1,1,1,31
E:\anas\uni\semester 7\fyp\fyp work\transformer_health_index\data\raw\images\2409.jpg,1,1,1,1,1,1,1,1,1,1,1,1,1,13
E:\anas\uni\semester 7\fyp\fyp work\transformer_health_index\data\raw\images\4978.jpg,4,3,1,4,5,3,2,5,0,5,1,5,5,33
E:\anas\uni\semester 7\fyp\fyp work\transformer_health_index\data\raw\images\4254.jpg,4,4,3,0,3,5,5,3,3,3,1,2,3,17
E:\anas\uni\semester 7\fyp\fyp work\transformer_health_index\data\raw\images\2161.jpg,3,1,1,6,1,1,3,1,1,6,1,1,1,27
E:\anas\uni\semester 7\fyp\fyp work\transformer_health_index\data\raw\images\3926.jpg,2,3,1,3,1,2,2,0,5,5,1,1,1,13
E:\anas\uni\semester 7\fyp\fyp work\transformer_health_index\data\raw\images\3695.jpg,1,1,1,1,1,1,3,1,1,6,1,1,1,20
E:\anas\uni\semester 7\fyp\fyp work\transformer_health_index\data\raw\images\5048.jpg,2,5,5,5,0,4,2,2,0,5,3,0,1,21
E:\anas\uni\semester 7\fyp\fyp work\transformer_health_index\data\raw\images\2398.jpg,1,1,1,1,1,1,1,1,1,1,1,1,1,13
E:\anas\uni\semester 7\fyp\fyp work\transformer_health_index\data\raw\images\4968.jpg,4,0,1,2,3,3,0,5,3,0,3,1,5,54
E:\anas\uni\semester 7\fyp\fyp work\transformer_health_index\data\raw\images\3749.jpg,1,1,3,3,4,5,3,1,3,1,1,1,6,28
E:\anas\uni\semester 7\fyp\fyp work\transformer_health_index\data\raw\images\3492.jpg,3,1,1,1,1,1,3,1,1,6,1,1,1,22
E:\anas\uni\semester 7\fyp\fyp work\transformer_health_index\data\raw\images\4652.jpg,3,0,5,0,2,1,3,2,3,2,5,3,2,60
E:\anas\uni\semester 7\fyp\fyp work\transformer_health_index\data\raw\images\1555.jpg,0,3,4,2,5,2,0,3,4,3,0,4,2,38
E:\anas\uni\semester 7\fyp\fyp work\transformer_health_index\data\raw\images\3192.jpg,3,1,1,1,1,1,6,1,1,6,1,1,1,25
E:\anas\uni\semester 7\fyp\fyp work\transformer_health_index\data\raw\images\1675.jpg,3,3,3,6,1,1,3,1,1,6,1,1,1,31
E:\anas\uni\semester 7\fyp\fyp work\transformer_health_index\data\raw\images\2744.jpg,3,1,1,6,6,1,6,1,1,6,1,1,1,35
E:\anas\uni\semester 7\fyp\fyp work\transformer_health_index\data\raw\images\2300.jpg,3,3,3,1,6,1,6,1,1,6,1,1,1,34
E:\anas\uni\semester 7\fyp\fyp work\transformer_health_index\data\raw\images\1321.jpg,5,1,5,5,5,5,5,3,3,5,5,2,3,27
E:\anas\uni\semester 7\fyp\fyp work\transformer_health_index\data\raw\images\4334.jpg,5,1,0,5,5,5,2,1,2,0,3,5,4,15
E:\anas\uni\semester 7\fyp\fyp work\transformer_health_index\data\raw\images\109.jpg,6,3,3,3,3,3,3,3,3,4,2,6,6,48
E:\anas\uni\semester 7\fyp\fyp work\transformer_health_index\data\raw\images\427.jpg,1,1,1,1,3,5,3,1,1,1,1,1,6,26
E:\anas\uni\semester 7\fyp\fyp work\transformer_health_index\data\raw\images\2832.jpg,3,1,1,6,6,1,6,1,1,6,1,1,1,35
E:\anas\uni\semester 7\fyp\fyp work\transformer_health_index\data\raw\images\4450.jpg,1,0,4,1,1,1,4,1,2,0,2,2,0,21
E:\anas\uni\semester 7\fyp\fyp work\transformer_health_index\data\raw\images\3810.jpg,1,3,3,3,3,5,3,1,3,1,1,1,6,30
E:\anas\uni\semester 7\fyp\fyp work\transformer_health_index\data\raw\images\3258.jpg,3,1,1,6,1,1,6,1,1,6,1,1,1,30
E:\anas\uni\semester 7\fyp\fyp work\transformer_health_index\data\raw\images\653.jpg,1,2,1,1,3,5,3,1,1,1,1,1,6,27
E:\anas\uni\semester 7\fyp\fyp work\transformer_health_index\data\raw\images\5043.jpg,2,5,5,5,0,4,2,2,0,5,3,0,1,21
E:\anas\uni\semester 7\fyp\fyp work\transformer_health_index\data\raw\images\4148.jpg,1,2,2,2,4,4,2,3,3,5,2,1,5,39
E:\anas\uni\semester 7\fyp\fyp work\transformer_health_index\data\raw\images\813.jpg,4,0,5,4,2,5,0,0,5,3,3,3,5,53
E:\anas\uni\semester 7\fyp\fyp work\transformer_health_index\data\raw\images\3271.jpg,3,1,1,6,1,1,6,1,1,6,1,1,1,30
E:\anas\uni\semester 7\fyp\fyp work\transformer_health_index\data\raw\images\2544.jpg,3,1,1,6,6,1,3,1,1,6,1,1,1,32
E:\anas\uni\semester 7\fyp\fyp work\transformer_health_index\data\raw\images\5186.jpg,3,0,3,2,0,5,2,3,0,0,2,2,1,42
E:\anas\uni\semester 7\fyp\fyp work\transformer_health_index\data\raw\images\1127.jpg,5,4,1,2,3,2,5,5,1,4,2,0,5,56
E:\anas\uni\semester 7\fyp\fyp work\transformer_health_index\data\raw\images\2162.jpg,3,1,1,6,1,1,3,1,1,6,1,1,1,27
E:\anas\uni\semester 7\fyp\fyp work\transformer_health_index\data\raw\images\4545.jpg,5,4,4,1,1,1,0,2,4,5,5,5,4,11
E:\anas\uni\semester 7\fyp\fyp work\transformer_health_index\data\raw\images\1504.jpg,3,0,3,2,4,1,0,4,5,5,1,1,3,55
E:\anas\uni\semester 7\fyp\fyp work\transformer_health_index\data\raw\images\2868.jpg,3,1,1,6,6,1,6,1,1,6,1,1,1,35
E:\anas\uni\semester 7\fyp\fyp work\transformer_health_index\data\raw\images\1813.jpg,1,1,1,1,1,1,1,1,1,1,1,1,1,13
E:\anas\uni\semester 7\fyp\fyp work\transformer_health_index\data\raw\images\3136.jpg,3,1,1,1,1,1,6,1,1,6,1,1,1,25
E:\anas\uni\semester 7\fyp\fyp work\transformer_health_index\data\raw\images\4328.jpg,5,1,0,5,5,5,2,1,2,0,3,5,4,15
E:\anas\uni\semester 7\fyp\fyp work\transformer_health_index\data\raw\images\4596.jpg,4,4,5,0,1,1,1,0,5,0,5,2,1,22
E:\anas\uni\semester 7\fyp\fyp work\transformer_health_index\data\raw\images\554.jpg,1,1,1,1,3,5,3,1,1,1,1,1,6,26
E:\anas\uni\semester 7\fyp\fyp work\transformer_health_index\data\raw\images\4736.jpg,1,2,0,0,2,1,0,3,5,1,0,3,2,23
E:\anas\uni\semester 7\fyp\fyp work\transformer_health_index\data\raw\images\60.jpg,4,1,1,1,3,3,3,1,1,4,2,4,1,29
E:\anas\uni\semester 7\fyp\fyp work\transformer_health_index\data\raw\images\504.jpg,1,2,1,1,3,3,3,1,1,1,1,1,3,22
E:\anas\uni\semester 7\fyp\fyp work\transformer_health_index\data\raw\images\4626.jpg,3,5,5,5,2,3,5,2,2,5,3,5,5,52
E:\anas\uni\semester 7\fyp\fyp work\transformer_health_index\data\raw\images\4710.jpg,1,1,1,3,5,5,3,0,4,1,2,5,1,13
E:\anas\uni\semester 7\fyp\fyp work\transformer_health_index\data\raw\images\3177.jpg,3,1,1,1,1,1,6,1,1,6,1,1,1,25
E:\anas\uni\semester 7\fyp\fyp work\transformer_health_index\data\raw\images\2541.jpg,3,1,1,1,1,1,3,1,1,6,1,1,1,22
E:\anas\uni\semester 7\fyp\fyp work\transformer_health_index\data\raw\images\1757.jpg,1,1,1,1,1,1,1,1,1,1,1,1,1,13
E:\anas\uni\semester 7\fyp\fyp work\transformer_health_index\data\raw\images\2200.jpg,3,1,1,6,1,1,6,1,1,6,1,1,1,30
E:\anas\uni\semester 7\fyp\fyp work\transformer_health_index\data\raw\images\1034.jpg,4,0,3,4,3,4,5,0,0,0,3,5,5,43
E:\anas\uni\semester 7\fyp\fyp work\transformer_health_index\data\raw\images\2277.jpg,3,3,3,1,6,1,1,1,1,6,1,1,1,29
E:\anas\uni\semester 7\fyp\fyp work\transformer_health_index\data\raw\images\3802.jpg,1,3,3,3,3,5,3,1,3,1,1,1,6,30
E:\anas\uni\semester 7\fyp\fyp work\transformer_health_index\data\raw\images\4299.jpg,5,4,2,2,2,5,3,3,0,3,5,4,5,16
E:\anas\uni\semester 7\fyp\fyp work\transformer_health_index\data\raw\images\900.jpg,2,1,0,4,0,5,1,1,2,1,2,5,4,30
E:\anas\uni\semester 7\fyp\fyp work\transformer_health_index\data\raw\images\4685.jpg,2,2,3,1,4,0,4,0,1,0,1,3,3,43
E:\anas\uni\semester 7\fyp\fyp work\transformer_health_index\data\raw\images\571.jpg,1,1,1,1,3,5,3,1,1,1,1,1,6,26
E:\anas\uni\semester 7\fyp\fyp work\transformer_health_index\data\raw\images\2411.jpg,1,1,1,1,1,1,1,1,1,1,1,1,1,13
E:\anas\uni\semester 7\fyp\fyp work\transformer_health_index\data\raw\images\327.jpg,1,1,3,3,3,5,3,1,3,1,1,1,6,28
E:\anas\uni\semester 7\fyp\fyp work\transformer_health_index\data\raw\images\2861.jpg,3,1,1,6,6,1,6,1,1,6,1,1,1,35
E:\anas\uni\semester 7\fyp\fyp work\transformer_health_index\data\raw\images\1771.jpg,1,1,1,1,1,1,1,1,1,1,1,1,1,13
E:\anas\uni\semester 7\fyp\fyp work\transformer_health_index\data\raw\images\991.jpg,2,3,3,2,4,3,0,3,0,2,1,4,2,13
E:\anas\uni\semester 7\fyp\fyp work\transformer_health_index\data\raw\images\1136.jpg,1,3,3,2,1,1,0,3,3,3,3,1,5,18
E:\anas\uni\semester 7\fyp\fyp work\transformer_health_index\data\raw\images\4166.jpg,3,0,0,5,2,0,4,1,2,4,5,2,1,34
E:\anas\uni\semester 7\fyp\fyp work\transformer_health_index\data\raw\images\259.jpg,1,1,3,3,3,5,3,1,3,1,1,1,6,28
E:\anas\uni\semester 7\fyp\fyp work\transformer_health_index\data\raw\images\1477.jpg,1,2,0,3,0,5,5,1,4,1,0,4,3,51
E:\anas\uni\semester 7\fyp\fyp work\transformer_health_index\data\raw\images\4366.jpg,3,0,1,3,5,0,5,0,3,2,2,4,5,10
E:\anas\uni\semester 7\fyp\fyp work\transformer_health_index\data\raw\images\3785.jpg,1,2,1,1,3,3,3,1,1,1,1,1,3,22
E:\anas\uni\semester 7\fyp\fyp work\transformer_health_index\data\raw\images\30.jpg,1,1,3,3,3,5,3,1,3,3,2,6,6,28
E:\anas\uni\semester 7\fyp\fyp work\transformer_health_index\data\raw\images\4277.jpg,3,3,1,4,3,2,2,2,5,2,4,5,5,28
E:\anas\uni\semester 7\fyp\fyp work\transformer_health_index\data\raw\images\1887.jpg,3,1,1,6,6,1,3,1,1,6,1,1,1,32
E:\anas\uni\semester 7\fyp\fyp work\transformer_health_index\data\raw\images\1751.jpg,1,1,1,1,1,1,1,1,1,1,1,1,1,13
E:\anas\uni\semester 7\fyp\fyp work\transformer_health_index\data\raw\images\1337.jpg,1,4,3,3,2,5,4,4,4,2,3,0,5,26
E:\anas\uni\semester 7\fyp\fyp work\transformer_health_index\data\raw\images\2633.jpg,3,1,1,6,6,1,3,1,1,6,1,1,1,32
E:\anas\uni\semester 7\fyp\fyp work\transformer_health_index\data\raw\images\5090.jpg,2,5,1,5,5,5,0,4,3,1,1,1,1,36
E:\anas\uni\semester 7\fyp\fyp work\transformer_health_index\data\raw\images\1673.jpg,3,3,3,6,1,1,3,1,1,6,1,1,1,31
E:\anas\uni\semester 7\fyp\fyp work\transformer_health_index\data\raw\images\2738.jpg,3,1,1,6,6,1,6,1,1,6,1,1,1,35
E:\anas\uni\semester 7\fyp\fyp work\transformer_health_index\data\raw\images\4327.jpg,5,1,0,5,5,5,2,1,2,0,3,5,4,15
E:\anas\uni\semester 7\fyp\fyp work\transformer_health_index\data\raw\images\1124.jpg,5,4,1,2,3,2,5,5,1,4,2,0,5,56
E:\anas\uni\semester 7\fyp\fyp work\transformer_health_index\data\raw\images\3206.jpg,3,1,1,6,6,1,6,1,1,6,1,1,1,35
E:\anas\uni\semester 7\fyp\fyp work\transformer_health_index\data\raw\images\1272.jpg,4,0,5,2,3,3,0,4,4,3,4,2,3,45
E:\anas\uni\semester 7\fyp\fyp work\transformer_health_index\data\raw\images\4768.jpg,0,3,3,3,2,0,0,2,2,1,5,2,1,42
E:\anas\uni\semester 7\fyp\fyp work\transformer_health_index\data\raw\images\4244.jpg,4,4,3,0,3,5,5,3,3,3,1,2,3,17
E:\anas\uni\semester 7\fyp\fyp work\transformer_health_index\data\raw\images\2424.jpg,3,1,1,6,1,1,3,1,1,6,1,1,1,27
E:\anas\uni\semester 7\fyp\fyp work\transformer_health_index\data\raw\images\1652.jpg,3,3,3,6,1,1,3,1,1,6,1,1,1,31
E:\anas\uni\semester 7\fyp\fyp work\transformer_health_index\data\raw\images\954.jpg,0,2,3,0,2,0,5,4,2,0,3,3,1,52
E:\anas\uni\semester 7\fyp\fyp work\transformer_health_index\data\raw\images\4035.jpg,5,0,4,2,2,2,3,2,2,3,2,4,3,23
E:\anas\uni\semester 7\fyp\fyp work\transformer_health_index\data\raw\images\2414.jpg,1,1,1,1,1,1,1,1,1,1,1,1,1,13
E:\anas\uni\semester 7\fyp\fyp work\transformer_health_index\data\raw\images\5069.jpg,2,2,2,4,0,1,5,5,3,0,1,4,4,40
E:\anas\uni\semester 7\fyp\fyp work\transformer_health_index\data\raw\images\1377.jpg,1,1,3,2,3,5,2,2,5,2,4,1,1,37
E:\anas\uni\semester 7\fyp\fyp work\transformer_health_index\data\raw\images\4296.jpg,5,4,2,2,2,5,3,3,0,3,5,4,5,16
E:\anas\uni\semester 7\fyp\fyp work\transformer_health_index\data\raw\images\276.jpg,4,3,3,3,3,3,3,3,3,4,2,4,6,44
E:\anas\uni\semester 7\fyp\fyp work\transformer_health_index\data\raw\images\2890.jpg,3,1,1,6,6,1,6,1,1,6,1,1,1,35
E:\anas\uni\semester 7\fyp\fyp work\transformer_health_index\data\raw\images\1404.jpg,4,4,1,5,1,2,2,5,1,3,0,1,1,59
E:\anas\uni\semester 7\fyp\fyp work\transformer_health_index\data\raw\images\2697.jpg,3,1,1,6,6,1,6,1,1,6,1,1,1,35
E:\anas\uni\semester 7\fyp\fyp work\transformer_health_index\data\raw\images\2547.jpg,3,1,1,6,6,1,3,1,1,6,1,1,1,32
E:\anas\uni\semester 7\fyp\fyp work\transformer_health_index\data\raw\images\5072.jpg,2,2,2,4,0,1,5,5,3,0,1,4,4,40
E:\anas\uni\semester 7\fyp\fyp work\transformer_health_index\data\raw\images\4902.jpg,4,2,4,2,3,5,4,4,0,3,0,3,5,55
E:\anas\uni\semester 7\fyp\fyp work\transformer_health_index\data\raw\images\3408.jpg,3,1,1,1,1,1,6,1,1,6,1,1,1,25
E:\anas\uni\semester 7\fyp\fyp work\transformer_health_index\data\raw\images\4588.jpg,4,4,5,0,1,1,1,0,5,0,5,2,1,22
E:\anas\uni\semester 7\fyp\fyp work\transformer_health_index\data\raw\images\4741.jpg,1,2,0,0,2,1,0,3,5,1,0,3,2,23
E:\anas\uni\semester 7\fyp\fyp work\transformer_health_index\data\raw\images\1585.jpg,2,0,5,3,2,1,5,5,5,2,3,4,2,38
E:\anas\uni\semester 7\fyp\fyp work\transformer_health_index\data\raw\images\2993.jpg,1,1,1,1,1,1,1,1,1,6,1,1,1,18
E:\anas\uni\semester 7\fyp\fyp work\transformer_health_index\data\raw\images\291.jpg,4,3,3,3,3,3,3,3,3,4,2,4,6,44
E:\anas\uni\semester 7\fyp\fyp work\transformer_health_index\data\raw\images\2440.jpg,3,3,3,1,6,1,3,1,1,6,1,1,1,31
E:\anas\uni\semester 7\fyp\fyp work\transformer_health_index\data\raw\images\3025.jpg,3,1,1,3,1,1,6,1,1,6,1,1,1,27
E:\anas\uni\semester 7\fyp\fyp work\transformer_health_index\data\raw\images\3137.jpg,3,1,1,1,1,1,6,1,1,6,1,1,1,25
E:\anas\uni\semester 7\fyp\fyp work\transformer_health_index\data\raw\images\2893.jpg,3,1,1,6,6,1,6,1,1,6,1,1,1,35
E:\anas\uni\semester 7\fyp\fyp work\transformer_health_index\data\raw\images\4337.jpg,5,1,0,5,5,5,2,1,2,0,3,5,4,15
E:\anas\uni\semester 7\fyp\fyp work\transformer_health_index\data\raw\images\3813.jpg,1,3,3,3,3,5,3,1,3,1,1,1,6,30
E:\anas\uni\semester 7\fyp\fyp work\transformer_health_index\data\raw\images\708.jpg,1,2,3,3,3,5,3,1,3,1,1,1,6,33
E:\anas\uni\semester 7\fyp\fyp work\transformer_health_index\data\raw\images\2673.jpg,3,1,1,6,6,1,6,1,1,6,1,1,1,35
E:\anas\uni\semester 7\fyp\fyp work\transformer_health_index\data\raw\images\3654.jpg,3,1,1,1,1,1,3,1,1,6,1,1,1,22
E:\anas\uni\semester 7\fyp\fyp work\transformer_health_index\data\raw\images\3053.jpg,3,1,1,1,1,1,6,1,1,6,1,1,1,25
E:\anas\uni\semester 7\fyp\fyp work\transformer_health_index\data\raw\images\3947.jpg,1,2,3,5,1,5,1,2,1,0,1,3,1,58
E:\anas\uni\semester 7\fyp\fyp work\transformer_health_index\data\raw\images\1150.jpg,1,3,3,2,1,1,0,3,3,3,3,1,5,18
E:\anas\uni\semester 7\fyp\fyp work\transformer_health_index\data\raw\images\2014.jpg,3,1,1,6,1,1,3,1,1,6,1,1,1,27
E:\anas\uni\semester 7\fyp\fyp work\transformer_health_index\data\raw\images\3298.jpg,3,1,1,1,1,1,6,1,1,6,1,1,1,25
E:\anas\uni\semester 7\fyp\fyp work\transformer_health_index\data\raw\images\3132.jpg,3,1,1,1,1,1,6,1,1,6,1,1,1,25
E:\anas\uni\semester 7\fyp\fyp work\transformer_health_index\data\raw\images\5119.jpg,3,1,1,0,5,1,4,3,2,5,0,0,0,46
E:\anas\uni\semester 7\fyp\fyp work\transformer_health_index\data\raw\images\1619.jpg,3,3,3,6,1,1,3,1,1,6,1,1,1,31
E:\anas\uni\semester 7\fyp\fyp work\transformer_health_index\data\raw\images\3615.jpg,3,1,1,1,1,1,3,1,1,6,1,1,1,22
E:\anas\uni\semester 7\fyp\fyp work\transformer_health_index\data\raw\images\1806.jpg,1,1,1,1,1,1,1,1,1,1,1,1,1,13
E:\anas\uni\semester 7\fyp\fyp work\transformer_health_index\data\raw\images\2577.jpg,1,1,1,1,1,1,1,1,1,6,1,1,1,18
E:\anas\uni\semester 7\fyp\fyp work\transformer_health_index\data\raw\images\1083.jpg,0,3,0,2,1,0,3,5,4,5,1,2,1,24
E:\anas\uni\semester 7\fyp\fyp work\transformer_health_index\data\raw\images\4961.jpg,4,0,1,2,3,3,0,5,3,0,3,1,5,54
E:\anas\uni\semester 7\fyp\fyp work\transformer_health_index\data\raw\images\285.jpg,4,3,3,3,3,3,3,3,3,4,2,4,6,44
E:\anas\uni\semester 7\fyp\fyp work\transformer_health_index\data\raw\images\4726.jpg,1,2,0,0,2,1,0,3,5,1,0,3,2,23
E:\anas\uni\semester 7\fyp\fyp work\transformer_health_index\data\raw\images\3105.jpg,3,1,1,1,1,1,6,1,1,6,1,1,1,25
E:\anas\uni\semester 7\fyp\fyp work\transformer_health_index\data\raw\images\2291.jpg,3,3,3,1,6,1,6,1,1,6,1,1,1,34
E:\anas\uni\semester 7\fyp\fyp work\transformer_health_index\data\raw\images\322.jpg,1,1,3,3,3,5,3,1,3,1,1,1,6,28
E:\anas\uni\semester 7\fyp\fyp work\transformer_health_index\data\raw\images\1752.jpg,1,1,1,1,1,1,1,1,1,1,1,1,1,13
E:\anas\uni\semester 7\fyp\fyp work\transformer_health_index\data\raw\images\856.jpg,4,4,3,2,4,0,4,5,1,5,5,2,5,42
E:\anas\uni\semester 7\fyp\fyp work\transformer_health_index\data\raw\images\1388.jpg,4,4,1,5,1,2,2,5,1,3,0,1,1,59
E:\anas\uni\semester 7\fyp\fyp work\transformer_health_index\data\raw\images\1364.jpg,5,0,5,1,0,1,4,1,0,0,2,2,3,34
E:\anas\uni\semester 7\fyp\fyp work\transformer_health_index\data\raw\images\2164.jpg,3,3,1,3,6,1,3,1,1,6,1,1,1,31
E:\anas\uni\semester 7\fyp\fyp work\transformer_health_index\data\raw\images\4960.jpg,4,0,1,2,3,3,0,5,3,0,3,1,5,54
E:\anas\uni\semester 7\fyp\fyp work\transformer_health_index\data\raw\images\2222.jpg,3,1,1,3,1,1,3,1,1,6,1,1,1,24
E:\anas\uni\semester 7\fyp\fyp work\transformer_health_index\data\raw\images\3952.jpg,4,1,2,1,2,5,3,3,4,5,1,4,0,48
E:\anas\uni\semester 7\fyp\fyp work\transformer_health_index\data\raw\images\4467.jpg,0,4,5,2,0,3,2,2,2,2,2,1,5,25
E:\anas\uni\semester 7\fyp\fyp work\transformer_health_index\data\raw\images\2657.jpg,3,1,1,6,6,1,6,1,1,6,1,1,1,35
E:\anas\uni\semester 7\fyp\fyp work\transformer_health_index\data\raw\images\2735.jpg,3,1,1,6,6,1,6,1,1,6,1,1,1,35
E:\anas\uni\semester 7\fyp\fyp work\transformer_health_index\data\raw\images\1435.jpg,1,0,4,1,1,0,4,0,5,3,2,0,4,32
E:\anas\uni\semester 7\fyp\fyp work\transformer_health_index\data\raw\images\367.jpg,1,1,3,3,3,5,3,1,3,1,1,1,6,33
E:\anas\uni\semester 7\fyp\fyp work\transformer_health_index\data\raw\images\1870.jpg,3,1,1,6,6,1,3,1,1,6,1,1,1,32
E:\anas\uni\semester 7\fyp\fyp work\transformer_health_index\data\raw\images\5102.jpg,2,5,1,5,5,5,0,4,3,1,1,1,1,36
E:\anas\uni\semester 7\fyp\fyp work\transformer_health_index\data\raw\images\2371.jpg,3,3,3,6,6,1,6,1,1,6,1,1,1,39
E:\anas\uni\semester 7\fyp\fyp work\transformer_health_index\data\raw\images\4232.jpg,5,3,2,2,3,1,4,1,5,0,3,5,5,33
E:\anas\uni\semester 7\fyp\fyp work\transformer_health_index\data\raw\images\1151.jpg,1,3,3,2,1,1,0,3,3,3,3,1,5,18
E:\anas\uni\semester 7\fyp\fyp work\transformer_health_index\data\raw\images\3930.jpg,1,2,3,5,1,5,1,2,1,0,1,3,1,58
E:\anas\uni\semester 7\fyp\fyp work\transformer_health_index\data\raw\images\176.jpg,4,1,1,1,3,3,3,1,1,4,2,4,6,35
E:\anas\uni\semester 7\fyp\fyp work\transformer_health_index\data\raw\images\2928.jpg,3,3,3,1,6,1,3,1,1,6,1,1,1,31
